message_id,raw_text,source
KG_00001,Our Deeds are the Reason of this  # earthquake May ALLAH Forgive us all,kaggle_nlp_disaster_tweets
KG_00004,Forest fire near La Ronge Sask .  Canada,kaggle_nlp_disaster_tweets
KG_00005,All residents asked to  ' shelter in place '  are being notified by officers .  No other evacuation or shelter in place orders are expected,kaggle_nlp_disaster_tweets
KG_00006,"13,000 people receive  # wildfires evacuation orders in California",kaggle_nlp_disaster_tweets
KG_00007,Just got sent this photo from Ruby  # Alaska as smoke from  # wildfires pours into a school,kaggle_nlp_disaster_tweets
KG_00008,# Rocky Fire Update  =  >  California Hwy .  20 closed in both directions due to Lake County fire  -   # CAfire  # wildfires,kaggle_nlp_disaster_tweets
KG_00010,"# flood  # disaster Heavy rain causes flash flooding of streets in Manitou, Colorado Springs areas",kaggle_nlp_disaster_tweets
KG_00013,I am on top of the hill and I can see a fire in the woods .,kaggle_nlp_disaster_tweets
KG_00014,There is an emergency evacuation happening now in the building across the street,kaggle_nlp_disaster_tweets
KG_00015,I am afraid that the tornado is coming to our area .,kaggle_nlp_disaster_tweets
KG_00016,Three people died from the heat wave so far,kaggle_nlp_disaster_tweets
KG_00017,Haha South Tampa is getting flooded hah -  WAIT A SECOND I LIVE IN SOUTH TAMPA WHAT AM I GONNA DO WHAT AM I GONNA DO FVCK  # flooding,kaggle_nlp_disaster_tweets
KG_00018,# raining  # flooding  # Florida  # TampaBay  # Tampa 18 or 19 days .  I have lost count,kaggle_nlp_disaster_tweets
KG_00019,# Flood in Bago Myanmar  # We arrived Bago,kaggle_nlp_disaster_tweets
KG_00020,Damage to school bus on 80 in multi car crash  # BREAKING,kaggle_nlp_disaster_tweets
KG_00048,@ bbcmtd Wholesale Markets ablaze,kaggle_nlp_disaster_tweets
KG_00050,# AFRICANBAZE :  Breaking news : Nigeria flag set ablaze in Aba .,kaggle_nlp_disaster_tweets
KG_00055,INEC Office in Abia Set Ablaze  -,kaggle_nlp_disaster_tweets
KG_00056,Barbados  # Bridgetown JAMAICA  Two cars set ablaze :  SANTA CRUZ  Head of the St Elizabeth Police Superintende .,kaggle_nlp_disaster_tweets
KG_00066,How the West was burned :  Thousands of wildfires ablaze in California alone,kaggle_nlp_disaster_tweets
KG_00073,Deputies :  Man shot before Brighton home set ablaze,kaggle_nlp_disaster_tweets
KG_00074,Man wife get six years jail for setting ablaze niece,kaggle_nlp_disaster_tweets
KG_00077,Police :  Arsonist Deliberately Set Black Church In North CarolinaAblaze,kaggle_nlp_disaster_tweets
KG_00079,# Kurds trampling on Turkmen flag later set it ablaze while others vandalized offices of Turkmen Front in  # Diyala,kaggle_nlp_disaster_tweets
KG_00080,TRUCK ABLAZE  :  R21 .  VOORTREKKER AVE .  OUTSIDE OR TAMBO INTL .  CARGO SECTION .,kaggle_nlp_disaster_tweets
KG_00083,How the West was burned :  Thousands of wildfires ablaze in  # California alone   # climate  # energy,kaggle_nlp_disaster_tweets
KG_00091,@ Navista7 Steve these fires out here are something else !  California is a tinderbox  -  and this clown was setting my  ' hood ablaze  @ News24680,kaggle_nlp_disaster_tweets
KG_00093,@ nxwestmidlands huge fire at Wholesale markets ablaze,kaggle_nlp_disaster_tweets
KG_00097,Accident on I - 24 W  # NashvilleTraffic .  Traffic moving 8m slower than usual .,kaggle_nlp_disaster_tweets
KG_00098,Accident center lane blocked in  # SantaClara on US - 101 NB before Great America Pkwy  # BayArea  # Traffic,kaggle_nlp_disaster_tweets
KG_00104,Reported motor vehicle accident in Curry on Herman Rd near Stephenson involving an overturned vehicle .  Please use .,kaggle_nlp_disaster_tweets
KG_00105,BigRigRadio Live Accident Awareness,kaggle_nlp_disaster_tweets
KG_00107,I - 77 Mile Marker 31 South Mooresville  Iredell Vehicle Accident Ramp Closed at 8 / 6 1 : 18 PM,kaggle_nlp_disaster_tweets
KG_00112,Traffic accident N CABRILLO HWY / MAGELLAN AV MIR  ( 08 / 06 / 15 11 : 03 : 58 ),kaggle_nlp_disaster_tweets
KG_00113,I - 77 Mile Marker 31 to 40 South Mooresville  Iredell Vehicle Accident Congestion at 8 / 6 1 : 18 PM,kaggle_nlp_disaster_tweets
KG_00114,the pastor was not in the scene of the accident . who was the owner of the range rover  ?,kaggle_nlp_disaster_tweets
KG_00118,I was in a horrible car accident this past Sunday .  I am finally able to get around .  Thank you GOD ?,kaggle_nlp_disaster_tweets
KG_00120,# TruckCrash Overturns On  # FortWorth Interstate  Click here if you have been in a crash >,kaggle_nlp_disaster_tweets
KG_00121,Accident in  # Ashville on US 23 SB before SR 752  # traffic,kaggle_nlp_disaster_tweets
KG_00126,Carolina accident :  Motorcyclist Dies in I - 540 Crash With Car That Crossed Median :  A motorcycle rider traveling .,kaggle_nlp_disaster_tweets
KG_00128,FYI CAD : FYI :   ; ACCIDENT PROPERTY DAMAGE ; NHS ; 999 Piner RD / Horndale DR,kaggle_nlp_disaster_tweets
KG_00129,RT nAAYf :  First accident in years .  Turning onto Chandanee Magu from near MMA .  Taxi rammed into me while I was halfway turned .  Everyone conf,kaggle_nlp_disaster_tweets
KG_00130,Accident left lane blocked in  # Manchester on Rt 293 NB before Eddy Rd stop and go traffic back to NH - 3A delay of 4 mins  # traffic,kaggle_nlp_disaster_tweets
KG_00131,; ACCIDENT PROPERTY DAMAGE ;  Piner RD / Horndale DR,kaggle_nlp_disaster_tweets
KG_00133,FYI CAD : FYI :   ; ACCIDENT PROPERTY DAMAGE ; WPD ; 1600 S 17TH ST,kaggle_nlp_disaster_tweets
KG_00134,2015 - 08 - 06 @ 2 : 09 PM :  TRAFFIC ACCIDENT NO INJURY at 2781 WILLIS FOREMAN RD,kaggle_nlp_disaster_tweets
KG_00135,Aashiqui Actress Anu Aggarwal On Her Near - Fatal Accident,kaggle_nlp_disaster_tweets
KG_00136,Suffield Alberta Accident,kaggle_nlp_disaster_tweets
KG_00137,9 Mile backup on I - 77 South . accident blocking the Right 2 Lanes at Exit 31 Langtree Rd . consider NC 115 or NC 150 to NC 16 as alternate,kaggle_nlp_disaster_tweets
KG_00139,# BREAKING :  there was a deadly motorcycle car accident that happened to  # Hagerstown today .  I will have more details at 5  @ Your4State .   # WHAG,kaggle_nlp_disaster_tweets
KG_00143,only had a car for not even a week and got in a fucking car accident  .  Mfs cannot fucking drive  .,kaggle_nlp_disaster_tweets
KG_00144,.  @ NorwayMFA  # Bahrain police had previously died in a road accident they were not killed by explosion,kaggle_nlp_disaster_tweets
KG_00196,Experts in France begin examining airplane debris found on Reunion Island :  French air accident experts o .    # news,kaggle_nlp_disaster_tweets
KG_00197,Strict liability in the context of an airplane accident :  Pilot error is a common component of most aviation cr .,kaggle_nlp_disaster_tweets
KG_00199,Experts in France begin examining airplane debris found on Reunion Island :  French air accident experts on Wedn .,kaggle_nlp_disaster_tweets
KG_00201,@ AlexAllTimeLow awwww they are on an airplane accident and they are gonna die what a cuties  ?  good job !,kaggle_nlp_disaster_tweets
KG_00203,family members of osama bin laden have died in an airplane accident how ironic  ?  mhmmm gov shit i suspect,kaggle_nlp_disaster_tweets
KG_00204,Man Goes into Airplane Engine Accident :   via  @ YouTube,kaggle_nlp_disaster_tweets
KG_00205,Horrible Accident  Man Died In Wings of Airplane  ( 29 - 07 - 2015 ),kaggle_nlp_disaster_tweets
KG_00208,A Cessna airplane accident in Ocampo Coahuila Mexico on July 29 2015 killed four men including a State of Coahuila government official .,kaggle_nlp_disaster_tweets
KG_00209,# Horrible  # Accident Man Died In Wings Airplane  ( 29 - 07 - 2015 )   # WatchTheVideo,kaggle_nlp_disaster_tweets
KG_00210,Experts in France begin examining airplane debris found on Reunion Island  French air accident experts on Wednesday,kaggle_nlp_disaster_tweets
KG_00211,Experts in France begin examining airplane debris found on Reunion Island :  French air accident experts on Wednesday began examining t .,kaggle_nlp_disaster_tweets
KG_00212,# KCA  # VoteJKT48ID mbataweel :   # RIP  # BINLADEN Family members who killed in an airplane ' s accident,kaggle_nlp_disaster_tweets
KG_00216,Experts in France begin examining airplane debris found on Reunion Island :  French air accident experts on .    # MLB,kaggle_nlp_disaster_tweets
KG_00218,"This is unbelievably insane . 
 # man  # airport  # airplane  # aircraft  # aeroplane  # runway  # accident  # freaky",kaggle_nlp_disaster_tweets
KG_00219,Horrible Accident  |   Man Died In Wings of Airplane ( 29 - 07 - 2015 ),kaggle_nlp_disaster_tweets
KG_00220,Horrible Accident Man Died In Wings of Airplane  ( 29 - 07 - 2015 ),kaggle_nlp_disaster_tweets
KG_00221,Usama bin Ladins family dead in airplane crash .  Naturally no accident .,kaggle_nlp_disaster_tweets
KG_00222,Pilot Dies In Plane Crash At Car Festival  via  @ YouTube  # Crash  # Aircraft  # Airplane  # Pilot  # Death  # Accident  # CarFest,kaggle_nlp_disaster_tweets
KG_00225,Strict liability in the context of an airplane accident  -,kaggle_nlp_disaster_tweets
KG_00226,DTN Brazil :  Experts in France begin examining airplane debris found on Reunion Island :  French air accident exp .,kaggle_nlp_disaster_tweets
KG_00231,Horrible Accident Man Died In Wings Of Airplane 29 - 07 - 2015 .  WTF You Cant Believe Your EYES  .,kaggle_nlp_disaster_tweets
KG_00232,"+  Nicole Fletcher one of a victim of crashed airplane few times ago .  

The accident left a little bit trauma for her .  Although she is 

 +",kaggle_nlp_disaster_tweets
KG_00235,OMG Horrible Accident Man Died in Wings of Airplane .,kaggle_nlp_disaster_tweets
KG_00237,"# OMG !  I do not believe this .   # RIP bro
 # AirPlane  # Accident  # JetEngine  # TurboJet  # Boing  # G90",kaggle_nlp_disaster_tweets
KG_00240,I had a airplane accident .,kaggle_nlp_disaster_tweets
KG_00243,airplane crashes on house in Colombia 12 people die in accident,kaggle_nlp_disaster_tweets
KG_00244,The shooting or the airplane accident,kaggle_nlp_disaster_tweets
KG_00245,Could a drone cause an airplane accident ?  Pilots worried about use of drones esp .  in close vicinity of airports   #,kaggle_nlp_disaster_tweets
KG_00246,Early wake up call from my sister begging me to come over  &  ride withher in the ambulance to the hospital  # RODKiai,kaggle_nlp_disaster_tweets
KG_00247,Twelve feared killed in Pakistani air ambulance helicopter crash,kaggle_nlp_disaster_tweets
KG_00248,Two air ambulances on scene of serious crash between two cars and lorry in  .   -     |   # EMSNe,kaggle_nlp_disaster_tweets
KG_00249,Twelve feared killed in Pakistani air ambulance helicopter crash  -  Reuters   # yugvani,kaggle_nlp_disaster_tweets
KG_00252,Anyone travelling Aberystwyth - Shrewsbury right now there is been an incident .  Services at a halt just outside Shrews .  Ambulance on scene .,kaggle_nlp_disaster_tweets
KG_00258,@ 20skyhawkmm20  @ traplord_29  @ FREDOSANTANA300  @ LilReese300 it was hella crazy 3 fights an ambulance and a couple mosh pits  ?,kaggle_nlp_disaster_tweets
KG_00261,# news Twelve feared killed in Pakistani air ambulance helicopter crash   # until now  # DNA,kaggle_nlp_disaster_tweets
KG_00266,Pakistan air ambulance helicopter crash kills nine,kaggle_nlp_disaster_tweets
KG_00274,when you do not know which way an ambulance is coming from  <  <,kaggle_nlp_disaster_tweets
KG_00276,# reuters Twelve feared killed in Pakistani air ambulance helicopter crash,kaggle_nlp_disaster_tweets
KG_00287,Twelve feared killed in Pakistani air ambulance helicopter crash   # worldNews,kaggle_nlp_disaster_tweets
KG_00289,Twelve feared killed in Pakistani air ambulance helicopter crash   # worldnews,kaggle_nlp_disaster_tweets
KG_00302,Annihilated Abs  .   ?,kaggle_nlp_disaster_tweets
KG_00310,Cop pulls drunk driver to safety SECONDS before his car is hit by train .    via  @ Viral Spell,kaggle_nlp_disaster_tweets
KG_00318,@ violentfeminazi I guess that is ok for Armenians since we have spent most of our history getting annihilated,kaggle_nlp_disaster_tweets
KG_00320,70 years since we annihilated 100000 people instantly and became aware that we have the ability to annihilate the whole of humanity,kaggle_nlp_disaster_tweets
KG_00322,During the 1960s the oryx a symbol of the Arabian Peninsula were annihilated by hunters .,kaggle_nlp_disaster_tweets
KG_00328,Ready to get annihilated for the BUCS game,kaggle_nlp_disaster_tweets
KG_00329,@ PhilipDuncan  @ breakfastone People  ' annihilated by last nights weather '  .  Really Philip thought you would have forecast that .,kaggle_nlp_disaster_tweets
KG_00334,@ TomcatArts thus explaining why you were all annihilated .  But the few or in this case you the only survivor evolved and became godlike,kaggle_nlp_disaster_tweets
KG_00340,ANNIHILATED IN DAMASCUS :  SYRIAN ARMY GRINDS ALLOOSH AND HIS GANG INTO THE MANURE PILE,kaggle_nlp_disaster_tweets
KG_00346,@ rvfriedmann Hell is just a fraction of his belief of total annihilation destruction of USA  @ LodiSilverado  @ ritzy_jewels,kaggle_nlp_disaster_tweets
KG_00352,annihilating quarterstaff of annihilation,kaggle_nlp_disaster_tweets
KG_00354,: StarMade :   : Stardate 3 :   : Planetary Annihilation :   via  @ YouTube,kaggle_nlp_disaster_tweets
KG_00356,U . S National Park Services Tonto National Forest :  Stop the Annihilation of the Salt River Wild Horse .   via  @ Change,kaggle_nlp_disaster_tweets
KG_00364,@ CalFreedomMom  @ steph93065 not to mention a major contributor to the annihilation of Israel,kaggle_nlp_disaster_tweets
KG_00365,@ willienelson We need help !  Horses will die ! Please RT  &  sign petition ! Take a stand  &  be a voice for them !   # gilbert23,kaggle_nlp_disaster_tweets
KG_00381,Stop the Annihilation of the Salt River Wild Horses !   via  @ Change,kaggle_nlp_disaster_tweets
KG_00390,World Annihilation vs Self Transformation  Aliens Attack to Exterminate Humans,kaggle_nlp_disaster_tweets
KG_00397,ohH NO FUKURODANI DIDN ' T SURVIVE THE APOCALYPSE BOKUTO FEELS HORRIBLE  my poor boy my ppor child,kaggle_nlp_disaster_tweets
KG_00404,Another hour !  It is August 05 2015 at 08 : 02 PM Here is Red Rover Zombie Apocalypse 2014 !    # internetradio  # collegeradi,kaggle_nlp_disaster_tweets
KG_00410,I know it is a question of interpretation but this is a sign of the apocalypse .   I called it,kaggle_nlp_disaster_tweets
KG_00418,And so it begins .  day one of the snow apocalypse,kaggle_nlp_disaster_tweets
KG_00424,Dad bought a DVD that looks like a science doc on the front but I read the back and it is actually about the impending biblical apocalypse,kaggle_nlp_disaster_tweets
KG_00432,There is a Storm over Cairo in the latest  ' X - Men Apocalypse '  set photo  via  @ YahooTV,kaggle_nlp_disaster_tweets
KG_00440,The latest from  @ BryanSinger reveals  # Storm is a queen in  # Apocalypse  @ RuPaul  @ AlexShipppp,kaggle_nlp_disaster_tweets
KG_00442,Shadow boxing the apocalypse,kaggle_nlp_disaster_tweets
KG_00443,"Short Reading

Apocalypse 21 : 1023 

In the spirit the angel took me to the top of an enormous high mountain and .",kaggle_nlp_disaster_tweets
KG_00462,# PBBan  ( Temporary : 300 )  hyider_ghost2  @  ' armageddon  |  DO NOT KILL  |  FLAGS ONLY  |  Fast XP '  for Reason,kaggle_nlp_disaster_tweets
KG_00471,Vladimir Putin Issues Major Warning But Is It Too Late To Escape Armageddon ?,kaggle_nlp_disaster_tweets
KG_00478,@ Erker Again ?  Eep !  Thought of you yesterday when I saw that hella scary hail .   # armageddon ?,kaggle_nlp_disaster_tweets
KG_00490,Paul Craig Roberts  Vladimir Putin Issues Major Warning But Is It Too Late To Escape A   # brics  # roberts  # russia,kaggle_nlp_disaster_tweets
KG_00509,Salvation Army hosts rally to reconnect fathers with children :  The Salvation Army is hosting a back to school rally,kaggle_nlp_disaster_tweets
KG_00513,But if you build an army of 100 dogs and their leader is a lion all dogs will fight like a lion .,kaggle_nlp_disaster_tweets
KG_00516,One Direction Is my pick for  Fan Army  # Directioners  x1392,kaggle_nlp_disaster_tweets
KG_00519,VICTORINOX SWISS ARMY DATE WOMEN ' S RUBBER MOP WATCH 241487,kaggle_nlp_disaster_tweets
KG_00538,@ AP what a violent country get the army involved to help control the killings and bring back peace to the poor people .,kaggle_nlp_disaster_tweets
KG_00550,Spokane authorities say they are struggling to solve arson cases like today ' s on Hamilton .,kaggle_nlp_disaster_tweets
KG_00551,Thousands attend a rally organized by Peace Now protesting the arson attack that took the life of an,kaggle_nlp_disaster_tweets
KG_00556,Another fake hate crime Lesbians burn their own house down .  What else Is new  :,kaggle_nlp_disaster_tweets
KG_00558,Los Angeles Times :  Arson suspect linked to 30 fires caught in Northern  .   -    # News In Tweets,kaggle_nlp_disaster_tweets
KG_00559,Mourning notices for stabbing arson victims stir politics of grief in Israel,kaggle_nlp_disaster_tweets
KG_00565,Arson suspect linked to 30 fires caught in Northern California,kaggle_nlp_disaster_tweets
KG_00567,Trial Date Set for Man Charged with Arson Burglary,kaggle_nlp_disaster_tweets
KG_00568,"After death of Palestinian toddler in arson
attack Israel cracks down on Jewish",kaggle_nlp_disaster_tweets
KG_00569,Palestinian Teen Killed Amid Protests Against Arson Attack,kaggle_nlp_disaster_tweets
KG_00570,# Kisii Police in Kisii hunt for students over failed arson plot :  Police in Kisii hunt for students .    # CountyNews,kaggle_nlp_disaster_tweets
KG_00571,Mariah getting thick in the shoulders poor girl .,kaggle_nlp_disaster_tweets
KG_00575,RelaxInPR :  miprv :  RT latimes :  Arson suspect linked to 30 fires caught in Northern California,kaggle_nlp_disaster_tweets
KG_00576,Jewish leaders prayed at the hospital where a Palestinian family is being treated after arson  via  @ HuffPostRelig,kaggle_nlp_disaster_tweets
KG_00585,Owner of Chicago - Area Gay Bar Admits to Arson Scheme   # LGBT,kaggle_nlp_disaster_tweets
KG_00588,Arson suspect linked to 30 fires caught in Northern California   ( via  @ latimes ),kaggle_nlp_disaster_tweets
KG_00589,Tennessee lesbian couple faked hate crime and destroyed own home with arson   # Lesbian,kaggle_nlp_disaster_tweets
KG_00592,Arson suspect linked to 30 fires caught in Northern California  -  Los Angeles Times,kaggle_nlp_disaster_tweets
KG_00598,@ _301DC  @ Cloudy_goldrush i hate white people mo,kaggle_nlp_disaster_tweets
KG_00600,Alleged East Bay serial arsonist arrested,kaggle_nlp_disaster_tweets
KG_00604,Suspected serial arsonist arrested in Calif .,kaggle_nlp_disaster_tweets
KG_00614,# Arsonist arrested for setting many fires .  WATCH tonights other  # headlines :   .   # Nightbeat  @ VeronicaDLCruz  # 2MinuteMix,kaggle_nlp_disaster_tweets
KG_00630,Alleged East Bay serial arsonist arrested  # SanFrancisco  -,kaggle_nlp_disaster_tweets
KG_00635,Arsonist Sets NYC Vegetarian Restaurant on Fire :  Police  # NewYork  -,kaggle_nlp_disaster_tweets
KG_00644,Big Top Burning The True Story Of An Arsonist A Missing Girl   :    .,kaggle_nlp_disaster_tweets
KG_00646,Stay vigilent .  Civil liberties are under constant attack .   # nativehuman  # myreligion,kaggle_nlp_disaster_tweets
KG_00651,Nashville Theater Attack :  Will Gun Grabbers Now Demand Hatchet Control ?,kaggle_nlp_disaster_tweets
KG_00652,"BREAKING :  Terror Attack On
Police Post  # Udhampur",kaggle_nlp_disaster_tweets
KG_00654,it scares me that there is new versions of nuclear attack warnings like just knowing that governments still prepare for them,kaggle_nlp_disaster_tweets
KG_00655,ISIL claims suicide bombing at Saudi mosque that killed at least 15,kaggle_nlp_disaster_tweets
KG_00657,Horrific attack on wife by muslim in Italy  LiveLeak  # News,kaggle_nlp_disaster_tweets
KG_00658,93 blasts accused Yeda Yakub dies in Karachi of heart attack   # Mumbai,kaggle_nlp_disaster_tweets
KG_00659,@ etribune  US Drone attack kills 4 - suspected militants in North Waziristan  @ AceBreakingNews,kaggle_nlp_disaster_tweets
KG_00660,Suspect in latest theater attack had psychological issues,kaggle_nlp_disaster_tweets
KG_00661,Militants attack police post in Udhampur ;  2 SPOs injured  |  LiveMint   |    # AllTheNews,kaggle_nlp_disaster_tweets
KG_00662,BREAKING :  Obama Officials GAVE Muslim Terrorist the Weapon Used in Texas Attack,kaggle_nlp_disaster_tweets
KG_00664,Delhi Government to Provide Free Treatment to Acid Attack Victims in Private Hospitals,kaggle_nlp_disaster_tweets
KG_00665,New post from  @ darkreading  New SMB Relay Attack Steals User Credentials Over Internet,kaggle_nlp_disaster_tweets
KG_00667,Israeli forces raid home of alleged car attack suspect   # palestine,kaggle_nlp_disaster_tweets
KG_00674,# volleyball Attack II Volleyball Training Machine  -  Sets Simulation  -,kaggle_nlp_disaster_tweets
KG_00675,Notley ' s tactful yet very direct response to Harper ' s attack on Alberta ' s gov ' t .  Hell YEAH Premier !    # ableg  # cdnpoli,kaggle_nlp_disaster_tweets
KG_00677,Police :  Assailant in latest US movie theatre attack was homeless had psychological issues,kaggle_nlp_disaster_tweets
KG_00680,Suspect in latest US theatre attack had psychological issues,kaggle_nlp_disaster_tweets
KG_00681,India shud not give any evidence 2 pak . They will share with terrorists  &  use for next attack . Share with oth contries,kaggle_nlp_disaster_tweets
KG_00682,illegal alien released by Obama / DHS 4 times Charged With Rape  &  Murder of Santa Maria CA Woman Had Prior Offenses,kaggle_nlp_disaster_tweets
KG_00683,Strongly condemn attack on ARY news team in Karachi .  A cowardly act against those simply trying to do their job !,kaggle_nlp_disaster_tweets
KG_00685,The fact that the atomic bombs were called  ' Little Boy '  and  ' Fat man '  says a lot about the mentality that went into the attack .,kaggle_nlp_disaster_tweets
KG_00688,A Dayton - area org tells me it was hit by a cyber attack :,kaggle_nlp_disaster_tweets
KG_00690,[ infowars ]   Nashville Theater Attack :  Will Gun Grabbers Now Demand Hatchet Control ?    # nwo,kaggle_nlp_disaster_tweets
KG_00699,Cop injured in gunfight as militants attack Udhampur police post :  Suspected militants attacked a police post i .,kaggle_nlp_disaster_tweets
KG_00709,Israeli helicopters that attacked civilians in Gaza just completed exercises in Greece .,kaggle_nlp_disaster_tweets
KG_00710,Christian Attacked by Muslims at the Temple Mount after Waving Israeli Flag via Pamela Geller  -   .,kaggle_nlp_disaster_tweets
KG_00714,# PT :  The unit attacked by IS was responsible for targeting Muslim Scholars and imprisoning the youth .,kaggle_nlp_disaster_tweets
KG_00716,Telnet attacked from 124 . 13 . 172 . 40  ( STREAMYX - HOME - SOUTHERN MY ),kaggle_nlp_disaster_tweets
KG_00727,Kelly Osbourne attacked for racist Donald Trump remark about Latinos on The View,kaggle_nlp_disaster_tweets
KG_00739,TV program I saw said US air plane flew to uranium mine in Fukushima and attacked by machine gun when student army were digging it .,kaggle_nlp_disaster_tweets
KG_00775,driving the avalanche after having my car for a week is like driving a tank,kaggle_nlp_disaster_tweets
KG_00779,Chiasson Sens cannot come to deal  # ColoradoAvalanche  # Avalanche,kaggle_nlp_disaster_tweets
KG_00791,Avalanche City  -  Sunset   # nowplay  # listen  # radio,kaggle_nlp_disaster_tweets
KG_00794,Chevrolet  :  Avalanche LT 2011 lt used 5 . 3 l v 8 16 v automatic 4 wd pickup truck premium b,kaggle_nlp_disaster_tweets
KG_00796,STAR WARS POWER OF THE JEDI COLLECTION 1 BATTLE DROID HASBRO  -  Full read by eBay,kaggle_nlp_disaster_tweets
KG_00797,CIVIL WAR GENERAL BATTLE BULL RUN HERO COLONEL 2nd NEW HAMPSHIRE LETTER SIGNED  !,kaggle_nlp_disaster_tweets
KG_00801,Indeed !  I am fully aware of that battle !  I support you in that fight !,kaggle_nlp_disaster_tweets
KG_00805,Black Eye 9 :  A space battle occurred at Star M27329 involving 1 fleets totaling 1236 ships with 7 destroyed,kaggle_nlp_disaster_tweets
KG_00814,A young German stormtrooper engaged in the Battle of the Somme 1916 .   [ 800 ÌÑ 582  ],kaggle_nlp_disaster_tweets
KG_00829,News :  FedEx no longer to transport bioterror germs in wake of anthrax lab mishaps,kaggle_nlp_disaster_tweets
KG_00834,FedEx no longer to transport bioterror germs in wake of anthrax lab mishaps  via  @ usatoday,kaggle_nlp_disaster_tweets
KG_00835,Jacksonville Busines FedEx stops shipping potential bioterror pathogens,kaggle_nlp_disaster_tweets
KG_00837,.  @ APHL responds :  FedEx no longer to transport bioterror germs in wake of anthrax lab mishaps,kaggle_nlp_disaster_tweets
KG_00838,# News FedEx no longer to transport bioterror germs in wake of anthrax lab mishaps  ( say what ?  )  :  FedEx no .    # TCOT,kaggle_nlp_disaster_tweets
KG_00840,FedEx to stop transporting bioterror germs after lab mishaps :  FedEx has stopped transporting certain research  .,kaggle_nlp_disaster_tweets
KG_00845,House Energy  & amp ;  Commerce subcommittee to hold 7 / 28 hearing of CDC oversight of bioterror labs Army anthrax mishaps .  htt,kaggle_nlp_disaster_tweets
KG_00846,FedEx not willing to transport research specimens of potential bioterror pathogens in wake of anthrax lab mishaps,kaggle_nlp_disaster_tweets
KG_00848,# world FedEx no longer to transport bioterror germs in wake of anthrax lab mishaps,kaggle_nlp_disaster_tweets
KG_00849,FedEx no longer to transport bioterror germs in wake of anthrax lab mishaps   # news  # phone  # apple  # mobile,kaggle_nlp_disaster_tweets
KG_00852,Hmm . this could be problem for some researchers :  FedEx no longer to transport select agents  via  @ usatoday,kaggle_nlp_disaster_tweets
KG_00856,FedEx no longer to transport bioterror germs in wake of anthrax lab mishaps,kaggle_nlp_disaster_tweets
KG_00857,FedEx no longer will ship potential bioterror pathogens  -  FedEx Corp .   ( NYSE :  FDX )  will no longer deliver packages  .,kaggle_nlp_disaster_tweets
KG_00863,# NowPlaying at  # orchardalley in  # LES of  # nyc  ' bioterror -  manufactured fear and state repression '   @ abcnorio  # gardens,kaggle_nlp_disaster_tweets
KG_00866,[ JAX Biz Journal ]  FedEx stops shipping potential bioterror pathogens,kaggle_nlp_disaster_tweets
KG_00867,USATODAY :  On today ' s  # front page :   # Bioterror lab faced secret sanctions .   # Rick Perry does not make the cut for Fox News,kaggle_nlp_disaster_tweets
KG_00871,FedEx stops shipping potential bioterror pathogens   # trucking,kaggle_nlp_disaster_tweets
KG_00873,# FedEx no longer to transport bioterror germs in wake of anthrax lab mishaps,kaggle_nlp_disaster_tweets
KG_00877,FedEx no longer to transport bioterror germs in wake of anthrax lab mishaps  via  @ USATODAY,kaggle_nlp_disaster_tweets
KG_00881,To fight bioterrorism sir .,kaggle_nlp_disaster_tweets
KG_00882,I liked a  @ YouTube video  FEMA REGION III TARGETED for BIOTERRORISM  !  NASA  -  JAPAN ROCKET LAUNCH with LITHIUM,kaggle_nlp_disaster_tweets
KG_00883,# anthrax  # bioterrorism CDC To Carry Out Extensive Review of Lab Safety And Pathogen Handling Procedures,kaggle_nlp_disaster_tweets
KG_00885,@ CAgov If 90BLKs & 8WHTs colluded 2 take WHT F  @ USA government AUTH Hostage  &  2 make her look BLK with Bioterrorism  &  use her lgl / org IDis ID still hers ?  @ VP,kaggle_nlp_disaster_tweets
KG_00886,@ DarrellIssa Does that  ' great Iran deal '  cover bioterrorism ?  You got cut off terrible of them .  Keep up the good work .,kaggle_nlp_disaster_tweets
KG_00888,A Tale of Two Pox  -  Body Horrors   # virus  # infectiousdiseases  # bioterrorism,kaggle_nlp_disaster_tweets
KG_00890,Bioterrorism public health superbug biolabs epidemics biosurveillance outbreaks  |  Homeland Security News Wire,kaggle_nlp_disaster_tweets
KG_00893,@ O_Magazine satan ' s daughter shadow warrior in 50ft women aka transgender mode ps nyc is about to fold extra extra center of bioterrorism,kaggle_nlp_disaster_tweets
KG_00894,@ DrRichardBesser Yes .  I would think not .  But since college 88 - 92 it is been difficult not to think of bioterrorism esp .  bc  ' dispersed .  ',kaggle_nlp_disaster_tweets
KG_00895,Volunteers needed to participate in Emergency Preparedness drill simulating a bioterrorism disaster :    @ HVnewsnetwork,kaggle_nlp_disaster_tweets
KG_00896,@ MeyerBjoern  @ thelonevirologi  @ MackayIM of a major American newspaper running a series on all the alleged bioterrorism research going on 2 / n,kaggle_nlp_disaster_tweets
KG_00899,CDC has a pretty cool list of all bioterrorism agents  : 3,kaggle_nlp_disaster_tweets
KG_00902,Government Experts Concerned About Possible Bioterrorism Using GM Organisms :  Scientists are concerned that the .,kaggle_nlp_disaster_tweets
KG_00905,@ StationCDRKelly Any Support Sys 4  @ USA government AUTH taken Hostage by BLK US clergyforced 2 exist younger & grossly disfigured by BIOTERRORISM ?  @ AP,kaggle_nlp_disaster_tweets
KG_00912,@ APhiABeta1907 withugliness due 2 your  ' ugly '  @ AMESocialAction Frat ' s BIOTERRORISMI am she who is  @ FBI ID U  $ tolewant ' g another in my Home .  @ ABC,kaggle_nlp_disaster_tweets
KG_00915,@ HowardU If 90BLKs & 8WHTs colluded 2 take WHT F  @ USA government AUTH Hostage  &  2 make her look BLK with Bioterrorism  &  use her lgl / org IDis ID still hers ?,kaggle_nlp_disaster_tweets
KG_00919,@ cspanwj If 90BLKs & 8WHTs colluded 2 take WHT F  @ USA government AUTH Hostage  &  2 make her look BLK with Bioterrorism  &  use her lgl / org IDis ID still hers ?,kaggle_nlp_disaster_tweets
KG_00923,The  # Iran Deal only covers nuclear activity .  What are they doing about Bioterrorism ?  Iran has broken at least 27 other agreements .,kaggle_nlp_disaster_tweets
KG_00926,The Threat  |  Anthrax  |  CDC  via  @ Centers for Disease Control and Prevention,kaggle_nlp_disaster_tweets
KG_00928,# bioterrorism Authorities allay  # glanders fears ahead of Rio Olympic equestrian test event  via  @ HorsetalkNZ,kaggle_nlp_disaster_tweets
KG_00938,Pendleton media office said only fire on base right now is the Horno blaze .,kaggle_nlp_disaster_tweets
KG_00940,Love living on my own .  I can blaze inside my apt or on the balcony,kaggle_nlp_disaster_tweets
KG_00945,Property losses from California wildfire nearly double as week - old blaze rages,kaggle_nlp_disaster_tweets
KG_00946,# breaking Firefighters battling blaze at east Cary condo building,kaggle_nlp_disaster_tweets
KG_00964,Property losses from  # California wildfire nearly double as week - old blaze rages :  The fire,kaggle_nlp_disaster_tweets
KG_00982,Montgomery come for the blazing hot weather . stay for the STDs .  Yet another rejected city slogan .,kaggle_nlp_disaster_tweets
KG_01040,you can stab me in the back but I promise you will be the one bleeding,kaggle_nlp_disaster_tweets
KG_01051,I waited 2 . 5 hours to get a cab my feet are bleeding,kaggle_nlp_disaster_tweets
KG_01061,@ KatRamsland Yes I am a bleeding heart liberal .,kaggle_nlp_disaster_tweets
KG_01065,@ beckyfeigin I defs will when it stops bleeding !,kaggle_nlp_disaster_tweets
KG_01075,@ Benjm1  @ TourofUtah  @ B1Grego saw that pileup on TV keep racing even bleeding,kaggle_nlp_disaster_tweets
KG_01085,@ BenKin97  @ Mili_5499 remember when u were up like 4 - 0 and blew it in one game ?  U probs do not because it was before the kings won the cup,kaggle_nlp_disaster_tweets
KG_01122,Did anyone else see that fireball falling to earth ?  Look like a plane blew up .,kaggle_nlp_disaster_tweets
KG_01143,@ todd_calfee so  @ mattburgener wanted to see that info on blight u got,kaggle_nlp_disaster_tweets
KG_01174,The  # Palestinian  # refugee tragedy is a blight on humanity  &  should shame every  # Israeli for living with it .,kaggle_nlp_disaster_tweets
KG_01190,@ Ashayo  @ MsMiggi Hi Ashayo !  I believe there will be VODs on YouTube after the presentation but there is nothing like seeing it live  :  ),kaggle_nlp_disaster_tweets
KG_01195,# Tweet4Taiji is a dolphin worship group based on superstitions !  Just take a look at their tweets !,kaggle_nlp_disaster_tweets
KG_01214,@ BubblyCuteOne  ?  ok ok okayyyyyy Ima act right  . bout to get this blizzard tho,kaggle_nlp_disaster_tweets
KG_01222,I call it a little bit of your blizzard ?,kaggle_nlp_disaster_tweets
KG_01239,people with a  # tattoo out there .  Are u allowed to donate blood and receive blood as well or not ?,kaggle_nlp_disaster_tweets
KG_01245,Cannot believe more people in their mid 20 ' s do not have high blood pressure .  Life is stressful .   # DecisionsOnDecisions,kaggle_nlp_disaster_tweets
KG_01259,am not no hoe in my blood,kaggle_nlp_disaster_tweets
KG_01269,Private thirsty night ? SAD BLOOD ROCK ' N ROLL ?   #  ?,kaggle_nlp_disaster_tweets
KG_01277,it wasnt a very big stab but it was a deep stab and theres like blood everwhe,kaggle_nlp_disaster_tweets
KG_01294,@ TradCatKnight  ( 1 )  Russia may have played into reason but that link is BS .   Okanowa was bloody and mainline invasion looked like a bloody,kaggle_nlp_disaster_tweets
KG_01296,Bloody insomnia again !  Grrrr !   # Insomnia,kaggle_nlp_disaster_tweets
KG_01324,' I came to kill Indians . for FUN '  :  Video of smirking and remorseless Pakistani killer shows him boasting .,kaggle_nlp_disaster_tweets
KG_01341,White family  ( supposedly representing America ' s GREAT values  )  gets blown up in a horrible CGI nuclear strike .  LMFAOOOO !,kaggle_nlp_disaster_tweets
KG_01346,On  # ThisDayInHistory in 1862 Confederate ship blown up by crew .  Read More  via  @ History,kaggle_nlp_disaster_tweets
KG_01349,' If a truckload of soldiers will be blown up nobody panics but when one little lion dies everyone loses their mind ',kaggle_nlp_disaster_tweets
KG_01360,Even though BSG had been sufficiently hyped up for me in all the years I somehow delayed watching it I was utterly utterly blown away .,kaggle_nlp_disaster_tweets
KG_01375,@ HopefulBatgirl went down I was beaten and blown up .  Then next thing I know Ra Al Ghul brought me back to life and I escaped and for a -,kaggle_nlp_disaster_tweets
KG_01409,?  New Ladies Shoulder Tote  # Handbag Faux Leather Hobo Purse Cross Body Bag  # Womens,kaggle_nlp_disaster_tweets
KG_01433,@ fuckyeahcarey  @ BornVerified drake killing this dude and tea bagging the dead body at this point,kaggle_nlp_disaster_tweets
KG_01440,@ Yankees body bagging mfs,kaggle_nlp_disaster_tweets
KG_01458,' I did another one I did another one .  You still am not done shit about the other one .  '  Nigga body bagging Meek .,kaggle_nlp_disaster_tweets
KG_01473,@ MacDaddy_Leo :   ?  No Caption Needed  ?  .  Freshman .   nigga Stacey body bagging niggas !   ?,kaggle_nlp_disaster_tweets
KG_01474,Aubrey really out here body - bagging Meek .,kaggle_nlp_disaster_tweets
KG_01479,@ Fox News  @ JenGriffinFNC When you call to report dangerous activity tell em to have body bags on arrival .,kaggle_nlp_disaster_tweets
KG_01532,the_af comments on  ' New evidence of Japan ' s effort to build atom bomb at the end of WWII '   -,kaggle_nlp_disaster_tweets
KG_01534,Hiroshima prepares to remember the day the bomb dropped,kaggle_nlp_disaster_tweets
KG_01535,The Guardian view on the Hiroshima legacy :  still in the shadow of the bomb  |  Editorial :  The world longs to cas .,kaggle_nlp_disaster_tweets
KG_01545,New Documents Found Pointing To Japan ' s WWII Atomic Bomb Program,kaggle_nlp_disaster_tweets
KG_01549,@ smallforestelf Umm because a gun stopped the gunman with who was carrying a bomb !,kaggle_nlp_disaster_tweets
KG_01555,Hiroshima marks 70 years since bomb,kaggle_nlp_disaster_tweets
KG_01556,The crew on  # EnolaGay had nuclear bomb on board disarmed .  15 mins to  # Hiroshima they got ready to arm Little Boy,kaggle_nlp_disaster_tweets
KG_01560,If I fall is men GOD  @ Praiz8 is d bomb well av always known dat since 2008 bigger u I pray sir,kaggle_nlp_disaster_tweets
KG_01561,I came up with an idea of a fragrance concept for a bath bomb called The Blood of my Enemies .  So you can say that is what you bathe in .,kaggle_nlp_disaster_tweets
KG_01567,@ SwellyJetEvo Disneyland !  Tacos there are bomb !,kaggle_nlp_disaster_tweets
KG_01569,What would it look like if Hiroshima bomb hit Detroit ?  :  Thursday marks the 70 - year anniversary of the United S .,kaggle_nlp_disaster_tweets
KG_01573,The hatchet - wielding gunman had PEPPER SPRAY AND A FAKE BOMB ?  !  ?  !  ?,kaggle_nlp_disaster_tweets
KG_01574,"Oops . 
H bomb lost 70 miles off the Okinawan coast . 
Fell off the ship 1965 .",kaggle_nlp_disaster_tweets
KG_01582,@ SweetieBirks  @ mirrorlady2  @ SLATUKIP So name all the countries we have invaded / bombed aside Libya in North Africa in last 5 years .,kaggle_nlp_disaster_tweets
KG_01585,The U . S .  bombed Hiroshima 70 years ago today .  A look at how war has changed since :,kaggle_nlp_disaster_tweets
KG_01590,US drone bombs Islamic State target in Syria after taking off from Turkey :  A US armed drone has bombed a targe .,kaggle_nlp_disaster_tweets
KG_01591,@ CyhiThePrynce bombed on Kanye in that  # ElephantInTheRoom  ?,kaggle_nlp_disaster_tweets
KG_01593,The majority of those killed were civilians on the ground after the jet first bombed the city ' s main street then dramatically plummeted,kaggle_nlp_disaster_tweets
KG_01594,70 years ago at this hour the USA A - bombed Hiroshima therein killing 200000 civilians .  Never forget the crime and never repeat .  Peace  ?,kaggle_nlp_disaster_tweets
KG_01595,On 1st August  # Turkish jets bombed the village Zergele in Qendil and killed 8 civilians and 15 others wounded,kaggle_nlp_disaster_tweets
KG_01596,@ NickLee8  i went to school in a bombed out East End of London3 families to one house no bathroom outside loo  &  poor so whats yr point,kaggle_nlp_disaster_tweets
KG_01600,"' the third generation atomic bombed survivor '  Photo exhibition 11 : 00 to 18 : 00 8 / 6 .  
 #  ?   # Hiroshima",kaggle_nlp_disaster_tweets
KG_01603,Shadowflame and the Wraith :  Bombed  via  @ amazon,kaggle_nlp_disaster_tweets
KG_01604,@ WhiteHouse  @ POTUS Just cos Germany invaded Poland Japan bombed Pearl Harbor PRE - EMPTIVE SUICIDE,kaggle_nlp_disaster_tweets
KG_01610,' Nagasaki has to be forever the last city bombed with a nuclear weapon .  '   # bannukes,kaggle_nlp_disaster_tweets
KG_01614,.  @ Vagersedolla visits villages recently bombed by Turkey and finds people fed up with the PKK,kaggle_nlp_disaster_tweets
KG_01615,@ antpips67  @ JohnEJefferson obviously I am aware that not all AS are from countries we have bombed but a lot are fleeing conflict,kaggle_nlp_disaster_tweets
KG_01617,' Redskins WR Roberts Belly - Bombed  '  via  @ TeamStream,kaggle_nlp_disaster_tweets
KG_01621,Today Japan marks 70 yrs since the U . S  ( A )  bombed 2 cities killing over 120000 people But we have to worry about Iran,kaggle_nlp_disaster_tweets
KG_01623,She did not even notice me in the background I am a floatin head  # bombed,kaggle_nlp_disaster_tweets
KG_01625,70 years ago today the United States of America bombed Hiroshima in Japan .,kaggle_nlp_disaster_tweets
KG_01626,Storm in RI worse than last hurricane .  My city & 3 others hardest hit .  My yard looks like it was bombed .  Around 20000K still without power,kaggle_nlp_disaster_tweets
KG_01631,The United Kingdom and France are bombing ISIS in Syria  -  Voltaire Network,kaggle_nlp_disaster_tweets
KG_01632,It is been 70 years  ( and one hour )  since the bombing of Hiroshima .  Let us take this time to remember .,kaggle_nlp_disaster_tweets
KG_01633,The cryptic words that guided pilots on the Hiroshima bombing mission,kaggle_nlp_disaster_tweets
KG_01634,Japan on Thursday marks the 70th anniversary of the atomic bombing of Hiroshima with the most senior official from Washington ever schedule,kaggle_nlp_disaster_tweets
KG_01636,Today marks the 70th anniversary of the bombing of Hiroshima a city I visited and was humbled by in November 2013,kaggle_nlp_disaster_tweets
KG_01637,@ moscow_ghost  @ sayed_ridha  @ Amin_Akh congratulations on capturing a besieged city after 3 months of indiscriminate bombing by land  &  air,kaggle_nlp_disaster_tweets
KG_01638,The only country claiming the moral high ground is the only one to have dropped atomic bombs .   # Hiroshima  # BanTheBomb,kaggle_nlp_disaster_tweets
KG_01639,The cryptic words that guided pilots on the Hiroshima bombing mission   # canada,kaggle_nlp_disaster_tweets
KG_01643,# Setting4Success Bells toll in Hiroshima as Japan marks 70 years since atomic bombing  # News  # smallbusiness  # entrepreneur,kaggle_nlp_disaster_tweets
KG_01644,# Australia  # News  ;   # Japan marks 70th anniversary of  # Hiroshima atomic bombing   READ MORE ;,kaggle_nlp_disaster_tweets
KG_01645,@ NBCNews Yea bombing  # pearlharbor not so good of an idea !,kaggle_nlp_disaster_tweets
KG_01647,70th anniversary of Hiroshima atomic bombing marked,kaggle_nlp_disaster_tweets
KG_01648,Japan Marks 70th Anniversary of Hiroshima Atomic Bombing,kaggle_nlp_disaster_tweets
KG_01653,@ rinkydnk2  @ ZaibatsuNews  @ NeoProgressive1 When push2Left talk =  ' ecology '  &  ' human rts '  &  ' democracy '  .  War Afghetc =  ' Left '  humanitarian bombing,kaggle_nlp_disaster_tweets
KG_01654,Hiroshima bombing justified :  Majority Americans even today  -  Hindustan Times,kaggle_nlp_disaster_tweets
KG_01657,@ snapharmony  :  Bells toll in Hiroshima as Japan marks 70 years since atomic bombing,kaggle_nlp_disaster_tweets
KG_01658,Japan marks 70th anniversary of Hiroshima atomic bombing,kaggle_nlp_disaster_tweets
KG_01660,# Japan marks 70th anniversary of  # Hiroshima atomic bombing  ( from  @ AP ),kaggle_nlp_disaster_tweets
KG_01661,Today is the day Hiroshima got Atomic bomb 70 years ago .    -  The  ' sanitised narrative '  of Hiroshima ' s atomic bombing,kaggle_nlp_disaster_tweets
KG_01662,What it was like to survive the atomic bombing of Hiroshima,kaggle_nlp_disaster_tweets
KG_01669,Japan marks 70th anniversary of Hiroshima atomic bombing :  Bells tolled in Hiroshima on Thursday as Japan marked 70,kaggle_nlp_disaster_tweets
KG_01670,Japan marks 70th anniversary of Hiroshima atomic bombing  # Generalnews,kaggle_nlp_disaster_tweets
KG_01672,@ Ameen Shaikh by ur .  logic if bridge didnt collapse then second train engine should cross bridge then   @ sanjaynirupam  @ sureshprabhu,kaggle_nlp_disaster_tweets
KG_01673,"Australia ' s Ashes disaster  -  how the collapse unfolded at Trent Bridge .  
  # cricket",kaggle_nlp_disaster_tweets
KG_01675,Sioux City Fire Officials Believe Bridge Collapse Lead To Cement Truck Roll Over  -  Siouxland Matters :  Siouxlan .,kaggle_nlp_disaster_tweets
KG_01676,Ashes 2015 :  Australias collapse at Trent Bridge among worst in history :  England bundled out Australia for 60  .,kaggle_nlp_disaster_tweets
KG_01677,2 Injured 1 missing in bridge collapse in central Mexico,kaggle_nlp_disaster_tweets
KG_01679,I never knew about the relationship btwn Kansas City Hyatt bridge collapse  &  AIA ' s COTE .     via  @ HuffPostArts,kaggle_nlp_disaster_tweets
KG_01683,What the fuck is going on at Trent Bridge ?  !   Reminds me of England ' s collapse out in the Caribbean back in the 90s .,kaggle_nlp_disaster_tweets
KG_01684,Swiss Kosher Hotel Bridge Collapse Injures Five People  -    @ JewishPress,kaggle_nlp_disaster_tweets
KG_01686,Bridge collapse not natural calamity but man - made :  MPP lambasts Congress  -  KanglaOnline    # Yugvani,kaggle_nlp_disaster_tweets
KG_01687,Two giant cranes holding a bridge collapse into nearby homes,kaggle_nlp_disaster_tweets
KG_01688,ICYMI  -   # Ashes 2015 :  Australia collapse at Trent Bridge  -  how Twitter reacted,kaggle_nlp_disaster_tweets
KG_01689,Warne shocked over Australia ' s epic collapse at Trent Bridge :  Johannesburg Aug 06  ( ANI )  :  Legendary Australian .,kaggle_nlp_disaster_tweets
KG_01692,2 Injured 1 missing in bridge collapse in central Mexico  -  Fox News Latino,kaggle_nlp_disaster_tweets
KG_01693,Two giant cranes holding a bridge collapse into nearby homes  via,kaggle_nlp_disaster_tweets
KG_01694,# TrainTragedy  -  Happened in MP due to collapse of bridge now I m afraid to take a long distance train .,kaggle_nlp_disaster_tweets
KG_01701,# computers  # gadgets Two giant cranes holding a bridge collapse into nearby homes   # slingnews,kaggle_nlp_disaster_tweets
KG_01702,Australia ' s Ashes disaster  -  how the collapse unfolded at Trent Bridge  -  Telegraph,kaggle_nlp_disaster_tweets
KG_01703,@ followlasg This is urgentthere is currently a 3 storey building at church B / stop Oworoshoki Third mainland bridge which likely to collapse,kaggle_nlp_disaster_tweets
KG_01709,Ashes 2015 :  Australia collapse at Trent Bridge  -  how Twitter reacted,kaggle_nlp_disaster_tweets
KG_01710,Mexico :  construction of bridge collapse killsone,kaggle_nlp_disaster_tweets
KG_01712,Two cranes restoring a bridge in the central Dutch town of Alphen aan den Rijn collapse on to buildings with rescuers searching for,kaggle_nlp_disaster_tweets
KG_01718,US wont upgrade its infrastructure ?   '  it a bad situation and its going to get ugly very quickly  # USA  # sustainability,kaggle_nlp_disaster_tweets
KG_01720,@ Ameen Shaikh sir i just only wanted to make a point about  @ sureshpprabhu you made and said he is lying about bridge collapse .,kaggle_nlp_disaster_tweets
KG_01722,' I am a Gemini '   * children screaming buildings burning police sirens in the distance *,kaggle_nlp_disaster_tweets
KG_01723,Mmmmmm I am burning .  I am burning buildings I am building .  Oooooohhhh oooh ooh .,kaggle_nlp_disaster_tweets
KG_01724,@ DougMartin17 Fireman Ed runs into burning buildings while others are running out Doug he deserves your respect ?,kaggle_nlp_disaster_tweets
KG_01725,@ themagickidraps not upset with a rally upset with burning buildings businesses executing cops that have nothing to do with it etc,kaggle_nlp_disaster_tweets
KG_01727,@ _minimehh  @ Chris Joyner I must be overlooking the burning buildings ?   # Black Lives Matter,kaggle_nlp_disaster_tweets
KG_01728,@ few more tweets all lives matter .  Just not a fan of burning down buildings and stealing from your neighbors to  ' protest ',kaggle_nlp_disaster_tweets
KG_01735,The Rocky Fire burning in northern California is still threatening more than 7000 buildings .  It is the largest in the state  # 9newsmornings,kaggle_nlp_disaster_tweets
KG_01739,"Messi :  has tattoos so he cannot donate blood
Ronaldo :  runs into burning buildings to save dogs  # respect",kaggle_nlp_disaster_tweets
KG_01740,I can probably skip on these basic life maintenance things for a few days .   ( cut to burning buildings people screaming in the streets ),kaggle_nlp_disaster_tweets
KG_01741,@ 1acd4900c1424d1  @ Fox News no one is rioting burning down buildings or looting .,kaggle_nlp_disaster_tweets
KG_01745,into burning fucking buildings  ( 2 / 2 ),kaggle_nlp_disaster_tweets
KG_01750,Schools in Western Uganda still Burning down Buildings during Strikes . Strikes in Western Uganda always Lit literally .,kaggle_nlp_disaster_tweets
KG_01753,@ DoctorFluxx  @ StefanEJones  @ spinnellii  @ themermacorn  No burning buildings and rob during a riot .  That is embarrassing  &  ruining this nation .,kaggle_nlp_disaster_tweets
KG_01754,People are more worried about the burning of buildings than black people losing their lives disgusting .,kaggle_nlp_disaster_tweets
KG_01755,Bradford .  Back to doing what we do best .  Burning down our own buildings .  Read it and weep Leeds .,kaggle_nlp_disaster_tweets
KG_01756,@ EPCOTExplorer my jealous tears are burning with the fire of a thousand ransacked buildings .  SO AWESOMEEEEEEEE,kaggle_nlp_disaster_tweets
KG_01757,@ zourryart I forgot to add the burning buildings and screaming babies,kaggle_nlp_disaster_tweets
KG_01759,Sinking ships burning buildings  &  Falling objects are what reminds me of the old us .,kaggle_nlp_disaster_tweets
KG_01760,like for the music video I want some real action shit like burning buildings and police chases not some weak ben winston shit,kaggle_nlp_disaster_tweets
KG_01761,Burning buildings ?  Media outrage ?,kaggle_nlp_disaster_tweets
KG_01762,"Must get hot in burning buildings

 - loses followers -",kaggle_nlp_disaster_tweets
KG_01768,Witness video shows car explode behind burning buildings on 2nd St this afternoon  # Manchester   via  @ MikeCroninWMUR,kaggle_nlp_disaster_tweets
KG_01769,Watching Xela firefighters struggle to save burning buildings last night with old equipment makes me so grateful for DCFD  @ ChR3lyc  @ IAFF36,kaggle_nlp_disaster_tweets
KG_01770,"CROYDON RIOTS -  The Next Day :  Burning Buildings in High Street  &  crowds at Reeves Corner
Croydonization
August 2011",kaggle_nlp_disaster_tweets
KG_01771,Fire hazard associated with installation of non - compliant external cladding on   -  By  @ www . cbp lawyers,kaggle_nlp_disaster_tweets
KG_01772,.  @ greenbuildermag  @ NFPA to hold free webinar on  # wildfire mitigation 8 / 19 at 2pm ET .    @ Firewise  @ Michele_NFPA,kaggle_nlp_disaster_tweets
KG_01774,Video :   Fire burns two apartment buildings and blows up car in Manchester,kaggle_nlp_disaster_tweets
KG_01775,Fire destroys two buildings on 2nd Street in  # Manchester,kaggle_nlp_disaster_tweets
KG_01776,Multiple Buildings On Fire In Downtown Hinton,kaggle_nlp_disaster_tweets
KG_01779,Buildings are on fire and they have time for a business meeting  # TheStrain,kaggle_nlp_disaster_tweets
KG_01780,Ton of smoke coming out of one of the new apartment buildings at 160 Ross in Auburn .  Several fire trucks on scene .,kaggle_nlp_disaster_tweets
KG_01786,Smoke detectors not required in all buildings :  An office building on Shevlin - Hixon Drive was on fire .  There we .,kaggle_nlp_disaster_tweets
KG_01787,"someone :  mentions gansey on fire
me busting through the brick walls of seven different buildings :",kaggle_nlp_disaster_tweets
KG_01789,Such beautiful architecture in  # NYC I love those fire escape routes on the buildings .   # newyork,kaggle_nlp_disaster_tweets
KG_01790,# Tweet like it is september 11th 2001 Those two buildings are on fire,kaggle_nlp_disaster_tweets
KG_01791,just in :   # kenya :  several buildings are reported to be on fire close to dam estate  # langata at 2 : 22pm .,kaggle_nlp_disaster_tweets
KG_01792,They are evacuating buildings in that area of State Road 20 .  We still do not have confirmation of what is on fire .,kaggle_nlp_disaster_tweets
KG_01796,shootings explosions hand grenades thrown at cars and houses  &  vehicles and buildings set on fire .  It all just baffles me . Is this Sweden ?,kaggle_nlp_disaster_tweets
KG_01802,Fire Displaces Families and Damages Two Buildings in Troy :  Fire broke out on Fourth Street in   # Albany  # NY  # News,kaggle_nlp_disaster_tweets
KG_01803,What news reports am I missing ?  Are there buildings on fire people shot etc .  due to videos ?   # PPSellsBabyParts,kaggle_nlp_disaster_tweets
KG_01808,Now on  :  PHOTOS :  Flames rage through Manchester buildings in 3 - alarm fire   # NH1News,kaggle_nlp_disaster_tweets
KG_01809,@ BigSim50 nah Philly pundits are half the cause .  They set buildings on fire to report on buildings being on fire .,kaggle_nlp_disaster_tweets
KG_01810,MaFireEMS :  RT WMUR - TV :  Two buildings involved in fire on 2nd Street in  # Manchester .  WMUR - TV   via KCarosaWMUR,kaggle_nlp_disaster_tweets
KG_01811,Now on WSLS :  fire burns multiple buildings in  # Montgomery Co tips to make childcare less expensive  &  rain .  Join  @ jennasjems  @ PatrickWSLS,kaggle_nlp_disaster_tweets
KG_01812,I just wanted to watch Paper Towns but the buildings on fire  ?,kaggle_nlp_disaster_tweets
KG_01813,I hope the only time I end up on TV is when I am being arrested for lighting buildings on fire .,kaggle_nlp_disaster_tweets
KG_01814,Charred remains of homes on 2nd St in Manchester NH after fire rips through 2 buildings damaging neighboring homes,kaggle_nlp_disaster_tweets
KG_01815,Three - alarm fire destroys two residential buildings a car in Manchester N . H .  on Sunday afternoon,kaggle_nlp_disaster_tweets
KG_01816,1943 :  Poland  -  work party prisoners in the Nazi death camp Treblinka rebelled seizing small arms and setting buildings on fire .   # history,kaggle_nlp_disaster_tweets
KG_01817,17 people displaced after 3 - alarm fire tore through 2 apartment buildings on Second Street in Manchester .   -    # MHT,kaggle_nlp_disaster_tweets
KG_01818,Hinton city officials confirm multiple buildings on fire currently evacuating people on Main Street .  We are on our way  @ OKCFOX,kaggle_nlp_disaster_tweets
KG_01822,Fire burning on Pendleton has burned 300 acres :  Smoke reported drifting over Temecula .,kaggle_nlp_disaster_tweets
KG_01836,All you have to do is look up sports riots on google and you will see more than couches being burned .  You fr gotta go,kaggle_nlp_disaster_tweets
KG_01840,burned 129 calories doing 24 minutes of Walking 3 . 5 mph brisk pace  # myfitnesspal,kaggle_nlp_disaster_tweets
KG_01842,Burned dog finds new home with young burn victim,kaggle_nlp_disaster_tweets
KG_01861,Mad River Complex fires have burned 14028 acres 8 %  contained :  The Mad River Complex fires in Trinity County  .,kaggle_nlp_disaster_tweets
KG_01865,Watch how bad that fool get burned in coverage this year .  Dat dude is all - pro practice squad material,kaggle_nlp_disaster_tweets
KG_01870,Metal Cutting Sparks Brush Fire In Brighton :  A brush fire that was sparked by a landowner cutting metal burned 10,kaggle_nlp_disaster_tweets
KG_01880,501 sky news mandem in totteham going maddddd burning up fed cars an dem ting dere,kaggle_nlp_disaster_tweets
KG_01883,bulletproof and black like a funeral ;  the world around us is burning but we are so cold .,kaggle_nlp_disaster_tweets
KG_01885,.  @ StacDemon with five burning questions for Chris Mullin and St .  Johns in 2015 - 16 :    # SJUBB,kaggle_nlp_disaster_tweets
KG_01887,Leader of  # Zionism STOP BURNING  # Babies,kaggle_nlp_disaster_tweets
KG_01890,Flames visible from fire in Tucson mountains :  A lightning - caused fire burning in steep rocky terrain in mountains,kaggle_nlp_disaster_tweets
KG_01892,We will be burning up like neon lights ?,kaggle_nlp_disaster_tweets
KG_01899,My hand is burning,kaggle_nlp_disaster_tweets
KG_01910,@ Michael5SOS haha so would you say its so hot your balls are burning off ?,kaggle_nlp_disaster_tweets
KG_01914,#  ? x ?  :   : and to counter acts such as the burning of the Alexandrian library .,kaggle_nlp_disaster_tweets
KG_01915,' CALIFORNIA IS BURNING :  '  Gov .  Jerry Brown told reporters at a press conference that California is experiencing .,kaggle_nlp_disaster_tweets
KG_01921,Killing Black Babies at Planned Parenthood where is the demonstrations looting of PP burning down the buildings Black Babies Lives Matter,kaggle_nlp_disaster_tweets
KG_01925,the mv should just be them strutting like they mean it while buildings are burning up in the bg and flames everywhere how cool would that be,kaggle_nlp_disaster_tweets
KG_01927,@ Louis_Tomlinson incredible ?  THE CHILDREN WERE SCREAMING BUILDINGS WERE BURNING AND I WAS DANCING IN THE ASHES,kaggle_nlp_disaster_tweets
KG_01937,@ foxnewsvideo  @ AIIAmericanGirI  @ ANHQDC So  .  where are the rioters looters and burning buildings ?   WHITE LIVES MATTER !,kaggle_nlp_disaster_tweets
KG_01938,forestservice  :  RT dhsscitech :   # Firefighters run into burning buildingswe work on  # tech t  ),kaggle_nlp_disaster_tweets
KG_01942,Destruction magic ' s fine just do not go burning down any buildings .,kaggle_nlp_disaster_tweets
KG_01945,I will never support looting or the burning of buildings but when seeing the people fight back against the police .  I was proud,kaggle_nlp_disaster_tweets
KG_01952,Large fire burning several buildings causing evacuations in downtown Hinton :,kaggle_nlp_disaster_tweets
KG_01954,Heavy smoke pouring out of buildings on fire in Port Coquitlam,kaggle_nlp_disaster_tweets
KG_01959,Strikers in Phalaborwa striking over the CHINESE taking their jobs .  Strikers burning buildings attacking cars 2 .,kaggle_nlp_disaster_tweets
KG_01961,dog rendered a kitten from burning buildings,kaggle_nlp_disaster_tweets
KG_01963,@ kshllcenterpri1  @ Progress4Ohio burning down buildings what you mean like when you burnt down those black churches ?,kaggle_nlp_disaster_tweets
KG_01966,Dudes will thoroughly express how stupid black ppl r for burning buildings in response to brutality but nvr mention them being mistreated .,kaggle_nlp_disaster_tweets
KG_01967,"You picture buildings burning to the ground from the basement to the streetlight .  

I am not your drinking problem
a hole is in the sky .",kaggle_nlp_disaster_tweets
KG_01968,I Pledge Allegiance To The P . O . P . E .  And The Burning Buildings of Epic City .   ?,kaggle_nlp_disaster_tweets
KG_01969,Where are the protests  ?  The riots ?  The burning buildings ?  How come you do not see any of that crap happening when .,kaggle_nlp_disaster_tweets
KG_01971,Insane bush fires in California .  Be safe .,kaggle_nlp_disaster_tweets
KG_01972,@ POTUS Would you please explain what you are going to do about the volcanoes  &  bush fires spouting all that CO2 into the air ?,kaggle_nlp_disaster_tweets
KG_01973,@ marcoarment Middle of winter in Sydney we have had snow bush fires and 78 degree days in the last week .   Keeps you on your toes for sure .,kaggle_nlp_disaster_tweets
KG_01976,OMFG there are bush fires all over this tiny island .  Our freaking house is gonna burn down .,kaggle_nlp_disaster_tweets
KG_01979,Slash - and - burn blamed for bush fires in western St Thomas  -,kaggle_nlp_disaster_tweets
KG_01980,Drought fuels bush fires in Jamaica  -     -   @ Jamaica Observer  @ C News Live RE,kaggle_nlp_disaster_tweets
KG_01983,@ DoriCreates  @ alhanda seems gov moonbeam between tokes blames bush for all the fires .,kaggle_nlp_disaster_tweets
KG_01985,The Public Health Team was traumatised after the bush fires .  Could  # AppreciativeInquiry turn this around ?,kaggle_nlp_disaster_tweets
KG_01989,Californian Bush Fires 2015,kaggle_nlp_disaster_tweets
KG_01990,28 Oct 1895 :   ' Bush Fires .  ',kaggle_nlp_disaster_tweets
KG_01991,@ dacherryontop13 ohh there are bush fires in Spain like every year one time when we went swimming there were planes getting water to fight,kaggle_nlp_disaster_tweets
KG_01992,Bush Fires are scary . even scarier when you go down and fight them,kaggle_nlp_disaster_tweets
KG_01996,@ JohnFromCranber  Pleas FOR global warming do not really work when California  /  Australia keep having catastrophic  ' bush '  fires .,kaggle_nlp_disaster_tweets
KG_02000,SMH photographer Wolter Peeters was on the front line with NSW Rural Fire Service crews la,kaggle_nlp_disaster_tweets
KG_02001,So apparently there were bush fires near where I live over the weekend that I was totally oblivious to .,kaggle_nlp_disaster_tweets
KG_02003,California Bush fires please evacuate affected areas ASAP when california govts advised you to do so,kaggle_nlp_disaster_tweets
KG_02007,The Bush fires in CA are so crazy,kaggle_nlp_disaster_tweets
KG_02010,"? 
Warfighting Robots Could Reduce Civilian Casualties So Calling for a Ban Now Is Premature  -  IEEE Spectrum",kaggle_nlp_disaster_tweets
KG_02012,Another movie theater attack . close to home this time .  Thankful for no casualties .  Life will go on because we cannot allow evil to win !,kaggle_nlp_disaster_tweets
KG_02014,Civilian casualties rise as Afghan war intensifies in 2015 -,kaggle_nlp_disaster_tweets
KG_02015,Afghan conflict sees  ' sharp rise '  in female casualties,kaggle_nlp_disaster_tweets
KG_02016,Warfighting Robots Could Reduce Civilian Casualties So Calling for a .,kaggle_nlp_disaster_tweets
KG_02019,"Afghanistan :  U . N .  Reports  ' Record - High Levels '  of Civilian Casualties
    
In news from Afghanistan the United .",kaggle_nlp_disaster_tweets
KG_02020,Need to stop bottling things up because when everything eventually explodes the casualties just keep getting higher and higher,kaggle_nlp_disaster_tweets
KG_02022,Countless Casualties All Across The Globe War Being Orchestrated On All The Corners Of The Planet  [ On All Levels ],kaggle_nlp_disaster_tweets
KG_02023,disinfo :  Warfighting Robots Could Reduce Civilian Casualties So Calling for a Ban Now Is  .   -  .    # criticalmedia,kaggle_nlp_disaster_tweets
KG_02024,A poignant reminder that in war there are many casualties .,kaggle_nlp_disaster_tweets
KG_02027,There might be casualties tomorrow,kaggle_nlp_disaster_tweets
KG_02031,' American Weapons and Support Are Fueling a Bloody Air War in Yemen ',kaggle_nlp_disaster_tweets
KG_02033,I am LAUGHING IN THE FACE OF CASUALTIES AND SORROW THE FIRST TIME I am THINKING PAST TOMORROW BUT I AM NOT THROWIN AWAY MY SHOT,kaggle_nlp_disaster_tweets
KG_02034,@ Catwoman1775 Another shooting in a movie theater this is getting more crazier but I am glad they got the shooter  &  no casualties .,kaggle_nlp_disaster_tweets
KG_02035,"Students at Sutherland remember Australian casualties at Lone Pine Gallipoli
  via  @ theleadernews",kaggle_nlp_disaster_tweets
KG_02036,Sharp rise in women children casualties in Afghan war UN says,kaggle_nlp_disaster_tweets
KG_02038,"@ FlyOpineMonkey You mean Olympic  ;  -  )  
Also its follow - up for Honshu Operation Coronet .  
In all :  1m Allied casualties 30m Japanese dead .",kaggle_nlp_disaster_tweets
KG_02039,@ AlcoholAndMetal  +  do anything to fix that .  Of the few people he had every trusted in his life Charles was one of the casualties .,kaggle_nlp_disaster_tweets
KG_02040,Civilian Casualties in Afghanistan Reach Record High,kaggle_nlp_disaster_tweets
KG_02042,@ CounterMoonbat  @ Voodoo_Ben I have heard we are still using Purple Hearts manufactured then bc of the  #  of casualties we expected .,kaggle_nlp_disaster_tweets
KG_02043,Another day has passed and THANKFULLY Central Command has CONFIRMED NO new casualties .  Please pray for those in .,kaggle_nlp_disaster_tweets
KG_02045,News Wrap :  UN warns female and child casualties are on the rise in Afghanistan   # pbs  # iraq,kaggle_nlp_disaster_tweets
KG_02047,"Revise the Death to America scenario ?  

While there is 500 American casualties by Iranian activity SUSPECTED !",kaggle_nlp_disaster_tweets
KG_02049,# Afghanistan :  sharp rise in women and children casualties in first half of  # 2015,kaggle_nlp_disaster_tweets
KG_02051,# Civilian casualties in Afghanistan hit highest number since 2009 U . N .  says via  @ WashingtonPost  -,kaggle_nlp_disaster_tweets
KG_02055,Warfighting Robots Could Reduce Civilian Casualties So Calling for a Ban Now Is Premature   # FTSN  # FTSNNewsdesk  #,kaggle_nlp_disaster_tweets
KG_02056,@ irishspy What you do not think the Allies should have just sucked up 1 million casualties ?,kaggle_nlp_disaster_tweets
KG_02057,Afghanistan :  sharp rise in women and children casualties in first half of 2015,kaggle_nlp_disaster_tweets
KG_02059,Train derailment :  In Patna no news of any casualty so far,kaggle_nlp_disaster_tweets
KG_02063,Property / casualty insurance rates up 1 %  in July :  After several months of no movement commercial property / casu .,kaggle_nlp_disaster_tweets
KG_02067,Cos sanity brings no reward for one more hit and one last score .  do not be a casualty cut the cord .,kaggle_nlp_disaster_tweets
KG_02068,Another sad ocean casualty - Gray whale population in the Pacific listed as critically  # endangered  (  # drone video )    .,kaggle_nlp_disaster_tweets
KG_02069,@ ThomasHCrown My grandfather was set to be in the first groups of Marines to hit Japan in Operation Olympic .  95 %  casualty rate predictions,kaggle_nlp_disaster_tweets
KG_02073,Benzema increasingly looks to be a casualty of Benitez ' s new look squad .  Arsenal bound ?  50 - 50 chance I think,kaggle_nlp_disaster_tweets
KG_02076,UNPREDICTABLE DISCONNECTED AND SOCIAL CASUALTY ARE MY FAVORITES HOW DO PEOPLE NOT LIKE THEM,kaggle_nlp_disaster_tweets
KG_02077,@ NorthBayHealth Trauma Center Shines In Response To Multi - Casualty Crash .,kaggle_nlp_disaster_tweets
KG_02078,@ ScriptetteSar  @ katiecool447 btw the 30th is actually next year casualty began 6th September 1986 so 2016 marks 30 years,kaggle_nlp_disaster_tweets
KG_02081,@ AvBronstein  @ Popehat  @ instapundit  @ Kurt Schlichter Also are you aware of the casualty estimates for an invasion of Japan ' s home islands ?,kaggle_nlp_disaster_tweets
KG_02089,RT  @ Green Harvard :  Documenting climate change ' s first major casualty  via  @ Green Harvard,kaggle_nlp_disaster_tweets
KG_02097,@ reriellechan HE WAS THE LICH KING ' S FIRST CASUALTY BLOCK ME BACK I HATE YOU !,kaggle_nlp_disaster_tweets
KG_02100,Japan had a nuke program  ( albeit unsuccessful )  and the casualty estimates for a ground war were in the tens of millions .   @ MacKinnon08,kaggle_nlp_disaster_tweets
KG_02102,# NowPlaying :  Dubstep Hardstyle Trap Messy Mix  ( event recording )  by Alien Casualty on  @ Mixify,kaggle_nlp_disaster_tweets
KG_02103,Small casualty on the way to Colorado,kaggle_nlp_disaster_tweets
KG_02109,.  @ robdelaney  Catastrophe is anything but !  I literally have been unable to stop ejaculating .,kaggle_nlp_disaster_tweets
KG_02118,@ Peter Jukes But there are good grounds to believe that  ' political military catastrophe '  was a crime planned and committed by individuals .,kaggle_nlp_disaster_tweets
KG_02121,# boy  # mix Ultimate  # preparedness library :   Prepare Yourself For Any Catastrophe .  Over 10,kaggle_nlp_disaster_tweets
KG_02125,UPDATE :  7 of the 9 Mac Pros my company bought in May have had catastrophe failures requiring repair !,kaggle_nlp_disaster_tweets
KG_02141,Chances are many of us are still digging out from that catastrophe .  THIS is why WoW NEEDS to evolve .  THIS is why it cannot be Vanilla anymore,kaggle_nlp_disaster_tweets
KG_02144,# nar  # phuket Ultimate  # preparedness library :   Prepare Yourself For Any Catastrophe .  Over,kaggle_nlp_disaster_tweets
KG_02153,bbc r5live studio discussion of hiroshima v poor .  sheer  * luck *  the cold war did not result in catastrophe .  MAD  =  red herring .   # ScrapTrident,kaggle_nlp_disaster_tweets
KG_02159,Learning from the Legacy of a Catastrophic Eruption,kaggle_nlp_disaster_tweets
KG_02161,Following a catastrophic injury acute medical care takes precedent .   PTSD often follows in it is wake undetected .,kaggle_nlp_disaster_tweets
KG_02164,The Catastrophic Effects of Hiroshima and Nagasaki Atomic Bombings Still Being Felt Today,kaggle_nlp_disaster_tweets
KG_02172,"' Invading Iraq was a catastrophic mistake '  . 

Diplomacy needs to replace constant threat of war by US and Israel :",kaggle_nlp_disaster_tweets
KG_02173,Learning from the Legacy of a Catastrophic Eruption  via  @ newyorker,kaggle_nlp_disaster_tweets
KG_02177,Learning from the most destructive volcanic event in U . S .  history thirty - five years later :,kaggle_nlp_disaster_tweets
KG_02183,@ APANO55  @ James Melville 99 %  of Scientists dont believe in Catastrophic Man - Made Global Warming only the deluded do .,kaggle_nlp_disaster_tweets
KG_02188,Learning from the Legacy of a Catastrophic Eruption  -  The New Yorker,kaggle_nlp_disaster_tweets
KG_02191,A better look at what this catastrophic rain and flooding has done to our,kaggle_nlp_disaster_tweets
KG_02194,Something Catastrophic Is Coming :  Should We Tune Out ?,kaggle_nlp_disaster_tweets
KG_02195,' Kessler Syndrome '  is the name for the catastrophic exponential proliferation of Space debris and destruction of satellites .   # GravityMovie,kaggle_nlp_disaster_tweets
KG_02211,# Illinois :  Emergency units simulate a chemical explosion at NU  via  @ sharethis  # hazmat,kaggle_nlp_disaster_tweets
KG_02212,At FEMA ' s Center for Disaster Preparedness for a weeklong training on Chemical Biological Radioactive Nuclear   Emergency Response,kaggle_nlp_disaster_tweets
KG_02213,Russian nuclear - biological - chemical  ( NBC )  brigade  ' emergency response '  exercise in Southern MD,kaggle_nlp_disaster_tweets
KG_02215,?   # Krefeld :  the incident happened in a chemical industry park !  Emergency operations underway !  A building reportly collapsed !   @ CNN Breaking News  @ ntvde,kaggle_nlp_disaster_tweets
KG_02219,USA :  BREAKING NEWS :  CHEMICAL SPILL / EVACUATIONS / RED CROSS EMERGENCY,kaggle_nlp_disaster_tweets
KG_02221,Emergency crews respond to chemical spill downtown beaumont  # benews,kaggle_nlp_disaster_tweets
KG_02222,Explosion at chemical site leads to building collapse near Krefeld Germany .  Emergency crews on scene ;  avoid the area .   # iJETalerts,kaggle_nlp_disaster_tweets
KG_02225,Bomb Crash Loot Riot Emergency Pipe Bomb Nuclear Chemical Spill Gas Ricin Leak Violence Drugs Cartel Cocaine Marijuana Heroine Kidnap Bust,kaggle_nlp_disaster_tweets
KG_02233,Emergency units simulate a chemical explosion at NU :  Suppose a student in the research labs at Northwestern,kaggle_nlp_disaster_tweets
KG_02239,Our Chemical Spill Cleanup videos will prepare you for an emergency situation in the lab .,kaggle_nlp_disaster_tweets
KG_02242,Emergency units simulate a chemical explosion at NU  -  Evanston Now,kaggle_nlp_disaster_tweets
KG_02248,Emergency 4 Harbor City Mod v4 . 5 . 2  # 6 Chemical Fire in Residential Area !  :   via  @ YouTube,kaggle_nlp_disaster_tweets
KG_02250,Emergency responders prepare for chemical disaster through Hazmat training .,kaggle_nlp_disaster_tweets
KG_02251,"Lindenow :  3 : 15pm
Emergency crews are at a chemical spill in the main street near Church Street",kaggle_nlp_disaster_tweets
KG_02260,2Leezy its like you are about to fall down a cliff but you are grabbing my hand but my palms are sweaty  .  Why bruh ?,kaggle_nlp_disaster_tweets
KG_02263,ok peace I hope I fall off a cliff along with my dignity,kaggle_nlp_disaster_tweets
KG_02267,# FunnyNews  # Business Watch the moment a cliff collapses as huge chunks of rock fall onto a road in China,kaggle_nlp_disaster_tweets
KG_02275,Fall off a cliff please,kaggle_nlp_disaster_tweets
KG_02282,I accidentally killed an 87 day snap streak and now I wanna accidentally fall off a cliff  ?,kaggle_nlp_disaster_tweets
KG_02289,News Update Huge cliff landslide on road in China  -  Watch the moment a cliff collapses as huge chunks of rock fall .,kaggle_nlp_disaster_tweets
KG_02292,Huge cliff landslide on road in China :  Watch the moment a cliff collapses as huge chunks of rock fall onto a r .,kaggle_nlp_disaster_tweets
KG_02298,627 %  but if they had lower striked than 16 I would have gone even further OTM .  This could really fall off a cliff .,kaggle_nlp_disaster_tweets
KG_02304,Runaway Minion Causes Traffic Collapse in Dublin,kaggle_nlp_disaster_tweets
KG_02307,Would a paramedic really do that ?  Leave someone inside a building that is about to collapse / blow up ?   @ HalloIkBenWill,kaggle_nlp_disaster_tweets
KG_02311,Watch The Terrifying Moment Two Giant Cranes Collapse Onto Homes :  A row of homes was destroyed in seconds .,kaggle_nlp_disaster_tweets
KG_02314,Interview on The Collapse of Materialism Best  # TalkRadio Listen Live :,kaggle_nlp_disaster_tweets
KG_02315,Economic Collapse Investing :  Specific actions and strategies to securing lasting wealth from the financial blowout .,kaggle_nlp_disaster_tweets
KG_02321,EUROCRISIS Guardian Greece ' s tax revenues collapse as debt crisis continues :  As talks continue over proposed âÂ .,kaggle_nlp_disaster_tweets
KG_02330,mentions of  ' theatre  + shooting '  on Twitter spike 30min prior to  $ ckec collapse,kaggle_nlp_disaster_tweets
KG_02332,Correction :  Tent Collapse Story,kaggle_nlp_disaster_tweets
KG_02340,Why did I come to work today .  Literally wanna collapse of exhaustion,kaggle_nlp_disaster_tweets
KG_02341,# Greece ' s tax revenues collapse as debt crisis continues via  @ guardian  # bailout   ^ mp,kaggle_nlp_disaster_tweets
KG_02347,Now that is what you call a batting collapse  # theashes,kaggle_nlp_disaster_tweets
KG_02350,Greece ' s tax revenues collapse as debt crisis continues,kaggle_nlp_disaster_tweets
KG_02352,The  @ POTUS economy continues to collapse .,kaggle_nlp_disaster_tweets
KG_02358,I was on my way to Gary but all the Chicago entrances was closed due to a bridge collapsed  ?  I hope they let us through tomorrow,kaggle_nlp_disaster_tweets
KG_02362,@ organicallyrude  @ 1ROCKSTAR62  # wish Mattingly  &  Bundy  &  McGwire were standing on it when it collapsed !,kaggle_nlp_disaster_tweets
KG_02364,Roof collapsed a bowling alley many in the community remember going to for more than 30 years  @ KEZI9,kaggle_nlp_disaster_tweets
KG_02367,1 hour parade like 50 people collapsed .   # OneHeartOneMindOneCSS,kaggle_nlp_disaster_tweets
KG_02368,.  The pain of those seconds must have been awful as her heart burst and her lungs collapsed and there was no air and .,kaggle_nlp_disaster_tweets
KG_02370,Bay District coaches learn CPR during medical course :  PANAMA CITY  An athlete collapsed on the field .  Coaches .,kaggle_nlp_disaster_tweets
KG_02375,@ durrellb Prices here are insane .  Our dollar has collapsed against the US and it is punishing us .  Thanks for the info .,kaggle_nlp_disaster_tweets
KG_02377,Another entity forced to close in Montego Bay as a result of the collapsed sewer line  # TVJNews,kaggle_nlp_disaster_tweets
KG_02388,Great British Bake Off ' s back and Dorret ' s chocolate gateau collapsed  -  JAN MOIR,kaggle_nlp_disaster_tweets
KG_02396,@ flickershowell oh wow my heart collapsed cool im crying cool cool,kaggle_nlp_disaster_tweets
KG_02398,Apparently part of the building just collapsed .  Hope everyone is ok .,kaggle_nlp_disaster_tweets
KG_02399,@ xDescry I was wrong to call it trusty actually .  considering it spontaneously collapsed on me that is not very trusty .,kaggle_nlp_disaster_tweets
KG_02400,Petition  |  Heartless owner that whipped horse until it collapsed is told he can KEEP his animal !  Act Now !,kaggle_nlp_disaster_tweets
KG_02432,@ tackettdc Like a scene from When Worlds Collide  .,kaggle_nlp_disaster_tweets
KG_02441,When Houston and NYC collide .   ?   @ pageparkescorp  @ chloeunguyen  @ laurensicle  @ charstevens97  @ tiara_marei  # gemma  # bowe,kaggle_nlp_disaster_tweets
KG_02443,# TheDoolingGroup 2 injured when 2 school buses collide  -    # BREAKING :  School bus slams into school bus in Bordento .,kaggle_nlp_disaster_tweets
KG_02458,Police investigating after an e - bike collided with a car in Little Portugal .  E - bike rider suffered serious non - life threatening injuries .,kaggle_nlp_disaster_tweets
KG_02459,# Newswatch :  2 vehicles collided at Lock and Lansdowne Sts in  # Peterborough .  Emerg crews on their way,kaggle_nlp_disaster_tweets
KG_02463,I scored 111020 points in PUNCH QUEST stopped when a squeaky bat collided into my skull .,kaggle_nlp_disaster_tweets
KG_02466,Monsoon flooding  -  Monsoon rains have have hit India Pakistan and Myanmar hard this season .  Two trains collided  .,kaggle_nlp_disaster_tweets
KG_02467,An Eau Claire man who police said was drunk when his SUV collided with a train was sentenced in Chippewa County :,kaggle_nlp_disaster_tweets
KG_02468,Two trains have collided in India .  Please pray for victims their families and rescuers .,kaggle_nlp_disaster_tweets
KG_02470,Two cars collided following shotgun fire in Denton,kaggle_nlp_disaster_tweets
KG_02471,Major accident causes life - threatening injuries closes highway :  An 18 - wheeler and an SUV collided and then,kaggle_nlp_disaster_tweets
KG_02476,' Car vs motorcycle in Harwich Port '  HARWICH PORT  A car and motorcycle collided around 5 : 30 p . m .  The crash happen,kaggle_nlp_disaster_tweets
KG_02478,The 2 cars right in front of me collided and If I hadnt stopped in time it would have been me too .   # ButGod  ?,kaggle_nlp_disaster_tweets
KG_02480,16 dead in Russia bus accident :  At least 16 people were killed and 26 others injured when two buses collided i .,kaggle_nlp_disaster_tweets
KG_02482,Stupid women nearly collided into me today after she came out of a junction not looking .  Still kept coming towards me till I beep my horn,kaggle_nlp_disaster_tweets
KG_02483,SSP East says a car AEG 061 driven by a young man collided with Akram ' s carhot words were exchanged n he did firing in air1bullet hit tyre,kaggle_nlp_disaster_tweets
KG_02489,2 pple have been confirmed dead and over 20 rescued while many went missing after a ferry carrying 200 collided with a fishing boat .  # News,kaggle_nlp_disaster_tweets
KG_02491,2 Cars Collide 1 Crashes Into Building :  Two cars collided at an intersection and that sent one vehicle crashing,kaggle_nlp_disaster_tweets
KG_02493,Bicycle - SUV accident in Mesick :  Police say that the bicyclist entered onto West M - 115 and collided with a boat .,kaggle_nlp_disaster_tweets
KG_02498,Well that was a journey to get home !  A train collided with cows on the track !   ?,kaggle_nlp_disaster_tweets
KG_02499,Crews working to restore power in southwest Omaha after vehicle collided with utility pole .   -,kaggle_nlp_disaster_tweets
KG_02500,Stepkans Media  -  Two confirmed dead after the boat they were travelling in Collided in .  L . Victoria,kaggle_nlp_disaster_tweets
KG_02501,Cyclist who collided with runner on Roanoke greenway wins  $ 300000 civil verdict  -  Roanoke Times :  Cyclist who c .,kaggle_nlp_disaster_tweets
KG_02502,Cannot watch PVRIS I am so sad bc it collided with another set,kaggle_nlp_disaster_tweets
KG_02504,Motorcyclist bicyclist injured in Denver collision on Broadway :  At least two people were taken to a local,kaggle_nlp_disaster_tweets
KG_02505,@ Zojadelin you literally almost had a head on collision with us today on pilot knob,kaggle_nlp_disaster_tweets
KG_02506,North Sac Elkhorn Blvd  /  Walerga Rd  * Traffic Collision - 1141 Enrt *,kaggle_nlp_disaster_tweets
KG_02507,Beat : G3 MOTOR VEHICLE COLLISION HIT AND RUN at RAINIER AV S  /  S CHARLES ST reported on 2015 - 08 - 05 6 : 08 PM Call #  15000270653,kaggle_nlp_disaster_tweets
KG_02508,Beat : B2 MOTOR VEHICLE COLLISION at N 35 ST  /  FREMONT AV N reported on 2015 - 08 - 05 6 : 52 PM Call #  15000270364,kaggle_nlp_disaster_tweets
KG_02510,South Sac Florin Rd  /  Franklin Blvd  * Traffic Collision - 1141 Enrt *,kaggle_nlp_disaster_tweets
KG_02512,COLLISION :   # Hwy401 EB just east of Hwy 8  # Cambridge Single vehicle blocking the left lane .   # OPP enroute .   ^ ag,kaggle_nlp_disaster_tweets
KG_02516,2 dead 2 injured in head - on collision on Kenai Spur Highway,kaggle_nlp_disaster_tweets
KG_02519,Baltimore City  :  I - 95 NORTH AT MP 54 . 8  ( FORT MCHENRY TUNNEL BORE 3 :  Collision :  I - 95 NORTH AT MP 54 . 8  ( FORT MCHENRY TUNNEL BORE 3 Nort .,kaggle_nlp_disaster_tweets
KG_02527,On I - 405 southbound at Coal Creek Pkwy there is a collision blocking the center lane .,kaggle_nlp_disaster_tweets
KG_02528,Dublin I580 E  /  I580 E North Flynn Rd Onr  * Traffic Collision - No Inj *,kaggle_nlp_disaster_tweets
KG_02530,Westminister Sr22 W  /  Knott St  * Traffic Collision - No Inj *,kaggle_nlp_disaster_tweets
KG_02532,Well Saturn does not exist anymore .  So the collision place has a starting estimate of  $ 4000 .  That is 3 times what my car is worth .,kaggle_nlp_disaster_tweets
KG_02534,Motorcyclist bicyclist injured in Denver collision on Broadway,kaggle_nlp_disaster_tweets
KG_02535,West Valley I405 N  /  Us101 S I405 N Con  * Traffic Collision - Unkn Inj *,kaggle_nlp_disaster_tweets
KG_02536,@ MissJadeBrown tells of the tragic mid - morning collision which claimed the life of a young man riding a motorcycle .,kaggle_nlp_disaster_tweets
KG_02537,Two - vehicle collision at Fowlers Corners at Hwy .  7 and Frank Hill Rd .  is blocking the road :  OPP .  Only minor injuries to the occupants .,kaggle_nlp_disaster_tweets
KG_02538,"my favorite lady came to our volunteer meeting
hopefully joining her youth collision and i am excite",kaggle_nlp_disaster_tweets
KG_02539,# Colorado  # News Motorcyclist bicyclist injured in Denver collision on Broadway :  At least two people were tak .,kaggle_nlp_disaster_tweets
KG_02540,Traffic Collision  -  Ambulance Enroute :  Elkhorn Blvd at Walerga Rd Sacramento,kaggle_nlp_disaster_tweets
KG_02541,7 : 13pm  # MAPLERIDGE Lougheed Hwy EB is closed between 203rd and Dewdney Trunk Rd because of Collision .  ETO is between 8 : 00 PM and 9 : 00 PM .,kaggle_nlp_disaster_tweets
KG_02543,Solano SR37  /  Skaggs Island Rd  * Traffic Collision - 1141 Enrt *,kaggle_nlp_disaster_tweets
KG_02544,Traffic Collision  -  No Injury :  I5 S at I5 S 43rd Ave offramp South Sac,kaggle_nlp_disaster_tweets
KG_02545,CLEARED :  COLLISION :   # QEW Fort Erie bound approaching Hwy 405  # Niagara . Vehicles removed .   ^ ag,kaggle_nlp_disaster_tweets
KG_02547,Motorcyclist bicyclist injured in Denver collision on Broadway :   by  @ kierannicholson,kaggle_nlp_disaster_tweets
KG_02548,South Sac I5 S  /  I5 S 43rd Ave Ofr  * Traffic Collision - No Inj *,kaggle_nlp_disaster_tweets
KG_02557,HTML5 Beginners Crash Course   # course,kaggle_nlp_disaster_tweets
KG_02564,Party for Bestival crash victim Michael Molloy on what would have been his 21st,kaggle_nlp_disaster_tweets
KG_02565,CLEARED :  Crash in Hamilton on I - 75 south at MM 459 .,kaggle_nlp_disaster_tweets
KG_02566,Deliver Value :  A Cash Source Crash Course   # course,kaggle_nlp_disaster_tweets
KG_02570,Make man pikin crash  ?,kaggle_nlp_disaster_tweets
KG_02571,"# INCIDENT
Crash in Pascoe Vale South outbound on Tullamarine Fwy  ( CityLink )  near Moreland Rd .  Vehicles off in emergency lane .  No delays .",kaggle_nlp_disaster_tweets
KG_02575,Crash and burn  ?,kaggle_nlp_disaster_tweets
KG_02582,@ _chelsdelong12  @ kendra_leigh13 I will crash it,kaggle_nlp_disaster_tweets
KG_02588,' Fatal crash reported on Johns Island ',kaggle_nlp_disaster_tweets
KG_02593,Police respond to crash find  ' suspected heroin ',kaggle_nlp_disaster_tweets
KG_02597,AKILAH WORLD NEWS Cop pulls man from car to avoid this  .,kaggle_nlp_disaster_tweets
KG_02598,Man killed in crash in Barrington Hills :  A Hoffman Estates man was killed in a single - car crash Wednesday afte .,kaggle_nlp_disaster_tweets
KG_02604,Maj Muzzamil Pilot Offr of MI - 17 crashed near Mansehra today .,kaggle_nlp_disaster_tweets
KG_02605,Bin Laden family plane crashed after  ' avoiding microlight and landi .    # PeritoEnGrafoscopia,kaggle_nlp_disaster_tweets
KG_02608,Neil_Eastwood77 :  I AM A KNOBHEAD !  Bin Laden family plane crashed after  ' avoiding microlight and landing t .,kaggle_nlp_disaster_tweets
KG_02609,Bin Laden family plane crashed after  ' avoiding microlight and landing too far down runway '  :  Three members of t .,kaggle_nlp_disaster_tweets
KG_02611,@ brianroemmele UX fail of EMV  -  people want to insert and remove quickly like a gas pump stripe reader .  1 person told me it crashed the POS,kaggle_nlp_disaster_tweets
KG_02612,Major Hamayun Shaheed pilot of MI - 7 heli that crashed in Mansehra,kaggle_nlp_disaster_tweets
KG_02614,# UK Bin Laden family plane crashed after  ' avoiding microlight and landing too far down runway '  :  Three members  .,kaggle_nlp_disaster_tweets
KG_02617,>  Bin Laden family plane crashed after  ' avoiding microlight and landing too far down runway .    # rochdale  # heywood,kaggle_nlp_disaster_tweets
KG_02619,"My iPod crashed .  
 # WeLoveYouLouis 
 # MTV Hottest One Direction",kaggle_nlp_disaster_tweets
KG_02625,Intact + Malaysia Airlines Flight 370 + Part + Lifts + Odds + Plane + Glided + Not + Crashed + Into + Sea  via  @ YahooFinance # Hope for answers .,kaggle_nlp_disaster_tweets
KG_02627,Pak Army Helicopter crashed in Mansehra .,kaggle_nlp_disaster_tweets
KG_02628,1  The bug that almost crashed the Euro  -,kaggle_nlp_disaster_tweets
KG_02629,Pakistan says army helicopter has crashed in country ' s restive northwest killing at least 8,kaggle_nlp_disaster_tweets
KG_02631,# News Bin Laden family plane crashed after  ' avoiding microlight and landing too far down runway ',kaggle_nlp_disaster_tweets
KG_02632,This guy bought my car on Tuesday police knocked my door yday cos he crashed n ran  &  2day he text me asking not to send the log book ?,kaggle_nlp_disaster_tweets
KG_02633,Maj Muzzamil Pilot Offr of MI - 17 crashed near Mansehra today .  May Almighty give strength to family to bear the loss,kaggle_nlp_disaster_tweets
KG_02637,Army sources say 12 persons on board including a team of doctors die in helicopter crashed near Mansehra .  weather seems to be cause of crash,kaggle_nlp_disaster_tweets
KG_02647,"f496D mhtw4fnet

Pakistan says army helicopter has crashed in country ' s restive northwest   -  Fox News",kaggle_nlp_disaster_tweets
KG_02648,TTW Today ' s News :  Bin Laden family plane crashed after  ' avoiding microlight and landing too far down runway ',kaggle_nlp_disaster_tweets
KG_02649,Heard  # SKH on the radio for the first time .  Almost crashed the car .   @ 5SOS  @ Ashton5SOS  @ Luke5SOS  @ Michael5SOS  @ Calum Hood,kaggle_nlp_disaster_tweets
KG_02651,Malaysia Airlines Flight 370 :  Intact part lifts odds plane glided not crashed into sea,kaggle_nlp_disaster_tweets
KG_02657,'  @ jorrynja :  6 .   @  your bf / gf / crush  ?  '   @ Ter_ell  ?,kaggle_nlp_disaster_tweets
KG_02664,Ina Buted Girl Crush ?,kaggle_nlp_disaster_tweets
KG_02675,Ron  &  Fez  -  Dave ' s High School Crush  via  @ YouTube,kaggle_nlp_disaster_tweets
KG_02692,sevenfigz has a crush :,kaggle_nlp_disaster_tweets
KG_02720,Man crushed to death by own car,kaggle_nlp_disaster_tweets
KG_02723,A diamond is just a piece of charcoal that handled stress exceptionally well .  We are hard pressed on every side but not crushed . 2 cor4 : 8,kaggle_nlp_disaster_tweets
KG_02740,Holy moly that was crushed .,kaggle_nlp_disaster_tweets
KG_02743,So many Youtube commenters saying the Dothraki would get crushed if they came to Westeros . nah bro you underestimate the Dothraki,kaggle_nlp_disaster_tweets
KG_02755,ARA news reporting JaN fighters infiltrated Ashrafiyah district of Afrin with aim of carrying out suicide attacks .  YPG have imposed a curfew,kaggle_nlp_disaster_tweets
KG_02760,Police :  Teenagers arrested for curfew violations in Evanston were riding stolen bicycles :  Two teenagers taken into cus .    # Chicago  # news,kaggle_nlp_disaster_tweets
KG_02774,@ emmychappy Because it is 12 o ' clock and my mom said everyone has to go home because of curfew .,kaggle_nlp_disaster_tweets
KG_02780,@ ScotRail i be seen them turn a blind eye to a bloke drinking and smoking on during the curfew time cos ' its not worth the hassle ',kaggle_nlp_disaster_tweets
KG_02782,Next May I will be free . from school from obligations like family .  Best of all that damn curfew .,kaggle_nlp_disaster_tweets
KG_02807,' The Big Ten has their annual football media day but before we get into that here ' s some Cyclone hoops recruiting nuggets ',kaggle_nlp_disaster_tweets
KG_02813,"A new tropical cyclone is forming near Guam . 

Once it is formed it will be called  ' Molave '  .",kaggle_nlp_disaster_tweets
KG_02817,@ XHNews We need these plants in the pacific during the cyclone seasons it would help,kaggle_nlp_disaster_tweets
KG_02819,BBC Forced To Retract False Claims About Cyclone Pam  via  @ wordpress,kaggle_nlp_disaster_tweets
KG_02820,GREAT CONDITION Easton Cyclone Softball Bat Fastpitch  (  - 9 )  29 / 20 SK398,kaggle_nlp_disaster_tweets
KG_02821,"SEVERE WEATHER BULLETIN No .  5
FOR :  TYPHOON  # Typhoon Hanna  ( Soudelor ) 
TROPICAL CYCLONE :  WARNING

ISSUED AT 5 : 00 PM 06 .",kaggle_nlp_disaster_tweets
KG_02822,' The cyclone derives its powers from a calm center .  So does a person .  '   -  Norman Vincent Peale,kaggle_nlp_disaster_tweets
KG_02825,@ roughdeal1 ante hudhud cyclone Chandrababu Valle ne ante Ga ?,kaggle_nlp_disaster_tweets
KG_02826,Cyclone Komen devastates families in Myanmar this week .  We need to help them today :,kaggle_nlp_disaster_tweets
KG_02827,"SEVERE WEATHER BULLETIN  # 6
TROPICAL CYCLONE WARNING :  TYPHOON  ' HANNA '  
Issued at 11 : 00 p . m .  Thursday 06 August .",kaggle_nlp_disaster_tweets
KG_02828,Back to the future in  # Vanuatu how Cyclone Pam has encouraged traditional ways of living :,kaggle_nlp_disaster_tweets
KG_02832,Talent :  Misdirection Cyclone Pass Ignite Pass Vanishing Drive Phantom Shot   # KurokoBot,kaggle_nlp_disaster_tweets
KG_02833,Now on  # ComDev  # Asia :  Radio stations in  # Bangladesh broadcasting  # programs  ? to address the upcoming cyclone  # komen,kaggle_nlp_disaster_tweets
KG_02835,Like a cyclone imperialism spins across the globe ;  militarism crushes peoples and sucks their blood like a .,kaggle_nlp_disaster_tweets
KG_02841,1970 Mercury Cyclone GT Quarter Panel D / S Rear Trim Moulding Cobra Jet 429CJ,kaggle_nlp_disaster_tweets
KG_02842,[ Tropical Cyclone Info ]  Soudelor 945hPa maximum wind speed :  45m / s maximum wind gust speed :  60m / s,kaggle_nlp_disaster_tweets
KG_02849,WFP  -  WFP Delivers Food To 165000 Bangladesh Flood Victims After Tropical Cyclone Komen :  DHAKA The United Na .,kaggle_nlp_disaster_tweets
KG_02851,# Rohingya houses in  # Kyee NockThie hamlet from Taungbazar region in Buthidaung were severely damaged in Cyclone  @ KasitaRoch  @ VivianUNHCR,kaggle_nlp_disaster_tweets
KG_02857,FYI :   ; ACCIDENT PROPERTY DAMAGE ; 3460 LIMESTONE LN ; COL ; YELLOWSTONE WAY ; FIELDSTONE DR ; 08 / 05 / 2015 19 : 36 : 35,kaggle_nlp_disaster_tweets
KG_02863,Cleared :   Accident with property damage on  # NY35 EB at NY 100,kaggle_nlp_disaster_tweets
KG_02869,Storm damage reported in West Tennessee,kaggle_nlp_disaster_tweets
KG_02870,Hey the  # Royals love doing damage with 2 outs .,kaggle_nlp_disaster_tweets
KG_02871,"@ Drothvader  @ CM_Nevalistis you can keep this please !  Arachys
     [ 2 Pieces ]   -  Now deals 4000 %  weapon damage  ( up from 2500 %  )",kaggle_nlp_disaster_tweets
KG_02873,@ Bradley Brad yeah but being fast and doing extremely high damage is what its all about if you want fast then im gonna have to get u the -,kaggle_nlp_disaster_tweets
KG_02878,@ JoeDawg42 TOR for a TOR situation only .  Wind damage enhanced wording is key IMO,kaggle_nlp_disaster_tweets
KG_02879,@ HfxStanfield  @ beelieveDC  @ DiscoveryCntr what is happening we hear there is runway lighting damage by a contractor .,kaggle_nlp_disaster_tweets
KG_02881,If Trillion crosses the line a 3rd time he does a field - wide attack that does instant kill damage,kaggle_nlp_disaster_tweets
KG_02883,Nine inmates charged with causing damage in Calgary Remand Centre riot  -,kaggle_nlp_disaster_tweets
KG_02884,# pt Cross - sectarian protest .  Powerful Shia cleric says militias must withdraw :  ' ur fightin ISIS but we wont forget damage uve done to ur ppl ',kaggle_nlp_disaster_tweets
KG_02885,Does homeowners insurance cover water damage ?  Here are some good things to know .,kaggle_nlp_disaster_tweets
KG_02886,Beach did damage to my shit,kaggle_nlp_disaster_tweets
KG_02889,REPORTED :  HIT  &  RUN - IN ROADWAY - PROPERTY DAMAGE at 15901 STATESVILLE RD,kaggle_nlp_disaster_tweets
KG_02891,# Glaucoma occurs when fluid builds up pressure inside  # eye to a level that may damage optic nerve  # eyefacts,kaggle_nlp_disaster_tweets
KG_02893,# JSunNews Storm damage reported in Madison County :  Thunderstorm damage reports ar .    ( via  ),kaggle_nlp_disaster_tweets
KG_02895,S61 . 231A Puncture wound without foreign body of left index finger without damage to nail initial encounter  # icd10,kaggle_nlp_disaster_tweets
KG_02900,@ MichaelWestBiz standard damage control,kaggle_nlp_disaster_tweets
KG_02902,@ GettingLost  @ JennEllensBB  @ Muncle_jim It said they had superficial wounds and it was the pepper spray that did the most damage .,kaggle_nlp_disaster_tweets
KG_02909,The sign - up is open for the FALLING FOR DANGER release day blast and review tour .  Sign - up here :  .,kaggle_nlp_disaster_tweets
KG_02911,Red Flag Warning for fire danger  &  dry thunderstorms in Bay Area   # weather  # California Weather by  @ NWSBayArea,kaggle_nlp_disaster_tweets
KG_02913,What is this ?  Like I could be in danger or something,kaggle_nlp_disaster_tweets
KG_02917,Indian Govt .   &  Media should take serious concern about their safety .  They are in danger now .,kaggle_nlp_disaster_tweets
KG_02929,@ bluebirddenver  # FETTILOOTCH IS  # SLANGLUCCI OPPRESSIONS GREATEST DANGER COMING SOON THE ALBUM,kaggle_nlp_disaster_tweets
KG_02942,SO THIRSTY YALL IN DANGER OF DEHYDRATION,kaggle_nlp_disaster_tweets
KG_02943,Thunderstorms with little rain expected in Central California .  High fire danger .   # weather  # California Weather,kaggle_nlp_disaster_tweets
KG_02950,Honestly tho Modibo Maiga is stealing a living  -  fuck all about him  -  im past my best but still more of a danger than that fucktard  # coyi,kaggle_nlp_disaster_tweets
KG_02954,17 dead as Afghanistan aircraft crashes :  An Afghan military helicopter has crashed in a remote region of the s .,kaggle_nlp_disaster_tweets
KG_02969,I just watched emmerdale nd I do not know who most of them are but a slightly attractive man named Ross just got beat up nd now he is dead,kaggle_nlp_disaster_tweets
KG_02973,beforeitsnews  :  Hundreds feared dead after Libyan migrant boat capsizes during rescue   ),kaggle_nlp_disaster_tweets
KG_02982,Perspectives on the Grateful Dead :  Critical Writings  ( Contributions to the Study,kaggle_nlp_disaster_tweets
KG_02991,Typhoon Soudelor taking dead aim at Taiwan,kaggle_nlp_disaster_tweets
KG_02993,Man Found Dead in Demi Moore ' s Swimming Pool !,kaggle_nlp_disaster_tweets
KG_02995,that is it val is dead im suing,kaggle_nlp_disaster_tweets
KG_03005,Until my death I will forever rep the Jets .,kaggle_nlp_disaster_tweets
KG_03010,Adult dies of plague in Colorado,kaggle_nlp_disaster_tweets
KG_03012,Going back to Gainesville will be the death of me,kaggle_nlp_disaster_tweets
KG_03022,There is a way which seemeth right unto a man but the end thereof are the ways of death .,kaggle_nlp_disaster_tweets
KG_03023,@ KellKane thanks I narrowly averted death that was fun you are right,kaggle_nlp_disaster_tweets
KG_03026,@ Allahsfinest12  . death to muslims,kaggle_nlp_disaster_tweets
KG_03037,Ted Cruz Bashes Obama Comparison GOP To Iranians Shouting  ' Death To America '    |   # tcot,kaggle_nlp_disaster_tweets
KG_03038,# Cyprus :  News Analysis :  Mullah Omar ' s death may split Taliban ' s ranks  -   . Omar ' s demise would certainly lead .,kaggle_nlp_disaster_tweets
KG_03052,New :  NYC Legionnaires '  disease death toll rises   # follow  (  ),kaggle_nlp_disaster_tweets
KG_03053,# vaxshill 2 deaths from measles complications in 10 yrs everyone looses their shit .  8 dead from Legionnaires in a month  &  crickets,kaggle_nlp_disaster_tweets
KG_03055,do not get on I77 south .  huge wreck and airlift and maybe some deaths interstate is completely blocked,kaggle_nlp_disaster_tweets
KG_03056,"@ LOLGOP :  2 . 2 cases of voter fraud a year .  
WE NEED NEW LAWS ! 

83 gun deaths a day .  
WHO ACTUALLY FOLLOWS LAWS AMIRITE ? 

 # VRA50",kaggle_nlp_disaster_tweets
KG_03057,Silence .   # Palermo  # Shipwreck  # Children  # Deaths,kaggle_nlp_disaster_tweets
KG_03058,This why BSF Jawans died Fidayeen has AKs and they bloody  # INSAS !  INSAS rifles not to blame for soldiers '  deaths MoD,kaggle_nlp_disaster_tweets
KG_03060,1 / 2 of the deaths in red - light running crashes are pedestrians bicyclists  &  other vehicle occupants that are hit by the red - light runners .,kaggle_nlp_disaster_tweets
KG_03061,RT  @ TrueDiagnosis :  250K deaths per year from  # physician error :   How to avoid being one of them :,kaggle_nlp_disaster_tweets
KG_03062,# CDCwhistleblower 2 deaths from measles complications in 10 yrs everyone looses their shit .  8 dead from Legionnaires in a month  &  crickets,kaggle_nlp_disaster_tweets
KG_03066,500 deaths a year from foodborne illness .   @ frackfreelancs dears .   @ DECCgovuk  @ frackfree_eu  @ tarleton_sophie,kaggle_nlp_disaster_tweets
KG_03072,"[ Comment ]  Deaths of older children :  what do the data tell  # US ?  
  # nghlth",kaggle_nlp_disaster_tweets
KG_03074,@ Eazzy_P we will never know what would have happened but the govt seemed to think that their beliefs warranted the deaths of innocent japs,kaggle_nlp_disaster_tweets
KG_03075,"real magic in real life : 

women went missing in Ohio town the focus of FBI probe after strange deaths and .",kaggle_nlp_disaster_tweets
KG_03077,No two cases do not constitute an epidemic .     # plague  # health  # publichealth,kaggle_nlp_disaster_tweets
KG_03082,Weyburn Police Warn Public after Fentanyl Deaths in Province  -,kaggle_nlp_disaster_tweets
KG_03084,It is Time To Reduce Gun Deaths,kaggle_nlp_disaster_tweets
KG_03086,"Cancers equate for around 25 %  of all deaths in  # Blackpool .  

Knowing the signs could save your life :  
 # be clear on cancer",kaggle_nlp_disaster_tweets
KG_03089,@ HighQualityBird a reverse situation  ( lol I do not know 9 / 11 ?  )  where US civilian deaths were specifically utilized to make a political,kaggle_nlp_disaster_tweets
KG_03091,@ mathew_is_angry  @ Z3KE_SK1  @ saladinahmed they died horrible deaths trapped in the ships but they knew that was a risk .,kaggle_nlp_disaster_tweets
KG_03092,FCO Minister  @ Tobias_Ellwood condemns attack at a mosque in Saudi Arabia that has resulted in at least 15 deaths,kaggle_nlp_disaster_tweets
KG_03095,Critters climate and two plague deaths in Colorado,kaggle_nlp_disaster_tweets
KG_03097,Since 1940 the year Angela Sanders was born roundhouse kick related deaths have increased 13000 percent .,kaggle_nlp_disaster_tweets
KG_03100,As of 2010 there were 17 Beluga deaths reported at  # SeaWorld their average age 15 1 / 2 years  # OpSeaWorld,kaggle_nlp_disaster_tweets
KG_03101,Bigamist and his  ' first '  wife are charged in the deaths of his  ' second '  pregnant wife her child 8 her mothe .,kaggle_nlp_disaster_tweets
KG_03102,@ MayorofLondon pls reduce cyclist deaths with a compulsory highway code test as with EVERY OTHER VEHICLE that uses a road .   # notrocketscience,kaggle_nlp_disaster_tweets
KG_03104,# aerospace  # exec Plane debris is from missing Malaysia Airlines Flight 370  -  Part of the aircraft wing found on Reunion Island is from th .,kaggle_nlp_disaster_tweets
KG_03105,Malaysia Airlines Flight 370 that Disappeared 17months ago Debris Found South of The Indian Ocean  -,kaggle_nlp_disaster_tweets
KG_03106,#  ?   #  ?   #  ?   #  ?  Malaysia Airlines Flight 370 :  Aircraft debris found on La Reunion is from missing Malaysia Airlines  .,kaggle_nlp_disaster_tweets
KG_03107,Discovered Plane Debris Is From Missing Malaysia Airlines Flight 370  |  TIME,kaggle_nlp_disaster_tweets
KG_03108,Confirmed the debris from Malaysia Airlines Flight 370  ?,kaggle_nlp_disaster_tweets
KG_03111,Malaysia confirms plane debris washed up on Reunion Island is from Flight Malaysia Airlines Flight 370,kaggle_nlp_disaster_tweets
KG_03114,How Missing Jets Debris Could Have Floated to Reunion  -  The New York Times,kaggle_nlp_disaster_tweets
KG_03115,Reunion Debris Is Almost Surely From Flight 370 Officials Say  -  New York Times,kaggle_nlp_disaster_tweets
KG_03117,The debris found on Reunion Island was from flight  # Malaysia Airlines Flight 370 .  The mystery behind that plane disappearance could be better than any novel .,kaggle_nlp_disaster_tweets
KG_03119,[ Reuters ]  Debris confirmed from Malaysia Airlines Flight 370 ;  relatives hope for discovery of crash site,kaggle_nlp_disaster_tweets
KG_03120,NBCNightlyNews :  Malaysian Officials Say Debris Found on Reunion Island Is From  # Malaysia Airlines Flight 370 .  Bill Neely reports :,kaggle_nlp_disaster_tweets
KG_03122,Malaysia Airlines Flight 370 :  debris found on reunion island .   ?   # sad  # tragedy  # innocent  # crash  # mh370,kaggle_nlp_disaster_tweets
KG_03123,# love  # food  # fun Malaysian Prime Minister Najib Razak confirmed that the aircraft debris found on Reunion Isla .,kaggle_nlp_disaster_tweets
KG_03124,"Malaysia seem more certain than France . 

Plane debris is from missing Malaysia Airlines Flight 370",kaggle_nlp_disaster_tweets
KG_03125,Malaysian Officials Say Debris Found on Reunion Island Is From  # Malaysia Airlines Flight 370 .   @ Bill Neely reports :,kaggle_nlp_disaster_tweets
KG_03130,Debris found on Reunion Island comes from Malaysia Airlines Flight 370 :  Malaysian PM,kaggle_nlp_disaster_tweets
KG_03131,Aircraft debris found on island is from Malaysia Airlines Flight 370 Malaysia confirms,kaggle_nlp_disaster_tweets
KG_03132,What Irony Debris of Flight Malaysia Airlines Flight 370 found on  ' Reunion Island '  .,kaggle_nlp_disaster_tweets
KG_03133,Malaysia Airlines Flight 370 :  Aircraft debris found on La Reunion is from missing Malaysia Airlines  .   -  ABC Online,kaggle_nlp_disaster_tweets
KG_03134,Malaysia Airlines Flight 370 :  Reunion debris is from missing Malaysia flight,kaggle_nlp_disaster_tweets
KG_03136,Experts leave lab as Malaysia confirms debris is from  # Malaysia Airlines Flight 370,kaggle_nlp_disaster_tweets
KG_03138,# KAMINDOZ  # reuters Debris confirmed from Malaysia Airlines Flight 370 ;  relatives hope for discovery of crash s .,kaggle_nlp_disaster_tweets
KG_03139,Plane debris discovered on Reunion Island belongs to flight Malaysia Airlines Flight 370  Malaysian PM,kaggle_nlp_disaster_tweets
KG_03140,Debris confirmed from Malaysia Airlines Flight 370 ;  relatives hope for discovery of crash site :  Malaysian officials confirm a breakth .,kaggle_nlp_disaster_tweets
KG_03141,ABC OnlineMalaysia Airlines Flight 370 :  Aircraft debris found on La Reunion is from missing Malaysia Airlines  . ABC OnlineA piece of aircraft debris which  .,kaggle_nlp_disaster_tweets
KG_03142,Malaysia confirms Reunion Island debris is from Malaysia Airlines Flight 370   @ SCMP_News,kaggle_nlp_disaster_tweets
KG_03144,Debris confirmed from Malaysia Airlines Flight 370 ;  relatives hope for discovery of crash site  via  @ Reuters  # Video,kaggle_nlp_disaster_tweets
KG_03145,Plane debris is from missing Malaysia Airlines Flight 370,kaggle_nlp_disaster_tweets
KG_03147,Malaysia Airlines Flight 370 :  Aircraft debris found on La Reunion is from missing Malaysia Airlines  .   -  ABC Onlin .   G  # Malaysia  # News,kaggle_nlp_disaster_tweets
KG_03150,Interesting :  Malaysia Airlines Flight 370 :  Aircraft debris found on La Reunion is from missing Malaysia Airlines  .   -  ABC  .   Please RT,kaggle_nlp_disaster_tweets
KG_03152,Aircraft debris confirmed to be from Malaysia Airlines Flight 370  -  Nation  |  The Star Online,kaggle_nlp_disaster_tweets
KG_03161,RT  @ NLM_DIMRC :  A deluge of resources on  # floods for medical providers cleanup workers  &  more at :,kaggle_nlp_disaster_tweets
KG_03162,Towboat trek sympathy deluge falls :  VTc,kaggle_nlp_disaster_tweets
KG_03177,Back on the beach after the deluge .   Surf camp in motion .   Our Surf Therapy programme kicked off today for .,kaggle_nlp_disaster_tweets
KG_03180,Perhaps  ' historic '  should be applied not to the deluge of recently exposed  # ChildSexAbuse but the truly  ' historic '  scale of the cover - up,kaggle_nlp_disaster_tweets
KG_03196,If you are in search of powerful content to improve your business or have been frustrated with the deluge of  ' quantit,kaggle_nlp_disaster_tweets
KG_03199,Here I am the UK there is not a deluge of Canadian themed tops around . The timing was perfect .  I cannot quite believe it .  Mad .,kaggle_nlp_disaster_tweets
KG_03212,# Glimpses :  Hyderabad deluged by heavy rainfall  |,kaggle_nlp_disaster_tweets
KG_03221,Why are you deluged with low self - image ?  Take the quiz :,kaggle_nlp_disaster_tweets
KG_03231,Tarp is protecting outfield and cannot be moved .  Infield getting deluged .,kaggle_nlp_disaster_tweets
KG_03236,EU states squabble over immigration .  UK - France Eurotunnel deluged with migrants .  One dead as  ' thousands storm '  tunnel,kaggle_nlp_disaster_tweets
KG_03240,Businesses are deluged with invoices .  Make yours stand out with colour or shape and it is likely to rise to the top of t e pay '  pileq,kaggle_nlp_disaster_tweets
KG_03248,News Alerts  -  Glimpses :  Hyderabad deluged by heavy rainfall,kaggle_nlp_disaster_tweets
KG_03252,They ' ve come back !   >  >  Flying ant day :  Capital deluged by annual swarm of winged insects,kaggle_nlp_disaster_tweets
KG_03253,Rand Paul ' s Debate Strategy  ' demolish Some other bad ideas out there or point out maybe that there are some em .,kaggle_nlp_disaster_tweets
KG_03270,Enugu Government to demolish illegal structures at International Conference Centre,kaggle_nlp_disaster_tweets
KG_03280,RT Abbs Winston :   # Zionist  # Terrorist demolish 18  # Palestinian structures in Jordan Valley,kaggle_nlp_disaster_tweets
KG_03286,The far right racist  # AvigdorLiberman calls for destruction of  # Susiya  !  Previously he also called for beheadings !,kaggle_nlp_disaster_tweets
KG_03299,If you think going to demolish Drake ' s house over some ghostwriting shit you should know that Rihanna lives next door .,kaggle_nlp_disaster_tweets
KG_03318,Got my first gamer troll I just demolished a kid from Philly with Toronto on MLB and he was upset  # BacktoBack  # ChargedUp  ?,kaggle_nlp_disaster_tweets
KG_03319,Why is CHURCH media and  # Media420 silent when  # PapiCongress has demolished the house of a journo in UK  @ pragnik,kaggle_nlp_disaster_tweets
KG_03334,@ SplottDave :   @ TeamPalestina That is about 28700 Palestinian homes demolished now by Israel since 1967 with 0 Israeli home demolished  @ POTUS,kaggle_nlp_disaster_tweets
KG_03337,# BBSNews latest 4  # Palestine  &   # Israel  -   Six Palestinians Kidnapped in West Bank Hebron Home Demolished,kaggle_nlp_disaster_tweets
KG_03340,@ stallion150  @ kbeastx they totally demolished genisys which was a beautiful film and almost 90 %  of the people agreed,kaggle_nlp_disaster_tweets
KG_03347,A demolished Palestinian village comes back to life,kaggle_nlp_disaster_tweets
KG_03351,Three Homes Demolished in Unrecognized Arab Village  -  International Middle East Media Center,kaggle_nlp_disaster_tweets
KG_03355,EPA begins demolition of homes in toxic area  # Buffalo  -,kaggle_nlp_disaster_tweets
KG_03367,Saving the City in Old Town :  The Proposed Demolition of 159 West Burton   @ MessnerMatthew for  @ newcity,kaggle_nlp_disaster_tweets
KG_03368,No civilian population ever deserves demolition may we never forget  &  learn from our mistakes  # Hiroshima,kaggle_nlp_disaster_tweets
KG_03369,# download  &   # watch Demolition Frog  ( 2002 )    # movie,kaggle_nlp_disaster_tweets
KG_03370,Demolition Means Progress :  Flint Michigan and the Fate of the American Metropolis Highsmith,kaggle_nlp_disaster_tweets
KG_03376,Delmont ' s  ' Onion House '  Purchased After Plans For Demolition,kaggle_nlp_disaster_tweets
KG_03379,Israel continues its demolition of Palestinian homes  # gop  # potus  # irandeal  # isis,kaggle_nlp_disaster_tweets
KG_03391,"Kaduna Begins Demolition Of Buildings On Govt School Lands
 - school - lands /",kaggle_nlp_disaster_tweets
KG_03397,Seven Chinese Christians Are Detained Amid Widespread Anger Over Cross Demolition,kaggle_nlp_disaster_tweets
KG_03404,Heres what caused a Metro train to derail in downtown D . C .,kaggle_nlp_disaster_tweets
KG_03412,BBC News  -  India rail crash :  Trains derail in Madhya Pradesh flash flood,kaggle_nlp_disaster_tweets
KG_03413,Dr .  Gridlock :  Heres what may have caused a Metro train to derail in downtown D . C .    # washingtonpost,kaggle_nlp_disaster_tweets
KG_03414,@ TemecaFreeman GM !  I pray any attack of the enemy 2 derail ur destiny is blocked by the Lord  &  that He floods ur life with heavenly Blessings,kaggle_nlp_disaster_tweets
KG_03415,24 killed in two simultaneous rail crash as acute floods derail the two trains  # India  # mumbai .,kaggle_nlp_disaster_tweets
KG_03419,Will  @ Fox News continue to derail the Iran Nuclear Deal during tonight ' s  # GOP Debate  oh yeah .,kaggle_nlp_disaster_tweets
KG_03423,Lake Dallas crash causes train to derail,kaggle_nlp_disaster_tweets
KG_03429,How do you derail a train at .  Smithsonian ?,kaggle_nlp_disaster_tweets
KG_03432,25 killed as Kamayani Express Janata Express derail in Madhya Pradesh ;  ex gratia announced,kaggle_nlp_disaster_tweets
KG_03436,Dozens dead as two trains derail over river in India,kaggle_nlp_disaster_tweets
KG_03439,India floods derail two trains killing 21 people,kaggle_nlp_disaster_tweets
KG_03446,Dozens Die As two Trains Derail Into A River In Indiahttp :  /  / www . informationng . com /  ? p = 309943,kaggle_nlp_disaster_tweets
KG_03451,Here is what may have caused a Metro train to derail in downtown D . C .,kaggle_nlp_disaster_tweets
KG_03452,Sound judgement by MPC  -  premature rises could derail recovery  # Business,kaggle_nlp_disaster_tweets
KG_03455,@ Ohmygoshi  @ unsuckdcmetro At this point I expect to hear reports about a Metrobus being derailed .,kaggle_nlp_disaster_tweets
KG_03459,Happy no one was hurt when  # wmata train derailed .  Also the express bus is so much better than metro rail   @ fox5newsdc,kaggle_nlp_disaster_tweets
KG_03462,DC Media :  tip for getting updates on the derailed  # WMATA train today  -  ask them about movie night and quickly change the subject !,kaggle_nlp_disaster_tweets
KG_03463,@ jozerphine LITERALLY JUST LOOK THAT UP !  YEAH DERAILED AT SMITHSONIAN SO EVERYTHIGN IS SHUT DOWN FROM FEDERAL CENTER SW TO MCPHERSON,kaggle_nlp_disaster_tweets
KG_03465,@ TrustyMcLusty no passengers were on the derailed train .  But the who morning commute is fcked .  Go home .,kaggle_nlp_disaster_tweets
KG_03466,The crocodile tears do not wash with me she is more upset that the gravy train has been derailed  # kidscompany,kaggle_nlp_disaster_tweets
KG_03468,@ Epic_Insanity It got derailed outside Grimrail Depot .,kaggle_nlp_disaster_tweets
KG_03469,[ UPDATE ]  No - Passenger Metro Train Derails Causing Terrible Delays This Morning :  A derailed train is causing a hell,kaggle_nlp_disaster_tweets
KG_03470,@ stury Note there were no passengers on board when the train derailed this morning .,kaggle_nlp_disaster_tweets
KG_03473,Whoa a  # wmata train derailed at Smithsonian ?,kaggle_nlp_disaster_tweets
KG_03474,Metro acting chief Jack Requa says train that derailed was a six - car train with 1000 and 2000 series rail cars .   # wmata,kaggle_nlp_disaster_tweets
KG_03476,# Metro still does not know when Blue  &  Orange lines will reopen .  Empty passenger car derailed ~ 5 a . m .  NOT a new 7000 - series .   @ CQnow  # WMATA,kaggle_nlp_disaster_tweets
KG_03477,Breakfast links :  Work from home :  Derailed :  An empty train derailed at Smithsonian this morning suspending ser .,kaggle_nlp_disaster_tweets
KG_03478,On the eve of Jon Stewart leaving The Daily Show WMATA has honored him by letting another train get derailed and crippling the service .,kaggle_nlp_disaster_tweets
KG_03480,Going to starbs it is only 70 degrees part of the metro derailed it is a beautiful morning in Washington D . C .,kaggle_nlp_disaster_tweets
KG_03482,@ AdamTuss and is the car that derailed a 5000 series by chance .  They used to have issues with wheel climbing RE :  1 / 2007 Mt .  Vern Sq derailment,kaggle_nlp_disaster_tweets
KG_03484,So a train derailed and instead of me getting to work early like I would have I am now late as fuck,kaggle_nlp_disaster_tweets
KG_03486,Relief train carrying survivors of the derailed Janta Express reaches Mumbai via  @ firstpostin,kaggle_nlp_disaster_tweets
KG_03487,How many trains derailed that  @ wmata has to shut down orange / blue in most of DC ?  The Avengers made less of a mess  @ unsuckdcmetro,kaggle_nlp_disaster_tweets
KG_03489,1 of those days when ya do not realize till already in transit that a train DERAILED at the Metro St closest to work ?,kaggle_nlp_disaster_tweets
KG_03494,.  @ unsuckdcmetro Is the train half - derailed or half - railed ?   # deepthoughts,kaggle_nlp_disaster_tweets
KG_03495,Sad that biker beatdown derailed his pro - democracy work as  @ NYPDnews undercover :   .,kaggle_nlp_disaster_tweets
KG_03497,@ ItsQueenBaby I am at work it is a bunch of ppl and buses because the train derailed,kaggle_nlp_disaster_tweets
KG_03498,"CNN News August 5 2015 Two trains derailed amid floods  . 
Video for india august flooding 2015 video youtube ?  .",kaggle_nlp_disaster_tweets
KG_03500,@ GerryConnolly  @ RepDonBeyer  @ Tim Kaine Today ' s  # Metro commute debacle withderailed non - passenger train shows clearly we need a Rail MGR CEO !,kaggle_nlp_disaster_tweets
KG_03501,@ OhYayyyYay the train derailed this morning,kaggle_nlp_disaster_tweets
KG_03503,Madhya Pradesh Train Derailment :  Village Youth Saved Many Lives,kaggle_nlp_disaster_tweets
KG_03504,Service on the Green Line has resumed after an earlier derailment near Garfield with residual delays .,kaggle_nlp_disaster_tweets
KG_03506,Death on Railway track :  Why rains cannot take all the blame ?  :  Derailment is not very common .  Last year less th .,kaggle_nlp_disaster_tweets
KG_03508,# news Madhya Pradesh Train Derailment :  Village Youth Saved Many Lives   # until now  # NDTV,kaggle_nlp_disaster_tweets
KG_03509,"MP trains derailment :  Its the freakiest of freak accidents :  

MP trains derailment :  Its the freakiest of  .",kaggle_nlp_disaster_tweets
KG_03510,# TeamFollowBack Madhya Pradesh Train Derailment :  Village Youth Saved Many Lives   # FollowBack,kaggle_nlp_disaster_tweets
KG_03512,# Modi Ministry Madhya Pradesh Train Derailment :  Village Youth Saved Many Lives,kaggle_nlp_disaster_tweets
KG_03513,Still and Box alarm for the train derailment at 61st and Calumet struck out on the orders of 2 - 1 - 21 .   # ChicagoScanner,kaggle_nlp_disaster_tweets
KG_03514,Consent Order on cleanup underway at CSX derailment site  -  Knoxville News Sentinel,kaggle_nlp_disaster_tweets
KG_03518,Madhya Pradesh Train Derailment :  Village Youth Saved Many Lives :  A group of villagers saved over 70 passengers '  lives after two train .,kaggle_nlp_disaster_tweets
KG_03519,"MP train derailment :  Village youth saved many lives
  # IndiaTV",kaggle_nlp_disaster_tweets
KG_03521,@ greateranglia I know the cow incident not yr fault by how where they on the line could of caused a derailment,kaggle_nlp_disaster_tweets
KG_03523,"CHICAGO FD
STILL  &  BOX ALARM / EMS PLAN I 
 61ST  &  CALUMET FOR THE EL TRAIN DERAILMENT
CINS / TG",kaggle_nlp_disaster_tweets
KG_03525,@ Raishimi33  :  )  well I think that sounds like a fine plan where little derailment is possible so I applaud you  :  ),kaggle_nlp_disaster_tweets
KG_03526,Railway Minister Prabhu calls MP derailment a natural calamity,kaggle_nlp_disaster_tweets
KG_03527,Latest  :  Trains derailment :   ' It is the freakiest of freak accidents '   -  The Indian Express :  The Indi .    # Indian News,kaggle_nlp_disaster_tweets
KG_03528,@ AlvinNelson07 A train is not made to withstand collisions !  Immediate derailment .  It is totally fucked .,kaggle_nlp_disaster_tweets
KG_03529,#  ?   #  ?   #  ?   #  ?  Trains derailment :   ' It is the freakiest of freak accidents '   -  The Indian Express,kaggle_nlp_disaster_tweets
KG_03530,Suresh Prabhu calls Harda derailment a natural calamity ;  officials feel warning signs ignored :  Prabhu may regr .,kaggle_nlp_disaster_tweets
KG_03531,25 killed 50 injured in Madhya Pradesh twin train derailment,kaggle_nlp_disaster_tweets
KG_03532,Mumbai24x7 Helping Hand :  In Mumbai 2 TTEs take charge of helpline to calm anxious relatives  -  The Ind .    # Mumbai,kaggle_nlp_disaster_tweets
KG_03533,Trains derailment :   ' It is the freakiest of freak accidents '   -  The Indian Express   # News   # topstories,kaggle_nlp_disaster_tweets
KG_03536,Trains derailment :   ' It is the freakiest of freak accidents '   -  The Indian Express,kaggle_nlp_disaster_tweets
KG_03537,PHOTOS :  Green Line derailment near Cottage Grove and Garfield :,kaggle_nlp_disaster_tweets
KG_03540,# Modi Ministry Railway Minister Prabhu calls MP derailment a natural calamity,kaggle_nlp_disaster_tweets
KG_03542,Train derailment :  In Patna no news of any casualty so far  -  The Indian Express,kaggle_nlp_disaster_tweets
KG_03543,After the green line derailment my concern for track that looks like this goes up a bit .   @ cta  @ CTAFails,kaggle_nlp_disaster_tweets
KG_03544,Very sad to learn of the derailment of 2 trains in Mp . My deepest condolences to the families who lost loved ones in this Mishap  @ OfficeOfRG,kaggle_nlp_disaster_tweets
KG_03548,Scene of the derailment .  CTA Green Line at 63rd / Prairie,kaggle_nlp_disaster_tweets
KG_03550,Helping Hand :  In Mumbai 2 TTEs take charge of helpline to calm anxious relatives  -  The Indian Exp .   MumbaiTimes,kaggle_nlp_disaster_tweets
KG_03554,Thanks a lot roadworks men cos a tube strike was not disruptive enough so having to walk the desolate route from Tottenham to  .,kaggle_nlp_disaster_tweets
KG_03560,Me watching Law  &  Order  ( IB :   @ sauldale305 )   ( Vine by  @ NaturalExample ),kaggle_nlp_disaster_tweets
KG_03572,I totally agree .  They rape kill destroy and leave land desolate .  Action needs to happen before the swarm swells .,kaggle_nlp_disaster_tweets
KG_03578,Unexercised honda run - down neighborhood desolate :  PSqD,kaggle_nlp_disaster_tweets
KG_03582,@ binellithresa TY for the follow Go To  BRUTALLY ABUSED + DESOLATE & LOST  +  HER LOVELY MUM DIES . Is it Murder ?,kaggle_nlp_disaster_tweets
KG_03591,@ Bill_Roose That looks so desolate and just . depressing,kaggle_nlp_disaster_tweets
KG_03595,@ CorleoneDaBoss bc its risky and costly I do not see a need to do that when there is not anything there .  It is totally desolate .,kaggle_nlp_disaster_tweets
KG_03598,?  This Weekend :  Stockholm Sweden  -  Aug 8 at Copperfields,kaggle_nlp_disaster_tweets
KG_03602,The date for the release of EP03 DESOLATION is set .  Stay tuned for more info while we finalise the schedule .   # alt  # electro  # rock  # comingsoon,kaggle_nlp_disaster_tweets
KG_03607,Just came back from camping and returned with a new song which gets recorded tomorrow .  Cannot wait !   # Desolation  # TheConspiracyTheory  # NewEP,kaggle_nlp_disaster_tweets
KG_03613,RT kurtkamka :  Beautiful desolation .  Just me a couple of coyotes some lizards and the morning sun .   # Phoenix  # Ariz,kaggle_nlp_disaster_tweets
KG_03625,going to redo my nails and watch behind the scenes of desolation of smaug ayyy,kaggle_nlp_disaster_tweets
KG_03635,Fotoset :  elanorofrohan :  10th December 2013 Green Carpet in Zurich for the Swiss Premiere of The Desolation .,kaggle_nlp_disaster_tweets
KG_03640,"This desperation dislocation
Separation condemnation
Revelation in temptation
Isolation desolation
Let it go and so to find away",kaggle_nlp_disaster_tweets
KG_03650,destroy the free fandom honestly,kaggle_nlp_disaster_tweets
KG_03660,Just made anthonys bed considering i destroy it everytime i fall asleep .  Smh  ?,kaggle_nlp_disaster_tweets
KG_03662,Dem FLATLINERS who destroy creativity - balance - longevity  &  TRUTH stand with Lucifer in all his flames of destruction,kaggle_nlp_disaster_tweets
KG_03663,Watch These Super Strong Magnets Destroy Everyday Objects :,kaggle_nlp_disaster_tweets
KG_03664,@ Beyonce  @ NicoleKidman  @ Oprah these money grubbing kikes need to get a clueI have no money but I can still destroy with telekinesis .  Watch .,kaggle_nlp_disaster_tweets
KG_03676,@ SarniamakChris  @ Hromadske  @ kasiadear33  how silly that one of only two countries that can destroy the world has a say about world security,kaggle_nlp_disaster_tweets
KG_03679,5 / 6 will destroy Reg C competitiveness .    The entire region will B over - saturated .    Yes Brockton gets  $ 12M and RegC Commonwealth PPC and,kaggle_nlp_disaster_tweets
KG_03684,( SJ GIST )  :  148 Houses Farm Produce Destroy .    # StreetjamzDotNet  |,kaggle_nlp_disaster_tweets
KG_03690,Politics  =  Preschool Attitude :  Russia orders to destroy all food coming from countries it does not like .   -  There is no hunger in the world ?,kaggle_nlp_disaster_tweets
KG_03715,# EverydayNaija  |  Flood :  Two people dead 60 houses destroyed in Kaduna,kaggle_nlp_disaster_tweets
KG_03717,Flood :  Two people dead 60 houses destroyed in Kaduna :  Two people have been reportedly killed and 60 houses ut .,kaggle_nlp_disaster_tweets
KG_03724,@ freeMurphy Your hot take on Canada ' s hitchhiking garbage - bot  ( destroyed in Philly )  was sorely needed .,kaggle_nlp_disaster_tweets
KG_03725,Flood :  Two people dead 60 houses destroyed in Kaduna :  Two people have been reportedly killed an .    # SemasirTalks,kaggle_nlp_disaster_tweets
KG_03735,70 years after  # ABomb destroyd  # Hiroshima # BBC looks at wht  # survived   # CNV Watch Peace Vigils :,kaggle_nlp_disaster_tweets
KG_03737,@ DavidVitter Hi David in 2003 I saw the USA walk into a war that destroyed the lives of millions .  You can prevent a repeat .   # Iran Deal,kaggle_nlp_disaster_tweets
KG_03745,Ford Truck Starts Up And Drives Off After Being DESTROYED By Tornado !,kaggle_nlp_disaster_tweets
KG_03748,New RAN report from the frontlines of human rights abuses and forest destruction for fashion .  :,kaggle_nlp_disaster_tweets
KG_03765,# Putin decree results in destruction of 10 tons of imported cheese near Russia - Ukraine border .  RT  @ Independent,kaggle_nlp_disaster_tweets
KG_03770,How American war planners singled out Hiroshima for destruction,kaggle_nlp_disaster_tweets
KG_03772,@ HassanRouhani Wars doomed to destruction loss money must invest in Iran ' s inside that should not go outside,kaggle_nlp_disaster_tweets
KG_03795,RSS :  Russia begins mass destruction of illegally imported food,kaggle_nlp_disaster_tweets
KG_03796,So you have a new weapon that can cause un - imaginable destruction .,kaggle_nlp_disaster_tweets
KG_03800,Bomb squad set to detonate backpack Antioch Tenn .  theater gunman had on him officials say  -   @ Tennessean,kaggle_nlp_disaster_tweets
KG_03802,Apollo Brown ft .  M . O . P -  Detonate  -,kaggle_nlp_disaster_tweets
KG_03810,Detonate  ( feat .  M . O . P .  )  by Apollo Brown,kaggle_nlp_disaster_tweets
KG_03812,# Boulder deputies are waiting for the bomb squad to detonate grenade like this one found in Stearns lake today,kaggle_nlp_disaster_tweets
KG_03819,@ BldrCOSheriff says 2nd grenade found is  ' younger '  that WWII era grenade found earlier .  They ' ll detonate it at 8 : 00 tonight .   @ CBSDenver,kaggle_nlp_disaster_tweets
KG_03824,52 . 214904 5 . 139055 Nuke please .  Target Hilversum please detonate 800 meters below surface .,kaggle_nlp_disaster_tweets
KG_03826,@ channelstv : That is why terrorism is not d war for d army but for Intel agents who can counter their moves before they detonate their bombs .,kaggle_nlp_disaster_tweets
KG_03837,Apollo Brown  -  Detonate  ( Ft .  M . O . P .  )    # FIYA !,kaggle_nlp_disaster_tweets
KG_03838,@ SourMashNumber7  @ tomfromireland  @ rfcgeom66  @ BBCTalkback They did not succeed the other two times either .  Bomb did not detonate & Shots missed .,kaggle_nlp_disaster_tweets
KG_03842,# hiphop  # news  # indie Apollo Brown  Detonate Ft .  M . O . P .   -   < a href =  '  .,kaggle_nlp_disaster_tweets
KG_03853,Ignition Knock  ( Detonation )  Sensor - Senso Standard KS94,kaggle_nlp_disaster_tweets
KG_03855,Dorman 917 - 033 Ignition Knock  ( Detonation )  Sensor Connector,kaggle_nlp_disaster_tweets
KG_03860,Ignition Knock  ( Detonation )  Sensor - Senso fits 01 - 06 BMW 325Ci 2 . 5L - L6,kaggle_nlp_disaster_tweets
KG_03866,Ignition Knock  ( Detonation )  Sensor - Senso BECK / ARNLEY 158 - 0853,kaggle_nlp_disaster_tweets
KG_03877,do not miss Chris  # Appy ' s detonation of the myths obscuring our crime in  # Hiroshima 70 yrs ago this month .   @ salon,kaggle_nlp_disaster_tweets
KG_03879,Detonation fashionable mountaineering electronic watch water - resistant couples leisure tab,kaggle_nlp_disaster_tweets
KG_03893,"We are on our way to Hiroshima . 
Today is the 70th anniversary of the detonation of the atomic bomb .",kaggle_nlp_disaster_tweets
KG_03895,70 years after  :  Hiroshima and Nagasaki  -  consequences of a nuclear detonation  @ ICRC,kaggle_nlp_disaster_tweets
KG_03900,Man Currensy really be talkin that talk .  I would be more devastated if he had a ghostwriter than anybody else .,kaggle_nlp_disaster_tweets
KG_03901,Richmond Coaches were devastated to hear of the death of their second driver Mr Chance who was sitting :  Jam .,kaggle_nlp_disaster_tweets
KG_03903,Zayn Malik  &  Perrie Edwards End Engagement :  Shes Devastated,kaggle_nlp_disaster_tweets
KG_03904,@ UN No more  # GujaratRiot  &   # MumbaiRiot92 - 93 which devastated 1000 & 1000 Indianperpetrated by  # Modi  &   # ChawalChorbjp  @ UN_Women   @ UNNewsTeam,kaggle_nlp_disaster_tweets
KG_03905,(  # Los Del Sonido )  Obama Declares Disaster for Typhoon Devastated Saipan :  Obama signs disaster declaration for Northern Ma .    (  # Ivan Berroa ),kaggle_nlp_disaster_tweets
KG_03906,Obama declares disaster for typhoon - devastated Saipan :  President Barack Obama has declared the Commonwealth of .,kaggle_nlp_disaster_tweets
KG_03907,Obama declares disaster for typhoon - devastated Saipan  # Worldnews,kaggle_nlp_disaster_tweets
KG_03908,Obama Declares Disaster for Typhoon Devastated Saipan :  Obama signs disaster declaration for Northern Marians a .,kaggle_nlp_disaster_tweets
KG_03933,abcnews  -  Obama Declares Disaster for Typhoon Devastated Saipan :  Obama signs disaster declaration for Northern .,kaggle_nlp_disaster_tweets
KG_03935,' Er indoors will be devastated .  RIP Arfur .   # GeorgeCole,kaggle_nlp_disaster_tweets
KG_03936,@ argentings WE COULD HAVE HAD IT AAAAAAALLLL Im not even on that season and Im devastated,kaggle_nlp_disaster_tweets
KG_03937,Obama Declares Disaster for Typhoon Devastated Saipan :,kaggle_nlp_disaster_tweets
KG_03948,@ WesleyLowery  ?  how are you going to survive this devastation ?,kaggle_nlp_disaster_tweets
KG_03949,I am in utter shock and devastation you do not go to work to be left feeling how I do now .  Life really is too short  ?,kaggle_nlp_disaster_tweets
KG_03950,In this fragile global economy considering the devastation the alternatives would cause  .  it is the best reason  .,kaggle_nlp_disaster_tweets
KG_03951,"In Kalmikya Astrakhan Volgagrad and Dagestan there is already no food left for the locusts

   via  @ TIMEWorld",kaggle_nlp_disaster_tweets
KG_03952,70 Years After Atomic Bombs Japan Still Struggles With War Past :  The anniversary of the devastation wrought b .,kaggle_nlp_disaster_tweets
KG_03954,"# LatestNews  # CNBC  # CNN

The anniversary of the devastation wrought by the first military use of an atomic weapon c",kaggle_nlp_disaster_tweets
KG_03957,@ cllrraymogford Indeed Ray devastation would be far more comprehensive  # Hiroshima,kaggle_nlp_disaster_tweets
KG_03958,70 Years After Atomic Bombs Japan Still Struggles With Wartime Past :  The anniversary of the devastation wroug .,kaggle_nlp_disaster_tweets
KG_03961,Classic WWW  Hiroshima / Nagasaki :  Atomic Devastation Hidden for Decades :  The people of Hiroshima and Nagasaki  .,kaggle_nlp_disaster_tweets
KG_03964,# HungerArticles :  Nepal :  Rebuilding Lives and Livelihoods After Quake Devastation,kaggle_nlp_disaster_tweets
KG_03967,70 Years After Atomic Bombs Japan Still Struggles With War Past  The anniversary of the devastation wrought by the,kaggle_nlp_disaster_tweets
KG_03970,@ Pam_Palmater i agree with  @ perrybellegarde to get out  &  vote .  Look at devastation  @ Stephen Harper caused  # FirstNations  # IdleNoMore  # cndpoli  # yyj,kaggle_nlp_disaster_tweets
KG_03979,# Thorium Radioactive Weapons .  Scandals murders and environmental devastation :   -  VIDEO,kaggle_nlp_disaster_tweets
KG_03984,What would your city look like if it had been the subject of the  # Hiroshima bombing ?  Hint - devastation .   # BeyondtheBomb,kaggle_nlp_disaster_tweets
KG_03990,$ 10M SETTLEMENT attained using our illustrations to help jurors understand the true devastation of internal injuries :,kaggle_nlp_disaster_tweets
KG_03993,# health  # Newyear The anniversary of the devastation wrought by the first military use of an atomic weapon come .,kaggle_nlp_disaster_tweets
KG_03994,I visited Hiroshima in 2006 .  It is an incredible place .  This model shows devastation of the bomb .,kaggle_nlp_disaster_tweets
KG_03996,Water now tops the charts for highest global risk in terms of devastation ahead of nuclear war or a global pandemic,kaggle_nlp_disaster_tweets
KG_04000,More Natural Disaster Research Urgent  via  # Jakarta Post,kaggle_nlp_disaster_tweets
KG_04006,å¬ ' Only the sea knows how many are dead '   @ MSF_Sea after last disaster in  # Mediterranean turned into a massgrave,kaggle_nlp_disaster_tweets
KG_04010,@ Tim_A_Roberts witho giving up too much of Nana France reminds me of America right before the war in Iraq .  A restlessness leading to disaster,kaggle_nlp_disaster_tweets
KG_04011,Strengthening partnerships  # AfterHaiyan   # Haiyan  # YolandaPh  # Philippines  # livelihood  # disasterrecovery  # disaster,kaggle_nlp_disaster_tweets
KG_04017,CW500 :  Dealing with disaster  -,kaggle_nlp_disaster_tweets
KG_04019,Blue Bell May Be Close to a Return From Its Listeria Disaster .  Hot on  # theneeds  # Recipes,kaggle_nlp_disaster_tweets
KG_04020,Jeff Locke .  Train wreck .  F ' in disaster .  Fortunately the Pirates acquired a top quality starter in J . A .  Oh wait .   # Blowltan,kaggle_nlp_disaster_tweets
KG_04021,# Metepec  # Mexico  -   ? NIGHT DISASTER ?  . E ( Oficial )   @   # NitClub  # music  # music,kaggle_nlp_disaster_tweets
KG_04022,DISASTER AVERTED :  Police kill gunman with  ' hoax device '  at cinema   via  # Foxnews,kaggle_nlp_disaster_tweets
KG_04024,TV :  Vitaly Churkin Briliantly Exposes the Hypocrisy of the Ukraine ' s FM Klimkin About the MH17 Disaster,kaggle_nlp_disaster_tweets
KG_04025,Illinois Tornado Slipped Under The Radar Emergency Officials Say,kaggle_nlp_disaster_tweets
KG_04026,Top insurer blasts lack of Australian Govt action on disaster mitigation  via  @ smh,kaggle_nlp_disaster_tweets
KG_04032,@ Gurmeetramrahim  # MSGDoing111WelfareWorks Green S welfare force ke appx 65000 members har time disaster victim ki help ke liye tyar hai .,kaggle_nlp_disaster_tweets
KG_04038,"Keeps askin me what this means
Not like i got the answers
Plus if i say the wrong thing
This might just turn into a disaster",kaggle_nlp_disaster_tweets
KG_04044,DISASTER AVERTED :  Police kill gunman with  ' hoax device '  at cinema,kaggle_nlp_disaster_tweets
KG_04049,# Myanmar  Displaced  # Rohingya at  # Sittwe point of no return    # Prison like conditions  # genocide Humanitarian Relief MSF Refugees,kaggle_nlp_disaster_tweets
KG_04050,Crews were out all day boarding up windows at the park at the Galleria apts .  where fire displaced 55 this AM .,kaggle_nlp_disaster_tweets
KG_04051,. POTUS  # Strategic Patience is a strategy for  # Genocide ;  refugees ;  IDP Internally displaced people ;  horror ;  etc .,kaggle_nlp_disaster_tweets
KG_04052,300000 Dead 1200000 injured 11000000 Displaced this is  # Syria 2015 visit     # US  # Canada,kaggle_nlp_disaster_tweets
KG_04054,# Myanmar  ' s Displaced  # Rohingya at  # Sittwe point of no return  Prison - like conditionsprivation,kaggle_nlp_disaster_tweets
KG_04057,# KCA  # VoteJKT48ID 12News :  UPDATE :  A family of 3 has been displaced after fired damaged housed near 90th and Osborn .  Fire extinguished no i,kaggle_nlp_disaster_tweets
KG_04060,@ I_AmTalia  @ SGC72  ' Thousands of people were displaced / injured / killed but hey now there is more opportunity for different restaurants !  ',kaggle_nlp_disaster_tweets
KG_04062,Philippines Must Protect Internally Displaced Persons Warns UN Expert,kaggle_nlp_disaster_tweets
KG_04063,At least 180 dead a million displaced in India floods  -  India  |  ReliefWeb,kaggle_nlp_disaster_tweets
KG_04065,9000 Photographs from 1800 ' s British Mandate of Palestine  -  with no trace of  ' Palestinians ',kaggle_nlp_disaster_tweets
KG_04079,Historic flooding across Asia leaves hundreds dead millions displaced :,kaggle_nlp_disaster_tweets
KG_04080,Angry Woman Openly Accuses NEMA Of Stealing Relief Materials Meant For Internally Displaced People  :  An angry Internally Displaced wom .,kaggle_nlp_disaster_tweets
KG_04081,# Myanmar  Displaced  # Rohingya at  # Sittwe point of no return    # Prison like conditions  # genocide  @ Humanitarian Relief  @ MSF  @ Refugees,kaggle_nlp_disaster_tweets
KG_04084,Philippines Must Protect Internally Displaced Persons Warns UN Expert  -  The Diplomat,kaggle_nlp_disaster_tweets
KG_04087,40 displaced by Ocean Township apartment fire  # NewYork  -,kaggle_nlp_disaster_tweets
KG_04088,PennLive  -  Two families displaced by Mechanicsburg blaze  -  No one was injured in the fire .,kaggle_nlp_disaster_tweets
KG_04089,@ Peter Jukes A crime that killed / displaced millions .  In which systematic torture was carried out .  But look .  GrahamWP fired a gun !  Arrest him !,kaggle_nlp_disaster_tweets
KG_04091,'  @ PhelimKine :   # Myanmar  ' s Displaced  # Rohingya at  # Sittwe point of no return    ',kaggle_nlp_disaster_tweets
KG_04093,Could Billboard ' s Hot 100 chart be displaced by these social - media - driven music charts ?,kaggle_nlp_disaster_tweets
KG_04094,Real people .  True stories .  Real pain  &  suffering .   # displaced  # RefugeesMatter  # Syria,kaggle_nlp_disaster_tweets
KG_04096,"Elem Pomo helping the displaced from the Rocky Fire .  Please consider ! 
Elem Evacuation Center  via  @ go fund me",kaggle_nlp_disaster_tweets
KG_04098,# Nevada ' s exceptional  # drought steady at ~11 %  ;  ~ 95 %  of  # NV in drought :    @ DroughtGov,kaggle_nlp_disaster_tweets
KG_04100,U . S .  in record hurricane drought,kaggle_nlp_disaster_tweets
KG_04101,U . S .  record hurricane drought .,kaggle_nlp_disaster_tweets
KG_04103,Worried about how the CA drought might affect you ?  Extreme Weather :  Does it Dampen Our Economy ?,kaggle_nlp_disaster_tweets
KG_04104,LLF TALK WORLD NEWS U . S .  in record hurricane drought  -  The United States has not been hit by a major hurricane in t .,kaggle_nlp_disaster_tweets
KG_04105,:  U . S .  in record hurricane drought,kaggle_nlp_disaster_tweets
KG_04107,w -  =  -  =  -  =  -  [  NEMA warns Nigerians to prepare for drought,kaggle_nlp_disaster_tweets
KG_04108,# MakeWaterWork Okanagan !  Drought rating maxed out  -  Okanagan Valley    # WesternCanadaDrought,kaggle_nlp_disaster_tweets
KG_04111,Gov .  Brown links CA wildfire to drought,kaggle_nlp_disaster_tweets
KG_04112,"Heat wave is relentless :   91å¡F Feels Like 100 Humidity 55 %   + 
relentless drought too :  now Dominicana .  I know is worse in other places .",kaggle_nlp_disaster_tweets
KG_04113,Treasures revealed as California drought drains lakes,kaggle_nlp_disaster_tweets
KG_04114,CANADA BC DROUGHT :  Okanagan region issued Level 4 rating  -  Okanagan River  ( Columbia trib )  fishing suspended to Sep 30,kaggle_nlp_disaster_tweets
KG_04116,Its time to do away with drought . Check out how the  # cloud  # IOT are helping conserve water,kaggle_nlp_disaster_tweets
KG_04121,BLOG :  Rain much needed as drought conditions worsen :  Right now Charlotte and much of the surrounding area have,kaggle_nlp_disaster_tweets
KG_04122,# weed news How marijuana is making California drought worse  -  Christian Science Monitor,kaggle_nlp_disaster_tweets
KG_04123,# DroughtMonitor :  Moderate or worse  # drought  ?  to ~27 %  of contig USA ;  affects ~80M people .,kaggle_nlp_disaster_tweets
KG_04124,Pretty neat website to get the latest drought conditions in your area,kaggle_nlp_disaster_tweets
KG_04128,The Drought Is Real  ?,kaggle_nlp_disaster_tweets
KG_04129,@ Michael5SOS California is in a drought .  what are you gonna do about this issue ?  if you want to be president this attitude will not work with m,kaggle_nlp_disaster_tweets
KG_04132,For these Californians it is like living in Africa ' s Sahel desert  -  just finding water a daily chore .,kaggle_nlp_disaster_tweets
KG_04133,U . S .  in record hurricane drought :  The United States has not been hit by a major hurricane in the past nine years and it seems like that,kaggle_nlp_disaster_tweets
KG_04138,California meets drought - fueled fire season with extra crews .  Related Articles :,kaggle_nlp_disaster_tweets
KG_04139,Moderate  # drought is spreading rapidly across central Ga .   # Macon  # WarnerRobins  # Dublin  # Milledgeville  # Georgia Weather,kaggle_nlp_disaster_tweets
KG_04140,Thought it was a drought  @ _ASHJ ?,kaggle_nlp_disaster_tweets
KG_04141,@ _gaabyx we got purple activist I thought it was a drought,kaggle_nlp_disaster_tweets
KG_04142,We happily support mydrought  a project bringing awareness to the LA drought .  Track your water,kaggle_nlp_disaster_tweets
KG_04143,' California ' s Burning :  '  Gov .  on Drought Wildfires,kaggle_nlp_disaster_tweets
KG_04145,LLF TALK  WORLD NEWS U . S .  in record hurricane drought  -  The United States has not been hit by a major hurricane in  .,kaggle_nlp_disaster_tweets
KG_04150,.  @ karijobe and her band killed it tonight .   It was almost loud enough to drown out the tambourine behind me .   @ codycarnes  @ AG_USA,kaggle_nlp_disaster_tweets
KG_04172,I cannot drown my demons they know how to swim,kaggle_nlp_disaster_tweets
KG_04184,We are getting some reports of flooding near Jonesboro High School .  Please use caution when driving in the area .  Turn around do not drown !,kaggle_nlp_disaster_tweets
KG_04200,Wtf this mom just drowned her child ?  !,kaggle_nlp_disaster_tweets
KG_04201,Hundreds feared drowned as migrant boat capsizes off Libya,kaggle_nlp_disaster_tweets
KG_04202,Sadly before she could save humanity Ursula drowned in the drool of a protoshoggoth but at least she sort of died doing what she loved .,kaggle_nlp_disaster_tweets
KG_04211,# DW Hundreds feared drowned as migrant boat capsizes off Libya :  Hundreds of migrants are,kaggle_nlp_disaster_tweets
KG_04212,via  @ dw_english Hundreds feared drowned as migrant boat capsizes off Libya   # UFO4UBlogEurope,kaggle_nlp_disaster_tweets
KG_04218,Migrants drown at sea after boat capsizes off  # Libya,kaggle_nlp_disaster_tweets
KG_04220,Visting Georgina at The Drowned Rat Cafe . awful view !,kaggle_nlp_disaster_tweets
KG_04225,Toddler drowned in bath after mum left room to fetch his pyjamas,kaggle_nlp_disaster_tweets
KG_04227,So I pick myself off the ground and swam before I drowned .  Hit the bottom so hard I bounced twice suffice this time around is different .,kaggle_nlp_disaster_tweets
KG_04233,Jacksonville  family bands together as memorial is planned for   .,kaggle_nlp_disaster_tweets
KG_04235,Hundreds feared drowned after another Mediterranean asylum seeker boat sinking,kaggle_nlp_disaster_tweets
KG_04237,I got drowned like 5 times in the damn game today  ?,kaggle_nlp_disaster_tweets
KG_04238,80 tons of cocaine worth 125 million dollars drowned in  # Alameda  . now that is a American drought  # coke,kaggle_nlp_disaster_tweets
KG_04243,Hundreds of migrants feared drowned off Libya :  Migrants stand next to their tent at a camp set near Calais,kaggle_nlp_disaster_tweets
KG_04252,Grace :  this is not your first  '  storm '  you know bicycles fences trees will fly as well as idiots drowning that go by swollen rivers .,kaggle_nlp_disaster_tweets
KG_04253,LONDON IS DROWNING AND IIII LIVE BY THE RIVEEEEEER,kaggle_nlp_disaster_tweets
KG_04260,' Drowning '   -  Acrylic 08 . 05 . 15,kaggle_nlp_disaster_tweets
KG_04264,@ _jeesss_  @ Ethereal_7 Hello 911 yeah we have someone drowning here send a medic,kaggle_nlp_disaster_tweets
KG_04266,@ HeyImBeeYT its like theres fire in my skin and im drowning from within  ?,kaggle_nlp_disaster_tweets
KG_04271,No reported cases of people drowning in sweat . FYI,kaggle_nlp_disaster_tweets
KG_04272,Family mourns drowning of  ' superhero '  toddler with rare epilepsy  -  Chicago Tribune,kaggle_nlp_disaster_tweets
KG_04273,@ NigelTanner1 Believe it or not we have had too MUCH rain here .  Our newly planted maple trees are actually drowning .,kaggle_nlp_disaster_tweets
KG_04274,Boy saves autistic brother from drowning :  A nine - year - old in Maine dove into a pool to save his autistic brother from drowning,kaggle_nlp_disaster_tweets
KG_04299,Some poor sods arriving in Amman during yesterday ' s dust storm were diverted to Ben Gurion airport :,kaggle_nlp_disaster_tweets
KG_04300,Kids Disappear in Dust Storm in Atmospheric Aussie Thriller  RT  @ News Sacramento,kaggle_nlp_disaster_tweets
KG_04301,NASA MODIS image :  Dust storm over Morocco and the Straits of Gibraltar   # duststorm,kaggle_nlp_disaster_tweets
KG_04303,"Totoooooo !  Totoooooooooo ! 
 '  @ Historicalmages :  Dust storm approaching Stratford Texas 18th April 1935 .   '",kaggle_nlp_disaster_tweets
KG_04304,Severe storm weakening as it moves SE towards Lubbock area .   Outflow boundary may create dust and 50 mph gusts,kaggle_nlp_disaster_tweets
KG_04305,When the answer my friend is not blowing in the wind - IT ' S YELLING !   - How to Survive a Dust Storm,kaggle_nlp_disaster_tweets
KG_04307,How to Survive a Dust Storm,kaggle_nlp_disaster_tweets
KG_04309,Dust Storm  ' en route '  from Alice Springs to Uluru,kaggle_nlp_disaster_tweets
KG_04317,@ RetiredFilth people in sydney woke up to the whole sky being red after a dust storm . like unreal .,kaggle_nlp_disaster_tweets
KG_04318,There is a big storm brewing dark clouds thunder and rain carrying thick dust .  This could be interesting .,kaggle_nlp_disaster_tweets
KG_04320,I - 90 Vantage :  Backups eastbound with low visibility due to a dust storm about 4 miles east of the bridge .,kaggle_nlp_disaster_tweets
KG_04321,Good way to end the day !  Geyser plus dust storm !,kaggle_nlp_disaster_tweets
KG_04322,dust storm in riyadh  ?,kaggle_nlp_disaster_tweets
KG_04324,Let it be gone away like a dust in the wind  .  Big Wind like a Tornado with Blizzard Thunder and Storm its that what I always want it,kaggle_nlp_disaster_tweets
KG_04328,Storm headed towards Idaho Falls with blowing dust  &  winds to 60 mph .   US HWY 20  &  I15 look out .    # idwx,kaggle_nlp_disaster_tweets
KG_04329,Currently driving through a dust storm .,kaggle_nlp_disaster_tweets
KG_04330,I learned more about economics from one South Dakota dust storm than I did in all my years in college .    - Hubert Humphrey,kaggle_nlp_disaster_tweets
KG_04333,Raw Video :  Dust Storm Rolls Through Texas,kaggle_nlp_disaster_tweets
KG_04335,DUST IN THE WIND :   @ 82ndABNDIV paratroopers move to a loading zone during a dust storm in support of Operation Fury :,kaggle_nlp_disaster_tweets
KG_04336,Wall of noise is one thing  -  but a wall of dust ?  Moving at 60MPH ?   How to not get blown away !,kaggle_nlp_disaster_tweets
KG_04341,@ deadlydemi even staying up all night to he barrier for tÌüp and then having to run through a dust storm and almost passing out ?,kaggle_nlp_disaster_tweets
KG_04342,Going to a fest ?  Bring swimming goggles for the dust storm in the circle pit,kaggle_nlp_disaster_tweets
KG_04348,# Earthquake  # Sismo M 1 . 4  -  4km E of Interlaken California :  Time 2015 - 08 - 06 00 : 52 : 25 UTC 2015 - 08 - 05 17 : 52 : 25  - 07 .,kaggle_nlp_disaster_tweets
KG_04349,1 . 43 earthquake occurred near Mount St .  Helens area Washington at 09 : 36 UTC !   # earthquake,kaggle_nlp_disaster_tweets
KG_04350,Contruction upgrading ferries to earthquake standards in Vashon Mukilteo  -  Q13 FOX   # EarthquakeNews,kaggle_nlp_disaster_tweets
KG_04351,# 3Novices  :  Renison mine sees seismic event  A small earthquake at Tasmania ' s Renison tin project has created a tem,kaggle_nlp_disaster_tweets
KG_04353,2 . 0  # Earthquake in Sicily Italy  # iPhone users download the Earthquake app for more information,kaggle_nlp_disaster_tweets
KG_04354,USGS EQ :  M 1 . 2  -  23km S of Twentynine Palms California :  Time 2015 - 08 - 05 23 : 54 : 09 UTC 2015 - 08 - 05 16 :  .    # EarthQuake,kaggle_nlp_disaster_tweets
KG_04356,Some of the aftershocks can be just as big as the initial earthquake . ~,kaggle_nlp_disaster_tweets
KG_04357,# Sismo ML 2 . 4  NEAR THE COAST OF WESTERN TURKEY :  MagnitudeML 2 . 4RegionNEAR THE COAST OF WESTERN TURKEY .    # CS,kaggle_nlp_disaster_tweets
KG_04358,USGS EQ :  M 0 . 6  -  8km SSW of Anza California :  Time 2015 - 08 - 06 01 : 26 : 24 UTC 2015 - 08 - 05 18 : 26 : 24  - 07 : 0 .    # EarthQuake,kaggle_nlp_disaster_tweets
KG_04359,1 . 9 earthquake occurred 15km E of Anchorage Alaska at 00 : 11 UTC !   # earthquake  # Anchorage,kaggle_nlp_disaster_tweets
KG_04361,Raffi_RC :  RT SustainOurEarth :  Oklahoma Acts to Limit Earthquake Risk at Oil and Gas Wells  |  scoop . it  Loving all thi,kaggle_nlp_disaster_tweets
KG_04362,# USGS M 0 . 9  -  Northern California :  Time 2015 - 08 - 06 01 : 50 : 25 UTC 2015 - 08 - 06 01 : 50 : 25 UTC at epicenter .    # EarthTwerk,kaggle_nlp_disaster_tweets
KG_04363,# SCSeEstaPreparando Light mag .  4 . 4 earthquake   -   -  73km SW of Khuzdar Pakistan on Wednes .   via  @ volcanodiscover,kaggle_nlp_disaster_tweets
KG_04365,# USGS M 1 . 2  -  23km S of Twentynine Palms California :  Time 2015 - 08 - 05 23 : 54 : 09 UTC 2015 - 08 - 05 16 : 54 : 09  - 07 : 0 .    # SM,kaggle_nlp_disaster_tweets
KG_04368,Nepal earthquake 3 months on :  Women fear abuse  via  @ loupascale,kaggle_nlp_disaster_tweets
KG_04373,USGS reports a M1 . 94  # earthquake 5km S of Volcano Hawaii on 8 / 6 / 15  @  1 : 04 : 01 UTC   # quake,kaggle_nlp_disaster_tweets
KG_04374,GNS sees unnecessary deaths resulting from earthquake strengthening legislation   (  $  ),kaggle_nlp_disaster_tweets
KG_04375,' There was a small earthquake in LA but do not worry Emily Rossum is fine '   # difficultpeople is great,kaggle_nlp_disaster_tweets
KG_04376,USGS EQ :  M 1 . 9  -  15km E of Anchorage Alaska :  Time 2015 - 08 - 06 00 : 11 : 16 UTC 2015 - 08 - 05 16 : 11 : 16  - 08 : 0 .    # EarthQuake,kaggle_nlp_disaster_tweets
KG_04377,# Earthquake  # Sismo M 1 . 9  -  15km E of Anchorage Alaska :  Time 2015 - 08 - 06 00 : 11 : 16 UTC 2015 - 08 - 05 16 : 11 : 16  - 08 : 00  .,kaggle_nlp_disaster_tweets
KG_04378,Contruction upgrading ferries to earthquake standards in Vashon Mukilteo :  The upgrades will bring the vulnera .,kaggle_nlp_disaster_tweets
KG_04381,M1 . 57  [ 01 : 11 UTC ]  ? 3km NNW of Lake Henshaw California .,kaggle_nlp_disaster_tweets
KG_04382,earthquake drill atm,kaggle_nlp_disaster_tweets
KG_04388,@ DArchambau THX for your great encouragement and for RT of NEW VIDEO  The Coming Apocalyptic US Earthquake  &  Tsunami,kaggle_nlp_disaster_tweets
KG_04391,Earthquake drill  ?,kaggle_nlp_disaster_tweets
KG_04392,# earthquake  ( EMSC )  :  MD 2 . 9 OFF COAST OF NORTHERN CALIFORNIA  G,kaggle_nlp_disaster_tweets
KG_04393,' There was a small earthquake in LA but do not worry Emmy Rossum is fine ',kaggle_nlp_disaster_tweets
KG_04395,Sure the  # Megaquake story brought a sense of panic but the question is :  will anything really change ?,kaggle_nlp_disaster_tweets
KG_04396,Earthquake  :  M 3 . 4  -  96km N of Brenas Puerto Rico :  Time 2015 - 08 - 05 10 : 34 : 24 UTC 2015 - 08 - 05 06 : 34 : 24  - 04 : 00 at,kaggle_nlp_disaster_tweets
KG_04397,Scared to be living in Seattle when this predicted earthquake is going to destroy  ?,kaggle_nlp_disaster_tweets
KG_04441,"@ Fox News He still has his beard  -  has he been visited by any1 while in prison ?  If he keeps that hideous beard electrocute him !  
 # UglyPeople",kaggle_nlp_disaster_tweets
KG_04449,# pakistan # news #  Pakpattan City News :  Man electrocuted From Our Correspondent Pakpattan :  A man was electrocuted .,kaggle_nlp_disaster_tweets
KG_04459,Youth electrocuted in Khulna   |    via  @ sharethis,kaggle_nlp_disaster_tweets
KG_04463,South Side factory where worker electrocuted pays  $ 17000 penalty  # Columbus  -,kaggle_nlp_disaster_tweets
KG_04464,Michael talking about when he was electrocuted omg  # ROWYSOLouisville,kaggle_nlp_disaster_tweets
KG_04466,I am loving this classic barn shot !  We may or may not have got electrocuted got stung a few times and stepped in .,kaggle_nlp_disaster_tweets
KG_04472,MT  @ Earths_Voice Treatment of  # tigers in  # China is appalling :  electrocuted in front of businessmen  &  eaten   # SaveTi .,kaggle_nlp_disaster_tweets
KG_04476,I was blow drying my hair  &  the cable caught on fire .  I let go of it as soon as I realized .  Just before I could get electrocuted  ?,kaggle_nlp_disaster_tweets
KG_04479,Do babies actually get electrocuted from wall sockets ?  I am wondering how I and those before me survived childhood .,kaggle_nlp_disaster_tweets
KG_04487,Zotar ( 50 skeleton alchemist )  was electrocuted to death by Atamathon the Giant Golem on Golem Graveyard 1 .,kaggle_nlp_disaster_tweets
KG_04488,# pakistan # news #  Nankana Sahib City News :  Electrocuted From Our Correspondent Nankana Sahib :  A youth was electr .,kaggle_nlp_disaster_tweets
KG_04490,Watching a man electrocuted on the roof of  # mumbailocals is definitely a lesson .  People please learn !   # lessonforlife  # marinelines  # mumbai,kaggle_nlp_disaster_tweets
KG_04491,"Worked in factory pressing designs onto T - shirts was electrocuted 
d / t faulty ground .  Boss docked my pay while I was at ER  # Worst Summer Job",kaggle_nlp_disaster_tweets
KG_04496,Student electrocuted to death in school campus,kaggle_nlp_disaster_tweets
KG_04499,Survival Kit Whistle Fire Starter Wire Saw Cree Torch Emergency Blanket S knife   -  Full re,kaggle_nlp_disaster_tweets
KG_04503,Emergency Flow   mp3  rar,kaggle_nlp_disaster_tweets
KG_04514,Alaskas Prince of Wales  # ArchipelagoWolves are nearing  # Extinction .  Demand emergency protection !   # StandForWolves,kaggle_nlp_disaster_tweets
KG_04517,Plane from New York to Kuwait diverts to UK after declaring state of emergency,kaggle_nlp_disaster_tweets
KG_04522,UPDATE :  Indiana State Police reopening I - 65 near Lafayette following emergency bridge repairs that closed key highway for about 28 hours .,kaggle_nlp_disaster_tweets
KG_04523,SF Asian Women ' s Shelter crisis line  ( 415 )  751 - 0880 .  Emergency shelter / support services 4 non - English speaking Asian women  &  children .,kaggle_nlp_disaster_tweets
KG_04526,"Myanmar floods :  Childfund 
 and International Needs  and CARE Aust  @ CAREemergencies appeals",kaggle_nlp_disaster_tweets
KG_04530,Gonna call up tomorrow with the aul  ' emergency dental appointment '  excuse just like the whole tooth falling out incident of last year,kaggle_nlp_disaster_tweets
KG_04533,in BOTH  ' peacetime and times of national emergency .  ',kaggle_nlp_disaster_tweets
KG_04537,Former heroin addict shares story as city leaders sound alarm :  City officials said emergency teams responded t .,kaggle_nlp_disaster_tweets
KG_04539,Came across this fire video not mine . enjoy .  # fire  # firemen  # firetruck  # emergency  # rescue  # 911  # summertime  # sirens,kaggle_nlp_disaster_tweets
KG_04542,Denali wolf population declined from 143 in 2007 2 just 48 in 2015 .  Reinstate emergency buffer zone  # Protect Denali Wolves  @ Alaska  @ adndotcom,kaggle_nlp_disaster_tweets
KG_04543,@ chowtaxis of Newport a big thanks for the emergency run to pick Jackie up from Bristol temple messages much appreciated,kaggle_nlp_disaster_tweets
KG_04547,# EMERGENCY in Odai Bucharest Romania 600 Dogs Dying ! They are so Hungry that they EAT EACH OTHER !,kaggle_nlp_disaster_tweets
KG_04549,@ POTUS Thx for emergency dec .   4 days and no plan to get H20 to those who have no transport .  Can you deploy troops ?,kaggle_nlp_disaster_tweets
KG_04550,See Aug 4 2015 PoconoRecord  @ EmergencyMgtMag  -  How Many Households Have an  # Emergency Plan ?   |,kaggle_nlp_disaster_tweets
KG_04551,Our builder is having a dental emergency .  Which has ruined my plan to emotionally blackmail him this afternoon with my bump .,kaggle_nlp_disaster_tweets
KG_04553,"This from The City of Calgary  -  

City of Calgary has activated Municipal Emergency Plan

The Municipal Emergency .",kaggle_nlp_disaster_tweets
KG_04562,.  @ City of Calgary activates emergency plan amid severe thunderstorm warning   # yyc  # Alberta Storm,kaggle_nlp_disaster_tweets
KG_04563,City of Calgary activates Municipal Emergency Plan  -,kaggle_nlp_disaster_tweets
KG_04568,The City has activated the Municipal Emergency Plan .  Primarily stay indoors avoid flooded areas Call 311 for .,kaggle_nlp_disaster_tweets
KG_04569,City of Calgary activates Municipal Emergency Plan  -  660 NEWS,kaggle_nlp_disaster_tweets
KG_04571,Hello Calgary !  Important news !  Please be advised !,kaggle_nlp_disaster_tweets
KG_04575,b / c it costs less to have sick people using emergency rooms ?  . grrrr .,kaggle_nlp_disaster_tweets
KG_04576,"@ based_georgie :  yo forreal we need to have like an emergency action plan incase donald trump becomes president
Whipe that lil baby",kaggle_nlp_disaster_tweets
KG_04580,# Biztip We recommend all businesses to get an alternative source of electricity .   # Solar Wind and Batteries .  Have an emergency plan !  Now !,kaggle_nlp_disaster_tweets
KG_04582,When your body ' s like  ' go to fuck to sleep Sami '  and your mind ' s like  ' make an emergency plan for every natural disaster GO ',kaggle_nlp_disaster_tweets
KG_04585,Senators calling for emergency housing :  Boxer Feinstein back plan to move  # homeless vets to VA campus,kaggle_nlp_disaster_tweets
KG_04587,Severe thunderstorm warning remains for  # Cochrane .   @ City of Calgary has enacted municipal emergency plan after today ' s storm .   # Alberta Storm,kaggle_nlp_disaster_tweets
KG_04588,Cannot fix stupid .  MT  @ CBCCalgary do not drive through flooded underpasses warns city as it enacts Municipal Emergency Plan .   # yyc  # Alberta Storm,kaggle_nlp_disaster_tweets
KG_04590,A big issue left undone is HOW to get home if adverse weather hits .   @ GoTriangle has no real emergency plan in place,kaggle_nlp_disaster_tweets
KG_04592,City of Calgary activates municipal emergency plan as more thunderstorms approach,kaggle_nlp_disaster_tweets
KG_04593,The Municipal Emergency Plan is now in effect .  Stay safe everyone !   # Alberta Storm  # yyc,kaggle_nlp_disaster_tweets
KG_04595,Storm concludes City of Calgary ' s Municipal Emergency Plan deactivated,kaggle_nlp_disaster_tweets
KG_04597,@ chrisroth98  @ chaselabsports in an emergency situation late in the year .  Not as a plan in camp,kaggle_nlp_disaster_tweets
KG_04599,@ TfL Bus Alerts  @ TfL Bus Alerts The Drive in Ilford closed both ways while emergency services deal with a call out .  Buses are now stuck .,kaggle_nlp_disaster_tweets
KG_04600,@ Glenstannard  @ EssexWeather do you know where abouts as I heard emergency services near by,kaggle_nlp_disaster_tweets
KG_04602,Sustainability Task Force Presents Levy to Fund Emergency Services  -  WDTV,kaggle_nlp_disaster_tweets
KG_04604,# Nursing alert :  Emergency Department Psychiatric RN  (  . 90 FTE Day )   |  Providence Health  &  Services  |   # Olympia WA,kaggle_nlp_disaster_tweets
KG_04606,I am not an American but I have family who have served in the military work in the emergency services and work in .,kaggle_nlp_disaster_tweets
KG_04608,We are  # hiring !  Click to apply :  RN II / EMERGENCY SERVICES / FT / 7P - 7A  -    # Nursing  # Houston TX,kaggle_nlp_disaster_tweets
KG_04620,Removing tsunami debris from the West Coast :  Karen Robinson Enviromental and Emergency services manager of the,kaggle_nlp_disaster_tweets
KG_04624,# Breaking  # News  -  Call for Tasmania ' s emergency services to be trained in horse  .   -,kaggle_nlp_disaster_tweets
KG_04627,Emergency Shutdown Systems  -  Edmonton,kaggle_nlp_disaster_tweets
KG_04632,Goulburn man Henry Van Bilsen missing :  Emergency services are searching for a Goulburn man who disappeared from his,kaggle_nlp_disaster_tweets
KG_04641,Services are returning to normal  # SouthLine after a medical emergency at Yennora and urgent track equipment repairs at Cabramatta earlier .,kaggle_nlp_disaster_tweets
KG_04649,Just saw a car on the I - 77 Fully engulfed in flames hahah,kaggle_nlp_disaster_tweets
KG_04650,Men escape car engulfed in flames in Parley ' s Canyon crews investigating cause  -,kaggle_nlp_disaster_tweets
KG_04657,# TRAFFICALERT  Eastbound 210 Freeway at Citrus Ave in Azusa .  Two motorcycles involved in accident with one fully engulfed in flames in lanes,kaggle_nlp_disaster_tweets
KG_04659,He came to a land which was engulfed in tribal war and turned it into a land of peace i . e .  Madinah .   # Prophet Muhammad  # islam,kaggle_nlp_disaster_tweets
KG_04661,Tube strike live :  Latest travel updates as London is engulfed in chaos :    cross - London travel will be accepte .,kaggle_nlp_disaster_tweets
KG_04667,Tube strike live :  Latest travel updates as London is engulfed inchaos,kaggle_nlp_disaster_tweets
KG_04675,@ godsfirstson1 and she wrapped his coat around herself .  It practically engulfed her .,kaggle_nlp_disaster_tweets
KG_04678,# RaheelSharif is manifesting how one RIGHT man at the helm can save a Sinking Ship engulfed in a Dark - Stormy - Tidal - Sea .  Well Done .,kaggle_nlp_disaster_tweets
KG_04682,Fully Engulfed Garage Fire :  Propane Tanks Inside .  Sunnymeade Dr .,kaggle_nlp_disaster_tweets
KG_04689,Car engulfed in flames backs up traffic at Parleys Summit,kaggle_nlp_disaster_tweets
KG_04696,' Tube strike live :  Latest travel updates as London engulfed in chaos '   <  -  genuine baffling Telegraph headline,kaggle_nlp_disaster_tweets
KG_04697,Lucas Duda is Ghost Rider .  Not the Nic Cage version but an actual  ' engulfed in flames '  badass .   # Mets,kaggle_nlp_disaster_tweets
KG_04706,RT  @ calestous :  Tanzania elephant population declined by 60 %  in five years census reveals,kaggle_nlp_disaster_tweets
KG_04711,I feel like if MKayla and Cee ever got in the same room everyone should evacuate because it would be so petty and childish I could not deal,kaggle_nlp_disaster_tweets
KG_04712,CHICAGO  ( AP )   Organizers of Lollapalooza say they are reopening the music festival after the threat of a storm prompted them to evacuate,kaggle_nlp_disaster_tweets
KG_04713,Learn how to evacuate your home in the event of a  # wildfire view videos at   # CA  # NV  # UT  # CO  # OR,kaggle_nlp_disaster_tweets
KG_04714,Disaster control teams are studying ways to evacuate the port area in response to tidal wave warnings .  [ 900037 ],kaggle_nlp_disaster_tweets
KG_04716,When there is a fire alarm going off in zehrs and we keep working for 20 minutes then decide to evacuate everyone .,kaggle_nlp_disaster_tweets
KG_04717,California  &  # 039 ; monster &  # 039 ;  fire is 20 %  contained as 13000 are told to evacuate,kaggle_nlp_disaster_tweets
KG_04719,If you did a cannon ball into the ocean then Japan would evacuate .,kaggle_nlp_disaster_tweets
KG_04720,Firefigthers Evacuate from Northampton Township House Fire,kaggle_nlp_disaster_tweets
KG_04723,Fire crews evacuate passengers from a Gold Coast tram trapped when powerlines fell across a carriage .   # TenNews 5pm,kaggle_nlp_disaster_tweets
KG_04725,Disregard my snap story there is an angry white girl riot happening as we speak .   # evacuate,kaggle_nlp_disaster_tweets
KG_04731,Condemnation clearly replacing the latest response aimlessly dryer evacuate detersion de :  HLg,kaggle_nlp_disaster_tweets
KG_04732,The EFAK would be designed for building occupants once they evacuate and report to their evacuation assembly sites,kaggle_nlp_disaster_tweets
KG_04735,@ joonma_ dealbreaker that is it that is the dealbreaker s . o . s .  abandon ship evacuate the building,kaggle_nlp_disaster_tweets
KG_04736,So all the store ' s fire alarms went off today at work and we had to evacuate .  I was like  ' OMG !  I . S . I . S .  ITS HAPPENING !  ',kaggle_nlp_disaster_tweets
KG_04739,The U . S .  also flew over each bomb site in World War II with warning letters telling people to evacuate,kaggle_nlp_disaster_tweets
KG_04740,myGC :  Broken powerlines evacuate Gold Coast tram suspend services,kaggle_nlp_disaster_tweets
KG_04742,Sooo police dispatch said there was a person threatening to shoot up the Walmart on Rutherford  &  they had to evacuate,kaggle_nlp_disaster_tweets
KG_04745,US govt refuses to evacuate 1000s of Americans from Yemen   # yemen  # usa  # evacuation  # abandoned,kaggle_nlp_disaster_tweets
KG_04747,@ ahhtheenikki And from what I can tell -  they responded to today ' s gunman quickly and were able to evacuate all the ppl so no one was shot .,kaggle_nlp_disaster_tweets
KG_04749,California wildfires force thousands to evacuate :   via  @ YouTube,kaggle_nlp_disaster_tweets
KG_04750,@ pantalonesfuego Yeah I grew up in the canyon above L . A .  We had to evacuate a few times .,kaggle_nlp_disaster_tweets
KG_04753,@ MeetKakarotto  ' do not bother while you were offline I managed to evacuate everyone out of here including Hinata so so go ahead and cause -,kaggle_nlp_disaster_tweets
KG_04755,Tonight is being quite interesting .  A few minutes ago the fire system went off and we had to evacuate the building .,kaggle_nlp_disaster_tweets
KG_04757,I just want everyone to know that Emilee was worried I was getting a milkshake when we were supposed to evacuate,kaggle_nlp_disaster_tweets
KG_04758,AND MY FAM HAD TO EVACUATE BC WE NEED POWER,kaggle_nlp_disaster_tweets
KG_04762,Does anyone know why  # murfreesboro  # walmart was evacuated this evening ?   @ dnj_com,kaggle_nlp_disaster_tweets
KG_04765,Green line service on south side disrupted after CTA train derails passengers evacuated .,kaggle_nlp_disaster_tweets
KG_04766,Powerlines down over tram on GC Highway .  Passengers have just been evacuated  @ 9NewsBrisbane  @ 9 News Gold Coast,kaggle_nlp_disaster_tweets
KG_04768,Red Cross re - opens shelter at Bickleton School after 25 homes evacuated in  &  around Roosevelt WA due to wildfire .   # Live On K2,kaggle_nlp_disaster_tweets
KG_04769,New evacuation ordered for 25 homes in danger of Hwy .  8 fire near Roosevelt Wash .    # KOIN 6 News,kaggle_nlp_disaster_tweets
KG_04770,They evacuated the mall .  Again .   ?,kaggle_nlp_disaster_tweets
KG_04771,More than 300 campers evacuated as California wildfire blazes on officials say,kaggle_nlp_disaster_tweets
KG_04773,"Trafford Centre film fans angry after Odeon cinema evacuated following false fire alarm :  
 Twitter users tell  .",kaggle_nlp_disaster_tweets
KG_04774,13000 evacuated as California firefighters fight flames to save homes .   # Rocky Fire,kaggle_nlp_disaster_tweets
KG_04775,Trafford Centre film fans angry after Odeon cinema evacuated following false fire alarm,kaggle_nlp_disaster_tweets
KG_04777,Rocky fire in Northern California swells to 60000 acres ;  12000 evacuated  Portland  # Phoenix  # Miami  # Atlanta  # Casper,kaggle_nlp_disaster_tweets
KG_04778,Trafford Centre film fans angry after Odeon cinema evacuated following false fire alarm :  Twitter users tell of,kaggle_nlp_disaster_tweets
KG_04779,5 dead 3 missing 103 families evacuated due to floods in Bukidnon :   .,kaggle_nlp_disaster_tweets
KG_04783,Just got evacuated from the movie theatre for an emergency .  Saw people running from another they are .,kaggle_nlp_disaster_tweets
KG_04784,# WorldNews Fallen powerlines on G : link tram :  UPDATE :  FIRE crews have evacuated up to 30 passengers who were tr .,kaggle_nlp_disaster_tweets
KG_04785,Passengers evacuated  &  lanes blocked off as power lines come down over a Gold Coast tram  @ 9 News Gold Coast,kaggle_nlp_disaster_tweets
KG_04786,ALERT !  Sandy Hook Elementary School Evacuated After Bomb Threat,kaggle_nlp_disaster_tweets
KG_04788,Evacuation orders lifted for Roosevelt in Highway 8 fire .    # koin6news,kaggle_nlp_disaster_tweets
KG_04789,Our thoughts are with these local residents !  Time for some heavy rain !,kaggle_nlp_disaster_tweets
KG_04790,"Trafford Centre film fans angry after Odeon cinema evacuated following false fire alarm :  
 Twi .    # manchesterlite",kaggle_nlp_disaster_tweets
KG_04791,78 passengers evacuated safely after Green Line train derails .,kaggle_nlp_disaster_tweets
KG_04793,Hotel evacuated after fire on Shore Drive in Norfolk,kaggle_nlp_disaster_tweets
KG_04794,@ 115Film Doctor we must leave immediately the Core is unstable . The whole building is told to be evacuated .  Take the research .  We need .,kaggle_nlp_disaster_tweets
KG_04795,Evacuation order lifted for town of Roosevelt  -  Washington Times,kaggle_nlp_disaster_tweets
KG_04799,Entire town of Roosevelt Wash .  evacuated because of wildfire,kaggle_nlp_disaster_tweets
KG_04800,KATUNews :   # SR14 remains closed as brush fire burns 1700 acres :    # Live On K2,kaggle_nlp_disaster_tweets
KG_04802,Good thing there was actually just a legit fire in the mall and nobody evacuated !,kaggle_nlp_disaster_tweets
KG_04803,Is it seclusion when a class is evacuated and a child is left alone in the class to force compliance ?    # MoreVoices,kaggle_nlp_disaster_tweets
KG_04809,Gold Coast tram hit by fallen powerlines :  UP to 30 people have been evacuated from a tram on the Gold Coast af .,kaggle_nlp_disaster_tweets
KG_04810,Tram travellers evacuated after powerlines come down in Surfers,kaggle_nlp_disaster_tweets
KG_04812,FAAN orders evacuation of abandoned aircraft at MMA :  FAAN noted that the action had become necessary due to re .,kaggle_nlp_disaster_tweets
KG_04813,# Breaking :  Authorities have issued new mandatory evacuation notices for 25 homes to the North of the fire in  # Roosevelt WA,kaggle_nlp_disaster_tweets
KG_04819,Roosevelt Wash .  under evacuation order due to wildfire,kaggle_nlp_disaster_tweets
KG_04820,Humboldt Cty Sheriff ' s Office has issued an evacuation advisory for 10 residence in the Lassics area .  more info at,kaggle_nlp_disaster_tweets
KG_04821,FAAN orders evacuation of abandoned aircraft at MMA,kaggle_nlp_disaster_tweets
KG_04823,VIETNAM WAR PATCH US 71st EVACUATION HOSPITAL HIGHLAND MEDICS,kaggle_nlp_disaster_tweets
KG_04825,.   @ VELDFest announces refunds after Day two ' s extreme weather evacuation :,kaggle_nlp_disaster_tweets
KG_04826,Our mission to see the end of this movie last night  @ markoturner  @ annaciclismo after getting fire alarm evacuation,kaggle_nlp_disaster_tweets
KG_04828,Update :  Bend FD says roofing co .  workers accidentally cut through natural gas line in Post Office leading to evacuation for about a half - hr,kaggle_nlp_disaster_tweets
KG_04829,Evacuation Advisory for Swayback Ridge Area . voluntary - InciWeb : Mad River Complex Announcement   # wildfires  # calfires,kaggle_nlp_disaster_tweets
KG_04830,Run out evacuation hospital indexing remedial of angioplasty dissertation at power elite hospitals dismayed :,kaggle_nlp_disaster_tweets
KG_04831,So the IFAK is an  ' individual first aid kit '  to treat a single trauma victim I think I should create the EFAK or evacuation first aid kit,kaggle_nlp_disaster_tweets
KG_04833,Bend Post Office roofers cut gas line prompt evacuation  -,kaggle_nlp_disaster_tweets
KG_04834,FAAN orders evacuation of abandoned aircraft at MMA :  FAAN noted that the action had become neces .   Via  @ todayngr,kaggle_nlp_disaster_tweets
KG_04836,FAAN gives owners of abandoned aircraft evacuation ultimatum  via  @ dailytimesngr .  They should probe them too !,kaggle_nlp_disaster_tweets
KG_04840,Updated  # Rocky Fire map with Mandatory Evacuation areas  ( red )  Advisory Evacuation  ( yellow )  2 Evac Centers  ( green ),kaggle_nlp_disaster_tweets
KG_04842,UPDATE :  The GNWT has just issued a voluntary evacuation order for cabin owners at Pickerel Lake near the Reid .,kaggle_nlp_disaster_tweets
KG_04843,Evacuation order lifted for town of Roosevelt Wash .  though residents warned to be ready to leave quickly,kaggle_nlp_disaster_tweets
KG_04846,Walking down the middle of Michigan Ave last Sunday during  # Lolla evacuation 2015,kaggle_nlp_disaster_tweets
KG_04848,A voluntary evacuation is being recommended at this time for Pickerel Lake cabins across highway from  # Reidlake fire says MACA  # NWT  # YZF,kaggle_nlp_disaster_tweets
KG_04849,IbrahimMisau  :  FAAN orders evacuation of abandoned aircraft at MMA   ( via Twitter  ),kaggle_nlp_disaster_tweets
KG_04850,Evacuation order lifted for town of Roosevelt :,kaggle_nlp_disaster_tweets
KG_04852,Update :  More from Bend FD on how a natural gas line cut prompted evacuation of the main Post Office this afternoon,kaggle_nlp_disaster_tweets
KG_04854,Reid Lake fire prompts campground evacuation order,kaggle_nlp_disaster_tweets
KG_04859,Evacuation order lifted for Roosevelt after  # Wildfire misses town  -  KOMO News,kaggle_nlp_disaster_tweets
KG_04860,Gas leak forces evacuation in east Saint John   # NB,kaggle_nlp_disaster_tweets
KG_04879,"Is he about to crash ? 
Did the Queen die ? 
Did something explode ?  
Who knows .",kaggle_nlp_disaster_tweets
KG_04882,Kendall Jenner and Nick Jonas Are Dating and the World Might Quite Literally Explode,kaggle_nlp_disaster_tweets
KG_04895,@ allen_enbot If you mess up it is gonna explode .,kaggle_nlp_disaster_tweets
KG_04911,Chick masturbates a guy until she gets exploded on her face  >,kaggle_nlp_disaster_tweets
KG_04913,Kakeru Teduka :  Bfore 70years of today in Hiroshima it is exploded the one atomic bomd .  It is so sad day .,kaggle_nlp_disaster_tweets
KG_04915,@ KopiteLuke1892 Its broken its fully exploded .,kaggle_nlp_disaster_tweets
KG_04918,The Dress Memes Have Officially Exploded On The Internet,kaggle_nlp_disaster_tweets
KG_04919,Final  # Medinah update :  shot a 105 .  49 on front  ( exploded with a )  56 on back .   # ImKeepingMyDayJob  ( pic is famous  # 17 ),kaggle_nlp_disaster_tweets
KG_04924,Junko was 13 years old when the atomic bomb exploded over  # Hiroshima on August 6 1945 .,kaggle_nlp_disaster_tweets
KG_04945,Kai Forbath just demolished a weather station set up on a drill field with a missed field goal .  Thing just exploded into metal bits .,kaggle_nlp_disaster_tweets
KG_04953,oh yeah my ipod almost exploded last night i was using it while charging and shit was sparking akxbskdn almost died,kaggle_nlp_disaster_tweets
KG_04957,# news  # science London warship exploded in 1665 because sailors were recycling artillery cartridges .    # life  # tech,kaggle_nlp_disaster_tweets
KG_04962,EE recalls Power Bar phone chargers after explosion burns woman  The Register,kaggle_nlp_disaster_tweets
KG_04964,Another Mechanical Mod Explosion :  Man Injured When a  ' Pharaoh '  Mod Blows Up in His Hand  -,kaggle_nlp_disaster_tweets
KG_04966,Report :  Corey Brewer was drug tested after 51 - point explosion,kaggle_nlp_disaster_tweets
KG_04967,Young dancer moves about 300 youth in attendance at the Greater Mt Moriah Baptist Church Youth Explosion this past Saturday .  Inspiring !,kaggle_nlp_disaster_tweets
KG_04968,Around 10 injured in explosion in chemical park in western Germany .,kaggle_nlp_disaster_tweets
KG_04969,I liked a  @ YouTube video  Huge Building Explosion at 2500fps  -  The Slow Mo Guys,kaggle_nlp_disaster_tweets
KG_04970,Large explosion rocks aluminum plant in southeast Missouri Re : Naomi - No Logo,kaggle_nlp_disaster_tweets
KG_04972,GAElite 0    Explosion Greg 2  [ Top 3rd ]   [ 0 Out ]   [ 0 balls ]   [ 0 strikes ]   .  No one on  [ P :   # 16 Morgan Orchard ]   [ B :   ],kaggle_nlp_disaster_tweets
KG_04973,ITS A TIE DYE EXPLOSION ON IG HELP ME .  IM DROWNING IN TIE DYE,kaggle_nlp_disaster_tweets
KG_04974,Exploring New Worlds :  Three Moments of an Explosion by China Mieville,kaggle_nlp_disaster_tweets
KG_04975,MORE -  > OSHA officers on siteinvestigating Noranda explosion  - KFVS12 News Cape Girardeau Carbondale Poplar Bluff,kaggle_nlp_disaster_tweets
KG_04978,A Time - Lapse Map of Every Nuclear Explosion Since 1945  -  by Isao Hashimoto  # War  # atomicbomb,kaggle_nlp_disaster_tweets
KG_04982,@ colinhoffman29 I hope he does .  And I hope you die in the explosion too,kaggle_nlp_disaster_tweets
KG_04983,A Pyrotechnic Artwork by Cai Guo - Qiang Explodes into a Blossom on the Steps of the Philadelphia .,kaggle_nlp_disaster_tweets
KG_04985,@ lordRsBiscuits That is always good for a pretty explosion .,kaggle_nlp_disaster_tweets
KG_04988,EE recalls Power Bar battery packs after explosion in student ' s bedroom,kaggle_nlp_disaster_tweets
KG_04996,kindermorgan gas explosion,kaggle_nlp_disaster_tweets
KG_04998,We found a sunflower explosion on our walk .,kaggle_nlp_disaster_tweets
KG_05004,"You Are Invited to The Expo Explosion Summer Event 2015 !  
WHEN :  August 14th Friday 2015
WHERE :  Ben E Keith .",kaggle_nlp_disaster_tweets
KG_05005,The gusto in persist had amongst empty - pated communication explosion :  hPSsJD,kaggle_nlp_disaster_tweets
KG_05018,"Eyewitness accounts of survivors of Hiroshima gleaned from a
number of oral history projects",kaggle_nlp_disaster_tweets
KG_05019,Dutch crane collapses demolishes houses :  Dramatic eyewitness video captures the moment a Dutch crane hoisting .,kaggle_nlp_disaster_tweets
KG_05024,Read an eyewitness account from  # Hiroshima from this day in 1945    # LIFE,kaggle_nlp_disaster_tweets
KG_05025,Interesting approach but does not replace Eyewitness video .  The Ferguson Case  -  Video  -,kaggle_nlp_disaster_tweets
KG_05027,# ClimateChange Eyewitness to Extreme Weather :  11 Social Media Posts that Show Just How Crazy Things A .    # Anarchy,kaggle_nlp_disaster_tweets
KG_05032,Lone Survivor :  The Eyewitness Account of Operation Redwing and the Lost Heroes of SEAL Team,kaggle_nlp_disaster_tweets
KG_05034,How Little Boy Affected the People In Hiroshima  Eyewitness Testimonials,kaggle_nlp_disaster_tweets
KG_05035,Read a Schoolboys Eyewitness Account of Hiroshima,kaggle_nlp_disaster_tweets
KG_05037,Read an eyewitness account from  # Hiroshima from this day in 1945   # LIFE,kaggle_nlp_disaster_tweets
KG_05039,Wake Up Kern County Eyewitness News Mornings airing RIGHT NOW on KBAK CBS29 .    # liveonKBAK,kaggle_nlp_disaster_tweets
KG_05040,On anniversary of Hiroshima bombing illustrated timeline of bombings .  Eyewitness account particularly horrifying,kaggle_nlp_disaster_tweets
KG_05046,RT patrickjbutler :  Excellent damiengayle eyewitness account of Kids Company closure :   ' You drop the bomb and expect,kaggle_nlp_disaster_tweets
KG_05061,Russian  ' food crematoria '  provoke outrage amid crisis famine memories :  MOSCOW  ( Reuters )   -  Russian government  .,kaggle_nlp_disaster_tweets
KG_05063,' Food crematoria '  provoke outrage amid crisis famine memories .,kaggle_nlp_disaster_tweets
KG_05064,# Russia  ' food crematoria '  provoke outrage in country withsoaring poverty  + Soviet famine memory,kaggle_nlp_disaster_tweets
KG_05071,Russian  ' food crematoria '  provoke outrage amid crisis famine memories,kaggle_nlp_disaster_tweets
KG_05073,A memorial to the millions who perished in the Holodomor has been erected in the U . S .  capital .,kaggle_nlp_disaster_tweets
KG_05074,exporting food wont solve the problem .  africans will end famine n poverty by SOLVING OUT OF CONTROL TRIBAL WARS .,kaggle_nlp_disaster_tweets
KG_05076,New article :  Russian  ' food crematoria '  provoke outrage amid crisis famine memories read more at here,kaggle_nlp_disaster_tweets
KG_05079,The famine is coming to an end  # Bluebell,kaggle_nlp_disaster_tweets
KG_05083,Russia destroys food while people go hungry .   We are not the only ones with an insane government .,kaggle_nlp_disaster_tweets
KG_05085,@ FinancialTimes Ethiopian regimes continue receiving foreign aid when famine struck for 2 years eastern Ethiopia,kaggle_nlp_disaster_tweets
KG_05087,Reuters :  Russian  ' food crematoria '  provoke outrage amid crisis famine memories,kaggle_nlp_disaster_tweets
KG_05089,Russian food crematoria provoke outrage amid crisis faminememories,kaggle_nlp_disaster_tweets
KG_05092,Bolshevik government monopolized food supply to seize power over hunhry population .  Artificial famine was the result,kaggle_nlp_disaster_tweets
KG_05094,Russian  ' food crematoria '  provoke outrage amid crisis famine memories  via  @ YahooNews,kaggle_nlp_disaster_tweets
KG_05095,I have experienced the smell of rotting potatoes for the first time .  The Famine must have been awful if the whole country smelled like that .,kaggle_nlp_disaster_tweets
KG_05098,@ SavageNation Reminds me when the Peasants destroyed their food when Stalin ' s army came to  ' redistribute the wealth '  .  It caused famine / death,kaggle_nlp_disaster_tweets
KG_05099,UPDATE 1 - Russian  ' food crematoria '  provoke outrage amid crisis famine memories :   *  Russian society still recal .,kaggle_nlp_disaster_tweets
KG_05101,The Adventures of Mineness  # 9   The Famine Is Over,kaggle_nlp_disaster_tweets
KG_05102,' Food crematoria '  in Russia provoke outrage amid crisis famine memories,kaggle_nlp_disaster_tweets
KG_05104,# Russian food crematoria provokes outrage amid crisis famine memories,kaggle_nlp_disaster_tweets
KG_05106,Maratha raiders scorched their lands  &  Punjab refused them food aid during the 1943 famine wonder if Bengalis harbor some  ' hard feelings ',kaggle_nlp_disaster_tweets
KG_05107,Images of Famine  Hope In Christ  -  A blog on what happens when we forget God   # HopeinChrist  @ lifelettercafe,kaggle_nlp_disaster_tweets
KG_05110,Russian  ' food crematoria '  provoke outrage amid crisis famine memories  -  Yahoo News,kaggle_nlp_disaster_tweets
KG_05113,11 - Year - Old Boy Charged With Manslaughter of Toddler :  Report :  An 11 - year - old boy has been charged with manslaughter over the fatal sh .,kaggle_nlp_disaster_tweets
KG_05115,Boy 11 charged with manslaughter in shooting death of Elijah Walker :  The 11 - year - old appeared Wednesday in a .,kaggle_nlp_disaster_tweets
KG_05117,APD investigating fatal shooting of 3 year old child in southeast Anchorage,kaggle_nlp_disaster_tweets
KG_05119,Investigators shift focus to cause of fatal Waimate fire,kaggle_nlp_disaster_tweets
KG_05122,Police :  man in his early 30s dies after shooting on Vermont St .  :,kaggle_nlp_disaster_tweets
KG_05125,Winnipeg police seek witnesses in Arlington and William fatal crash,kaggle_nlp_disaster_tweets
KG_05131,Man charged over fatal crash near Dubbo refused bail  via  @ dailyliberal,kaggle_nlp_disaster_tweets
KG_05132,California man facing manslaughter charge in Sunday ' s wrong - way fatal crash in  .   -   :  Ca .,kaggle_nlp_disaster_tweets
KG_05135,Stockton police are investigating a fatal drive - by shooting in north Stockton,kaggle_nlp_disaster_tweets
KG_05136,Deputies :  Dog dispute leads to fatal shooting in Person County   # gunfail  # nra,kaggle_nlp_disaster_tweets
KG_05138,CA Cops :  Illegal Immigrant with 4 Prior Arrests Charged in Fatal Sex Attack,kaggle_nlp_disaster_tweets
KG_05148,Boy 11 charged with manslaughter in shooting death of Elijah Walker,kaggle_nlp_disaster_tweets
KG_05152,# news  # crimes Police ID victim in fatal crash that closed I - 65 near Franklin :  One person is d .    # justice  # courts,kaggle_nlp_disaster_tweets
KG_05155,Boy 11 charged in fatal shooting of 3 - year - old,kaggle_nlp_disaster_tweets
KG_05162,EXCLUSIVE :  In 179 fatalities involving on - duty NYPD cops in 15 years only 3,kaggle_nlp_disaster_tweets
KG_05164,# NYC  # News Legionnaires death toll rises to 8 in New York City :  All eight fatalities were of older adults with .,kaggle_nlp_disaster_tweets
KG_05168,We are totally unprepared for an EMP attack .  Both China Russia and probably Isis possess them .  90 %  fatalities .  Why are we pushing them ?,kaggle_nlp_disaster_tweets
KG_05169,"City implores motorists not to speed after more reports of animal fatalities near nature reserves
 -  >",kaggle_nlp_disaster_tweets
KG_05171,Understand that there are no fatalities as no one was trapped inside the wholesale market .  8 fire engines and 40 fire fighters on scene .,kaggle_nlp_disaster_tweets
KG_05172,As of the 6 - month mark there were a total of 662 fatalities  -  114 more than the first half of last year  |,kaggle_nlp_disaster_tweets
KG_05175,# Seattle ' s deadliest red light runner intersections revealed,kaggle_nlp_disaster_tweets
KG_05177,@ unsuckdcmetro minor train leaves rails .  Major  =  1 / 13 / 82 Smithsonian Interlocking derails  &  crashes into barrier wall with fatalities .,kaggle_nlp_disaster_tweets
KG_05178,Injuries Illnesses and Fatalities Latest Numbers  :,kaggle_nlp_disaster_tweets
KG_05181,# Saudi Arabia :   # Abha :  Fatalities reported following suicide bombing at mosque ;  avoid area,kaggle_nlp_disaster_tweets
KG_05186,"-  ?  - 
 ;  kitana
 ?  her fatalities slay me
kody ?   ( Vine by  @ KOMBATFANS33 )",kaggle_nlp_disaster_tweets
KG_05187,OSP concerned about mounting fatalities,kaggle_nlp_disaster_tweets
KG_05189,Estimated damage and fatalities of an Hiroshima - sized atomic bomb dropped on your hometown  -     # Hiroshima,kaggle_nlp_disaster_tweets
KG_05190,The RCMP are reporting fatalities and serious injuries as a result of the collision on the TCH near Whitbourne .,kaggle_nlp_disaster_tweets
KG_05191,Govt allocating 1 . 3 bn for flood action :  Issue takes centre stage after fatalities in Veneto,kaggle_nlp_disaster_tweets
KG_05193,I liked a  @ YouTube video  TREMOR IS NO JOKE !   [ TREMOR DLC ]   [ FATALITIES / X - RAY ],kaggle_nlp_disaster_tweets
KG_05196,' Among other main factors behind pedestrian fatalities are people failing to yield to a car ',kaggle_nlp_disaster_tweets
KG_05200,Las Vegas in top 5 cities for red - light running fatalities,kaggle_nlp_disaster_tweets
KG_05201,RCMP confirm fatalities in two - vehicle crash :  TCH remains closed at Whitbourne due to accident,kaggle_nlp_disaster_tweets
KG_05202,. American casualties including 400000800000 fatalities and five to ten million Japanese fatalities .  ',kaggle_nlp_disaster_tweets
KG_05203,No UK train accident fatalities for 8th year running despite 4 %  increase in passenger journeys   @ healthandsafety,kaggle_nlp_disaster_tweets
KG_05206,PolicyLab is at  @ CECANF ' s last public hearing in NYC today and tomorrow to address child abuse and neglect fatalities,kaggle_nlp_disaster_tweets
KG_05207,.  @ Kurt Schlichter Yep considering that  * millions *  of Japanese fatalities were projected for Downfall .   @ _FreeMarketeer  @ dibang,kaggle_nlp_disaster_tweets
KG_05208,# Shipping  # Logistics eNCA  |  Fatalities as migrant boat capsizes in Med with hundreds onboard :    capsized as i .,kaggle_nlp_disaster_tweets
KG_05209,Message boards will display updated traffic fatalities  ( up from 582 )  and new message beginning today :  Traffic deaths 616  -  Slow for Workers .,kaggle_nlp_disaster_tweets
KG_05210,Driver fatalities down on Irish roads but pedestrians and cyclists at more risk,kaggle_nlp_disaster_tweets
KG_05213,@ Truly_Stings Yo Dm me,kaggle_nlp_disaster_tweets
KG_05222,Dying of Lyme disease :  Case fatality rate nearly 100 %,kaggle_nlp_disaster_tweets
KG_05223,@ hrips_k when u do a fatality and like the corpse is still jittering,kaggle_nlp_disaster_tweets
KG_05226,Wow fatality on 101 big rig hit motorcyclist blood everywhere  ?  wow .  I am sick .,kaggle_nlp_disaster_tweets
KG_05228,Kosciusko police investigating pedestrian fatality hit by a train Thursday,kaggle_nlp_disaster_tweets
KG_05234,Afghan Soldier Kills US General America ' s Highest - Ranking Fatality Since Vietnam,kaggle_nlp_disaster_tweets
KG_05252,Truck crash on 40w at US70 in Lebanon is a fatality .  Very sad .  Expect long delays through the morning .,kaggle_nlp_disaster_tweets
KG_05254,@ LindaSOCVAT  @ TfL Bus Alerts Yes apparently .  Report of cow fatality as well sadly .,kaggle_nlp_disaster_tweets
KG_05257,Death of Loretta Fuddy responsible for authenticating Obama birth certificate the sole fatality of nine on plane,kaggle_nlp_disaster_tweets
KG_05278,The Opposite of Love is Fear Heres Why,kaggle_nlp_disaster_tweets
KG_05282,@ CowgirlLawyer We must refuse to become a nation with everyone living in fear of being shot unawares by intoxicated  &  / or crazy people .,kaggle_nlp_disaster_tweets
KG_05283,Horror films are made by incredibly creative artists .  We interviewed 21 of them in depth for The Anatomy of Fear .,kaggle_nlp_disaster_tweets
KG_05299,Nothing to fear .  It is all about taking risks .,kaggle_nlp_disaster_tweets
KG_05301,The Walking Dead spin off Fear the Walking Dead is on the 23rd  ?,kaggle_nlp_disaster_tweets
KG_05319,@ Miss_HoMaStToPa cause were on fire we are on fire were on fire now .  Yeah were on fire we are on fire were on fire nowwwwww,kaggle_nlp_disaster_tweets
KG_05324,Setting things on fire is always an option,kaggle_nlp_disaster_tweets
KG_05328,But put  ' Flood of Fire '  at the top of the list .,kaggle_nlp_disaster_tweets
KG_05336,This fire is WAY too close wtf is going on  ?,kaggle_nlp_disaster_tweets
KG_05343,Nothing like a good fire,kaggle_nlp_disaster_tweets
KG_05345,California been shaking . catching on fire . and overcharging ppl on rent for the past 150 +  years it am not going nowhere .,kaggle_nlp_disaster_tweets
KG_05346,There is a fire in the Catalinas .  Looks kinda cool .  This picture does not do it justice .,kaggle_nlp_disaster_tweets
KG_05351,I wanna set some shit on fire .,kaggle_nlp_disaster_tweets
KG_05352,In the words of Charlie Daniels  ' Fire on the mountain run boys run .  ',kaggle_nlp_disaster_tweets
KG_05353,I just checked in !   at On Fire on  @ ZomatoAUS  # LoveFood,kaggle_nlp_disaster_tweets
KG_05357,Smelling a Bon fire while driving makes me wanna be sitting near one making s ' mores  ?,kaggle_nlp_disaster_tweets
KG_05362,Fire Call :  BRANT AV  /  DRUMMOND RD for Fire  -   * Structure  -  Single .  Units :  CAR 6 On Call Truck,kaggle_nlp_disaster_tweets
KG_05367,# reno Truck trailer catches fire in Reno,kaggle_nlp_disaster_tweets
KG_05368,wild night in the village of pugwash every fire truck is out that the town has which is like a fire truck for every house  - population : 6,kaggle_nlp_disaster_tweets
KG_05371,' An 18 - wheeler came along and struck the fire truck spinning it around 180 degrees and causing it to roll over ',kaggle_nlp_disaster_tweets
KG_05372,SIGALERT UPDATE  # 3 * N - 133 CLOSED AT 5 FWY UFN *  -  TRASH TRUCK FIRE,kaggle_nlp_disaster_tweets
KG_05373,@ BrookTekle_ did not look like a murder scene just 1 cops a fire truck and 2 fire assistance cars along with a helicopter,kaggle_nlp_disaster_tweets
KG_05375,Former Township fire truck being used in Philippines  -  Langley Times   # Philippines,kaggle_nlp_disaster_tweets
KG_05377,Former Township fire truck being used in Philippines :  Township of Langley assistant fire chief Pat Walker spen .,kaggle_nlp_disaster_tweets
KG_05379,@ KapoKekito on northgate by the taco truck that is fire .,kaggle_nlp_disaster_tweets
KG_05380,It is never a good sign when you pull up to work  &  there is five ambulances  &  a fire truck in the bay .  Wompppp at least it is Friday,kaggle_nlp_disaster_tweets
KG_05381,Fire truck and ambulance in K3 Phase 3 .  Hope everyone ' s okay .   # PrayForSaipan,kaggle_nlp_disaster_tweets
KG_05382,# SigAlert :  North  &  Southbound 133 closed btwn 5 fwy and Irvine Blvd due to truck fire .  CHP is detouring traffic .,kaggle_nlp_disaster_tweets
KG_05383,@ eeenice221 true because of the truck that caught fire ?,kaggle_nlp_disaster_tweets
KG_05386,133 N past  the 5 L lane is reopened .  All other lanes are closed .  All lanes are open on the 133 S .  Trash truck fire cleanup .   @ KNX1070,kaggle_nlp_disaster_tweets
KG_05389,Found this cool photo not mine 1952 Dodge Wayne bodied 4 window bus .   Ex Libby MT Fire Department truck .  All ori,kaggle_nlp_disaster_tweets
KG_05396,when a monster truck racer catches on fire at the fair,kaggle_nlp_disaster_tweets
KG_05397,Truck fire clogs canyon road,kaggle_nlp_disaster_tweets
KG_05400,rgj :  Truck trailer catches fire in Reno,kaggle_nlp_disaster_tweets
KG_05403,# Philippines Former Township fire truck being used in Philippines :    of emergency equipment in Cebu Philippi .,kaggle_nlp_disaster_tweets
KG_05409,Jacksonville Fire  &  Rescue Engine 58  -  AWESOME TRUCK !   -  OFFICIAL JADE FL .   via  @ YouTube,kaggle_nlp_disaster_tweets
KG_05410,# New Jersey Turnpike   # New Jersey Turnpike Reopens Hours After Truck Fire In ?,kaggle_nlp_disaster_tweets
KG_05412,I am grateful for our first responders  -   @ Metropolitan Nashville Police Department  @ NashvilleFD and others  -  who acted so swiftly to save countless lives today .,kaggle_nlp_disaster_tweets
KG_05420,We Can Help Says Denver Firefighter Working To Curb First Responder Suicide,kaggle_nlp_disaster_tweets
KG_05425,Carmike Cinemas on Antioch Shooting :   ' We Are Grateful '  for Staff and First Responders Safety Is  ' Highest Priority ',kaggle_nlp_disaster_tweets
KG_05428,I just added  ' Sandy First Responders Lost Their Homes '  to VIP Home Page Group on  @ Vimeo :,kaggle_nlp_disaster_tweets
KG_05430,Thankful for our first responders especially  @ Metropolitan Nashville Police Department for life saving response today in Antioch !,kaggle_nlp_disaster_tweets
KG_05444,Kirsten Gillibrand     Extend Health Care To 911 First RESPONDERS  !,kaggle_nlp_disaster_tweets
KG_05445,' We Can Help '  Says Denver Firefighter Working To Curb First Responder Suicide,kaggle_nlp_disaster_tweets
KG_05450,@ IAFFLocal4416 no lives lost except those of first responders or the public they are charged with protecting ?,kaggle_nlp_disaster_tweets
KG_05454,At the  # 999day Emergency Services display !  Meeting the brave police firefighters and first responders that help keep us safe !   ?,kaggle_nlp_disaster_tweets
KG_05455,This week first responders and DART members are participating in a four day intensive Technical Large Animal .,kaggle_nlp_disaster_tweets
KG_05458,As firefighters make gains on  # Rocky Fire Jerry Brown is heading to the area to meet with first responders tomorrow morning,kaggle_nlp_disaster_tweets
KG_05459,After shooting event at the theater  @ Starbucks is giving FREE COFFEE to all first responders police  &  firefighters .  AntiochHickoryHollow # TN,kaggle_nlp_disaster_tweets
KG_05461,New Giant Flames  ( GIANT FULL BLACK PANTOFEL )  info / order sms : 087809233445 pin : 23928835   pic . twitter . com / pNPiZoDY,kaggle_nlp_disaster_tweets
KG_05479,@ gilderoy i wish i was good enough to add flames to my nails im on fire,kaggle_nlp_disaster_tweets
KG_05482,@ TadhgTGMTEL dude was just smoking and the fucking thing went up in flames i though a bomb went off omg scared,kaggle_nlp_disaster_tweets
KG_05484,Maryland mansion fire that killed 6 caused by damaged plug under Christmas tree report says  -  Into the flames .,kaggle_nlp_disaster_tweets
KG_05486,You see the devastation  &  its shocking .   Firefighters continue to battle flames in California .  benstracy reports,kaggle_nlp_disaster_tweets
KG_05487,watching it go up in flames,kaggle_nlp_disaster_tweets
KG_05488,RP said they can see smoke coming from the silo on 260th Street in Hartford but no flames .,kaggle_nlp_disaster_tweets
KG_05491,Maryland mansion fire that killed 6 caused by damaged plug under Christmas tree report says  -  Into the flames :  Firefighter ' s bravery .,kaggle_nlp_disaster_tweets
KG_05497,@ selmoooooo  @ _edvinnn  @ imTariik  @ dzafic_haris selmo u not catching flames from me  im just gonna be witnessing the slaughter,kaggle_nlp_disaster_tweets
KG_05502,@ AisuMage  @ AkumaReisu  - just between Gray and Ophelia red flames blazing around her person setting nearly everything in the area -,kaggle_nlp_disaster_tweets
KG_05503,SoloQuiero Maryland mansion fire that killed 6 caused by damaged plug under Christmas tree report says  -  Into the flames :  Firefighte .,kaggle_nlp_disaster_tweets
KG_05522,70 years ago the first atomic attack flattened  # Hiroshima 3 days later it was  # Nagasaki both war crimes to put Moscow in its place,kaggle_nlp_disaster_tweets
KG_05524,Today  ( August 6th )  is the 70th anniversary of A - Bomb  ' Little Boy '  been dropped on Hiroshima . 70000 killed outright as the city was flattened,kaggle_nlp_disaster_tweets
KG_05528,@ GrabakaHitman  @ Izi_Garcia when he flattened machida . did he lose that fight . nope he lost fights to guys he should not of lost to also,kaggle_nlp_disaster_tweets
KG_05532,Flattened thee striker,kaggle_nlp_disaster_tweets
KG_05559,@ SatanaOfHell ever seen by far .  A dreamy look came over his face and his ears flattened as he started to walk slowly toward her .  *  You ' d -,kaggle_nlp_disaster_tweets
KG_05563,JKL cancels Flash Flood Warning for Bell Harlan Knox  [ KY ]     # WX,kaggle_nlp_disaster_tweets
KG_05564,Spot Flood Combo 53 inch 300W Curved Cree LED Work Light Bar 4X4 Offroad Fog Lamp  -  Full re,kaggle_nlp_disaster_tweets
KG_05567,A  [ small ]  flood with bigconsequences,kaggle_nlp_disaster_tweets
KG_05569,Homecoming Queen Killed on Way Home from the Prom by Flood Waters !   # social news,kaggle_nlp_disaster_tweets
KG_05576,And please do not flood poor  @ RobertBEnglund ' s mentions .  He is put in his work !,kaggle_nlp_disaster_tweets
KG_05580,2pcs 18W CREE Led Work Light  Offroad Lamp Car Truck Boat Mining 4WD FLOOD BEAM  -  Full rea,kaggle_nlp_disaster_tweets
KG_05586,iembot_hfo  :  At 10 : 00 AM 2 NNW Hana  [ Maui Co HI ]  COUNTY OFFICIAL reports COASTAL FLOOD  #   ),kaggle_nlp_disaster_tweets
KG_05589,Internet basics :  the flood defective intertissue is soul mate the milk trench host :  GUAbxFv,kaggle_nlp_disaster_tweets
KG_05590,BMX issues Areal Flood Advisory for Shelby  [ AL ]  till Aug 5 9 : 00 PM CDT,kaggle_nlp_disaster_tweets
KG_05593,Flood Advisory in effect for Shelby County in AL until 9 PM  # Alabama Weather,kaggle_nlp_disaster_tweets
KG_05594,RT grant_factory :   # grants  # funds Weymouth meeting on seawalls and flood grants set for Thursday night,kaggle_nlp_disaster_tweets
KG_05600,Flood Advisory issued August 05 at 4 : 28PM EDT by NWS   # WxKY,kaggle_nlp_disaster_tweets
KG_05604,Flood Prone Waterways In Westchester County Now Eligible For Millions In State Aid  # NewYork  -,kaggle_nlp_disaster_tweets
KG_05605,Chinese rescue team arrives in Myanmar to help flood victims  Sittway,kaggle_nlp_disaster_tweets
KG_05608,Flood Advisory issued August 05 at 7 : 10PM CDT until August 05 at 8 : 00PM CDT by NWS :   . THE URBAN AND  .    # weather,kaggle_nlp_disaster_tweets
KG_05611,ROCK SPRINGS  Residents living off Elk Street continue to battle flooding issues after Mondays rain storm .  While,kaggle_nlp_disaster_tweets
KG_05612,Cuban leader extends sympathy to Vietnam over flooding at,kaggle_nlp_disaster_tweets
KG_05613,Business at the Sponge Docks washed out by rain flooding :,kaggle_nlp_disaster_tweets
KG_05617,Severe Thunderstorms and Flash Flooding Possible in the Mid - South and Midwest   # WEATHER  # ENVIRONMENT  # CLIMATE  # NATURE,kaggle_nlp_disaster_tweets
KG_05618,11 : 30a Radar Update :  Widespread Showers / Storms but moving over the same areas - minor flooding possible  # HUNwx,kaggle_nlp_disaster_tweets
KG_05620,Flooding  ?,kaggle_nlp_disaster_tweets
KG_05622,Flooding kills 166 displace over one million in Pakistan  -  Daily News  &  Analysis   # yugvani,kaggle_nlp_disaster_tweets
KG_05624,Flooding kills 166 displace over one million in Pakistan  -  Daily News  &  Analysis,kaggle_nlp_disaster_tweets
KG_05625,# Laos flooding  - 10 villages underwater World Vision responding,kaggle_nlp_disaster_tweets
KG_05626,# floods  # ukfloods  -  British trekkers rescued amid flash floods in Himalayas :  A group of British tr .    -   # flooding,kaggle_nlp_disaster_tweets
KG_05631,"When the waves are flooding the shore
And I cannot find my way home anymore
That is when I look at you",kaggle_nlp_disaster_tweets
KG_05632,If Flooding occurs in your home  -  How to stop mold growth via  @ ProudGreenHome,kaggle_nlp_disaster_tweets
KG_05633,Flooding of tracks caused derailment sa  # Indian Subcontinent  @ Indian Subcontinent,kaggle_nlp_disaster_tweets
KG_05635,Obama Keeps 27 Iraqi Christian Asylum Seekers nDetention While Flooding U . S .  withUnscreened Muslims :   via  @ DCClothesline,kaggle_nlp_disaster_tweets
KG_05638,So grateful for all the support flooding in from  @ NetkiCorp dinner guests !  THANK YOU ALL !,kaggle_nlp_disaster_tweets
KG_05641,There some flash flooding in madison  # valleywx,kaggle_nlp_disaster_tweets
KG_05645,@ BBCEngland :  A burst water main causes major flooding at a Birmingham hospital   OMG .,kaggle_nlp_disaster_tweets
KG_05646,Heavy Rainfall and Flooding in Northern  # VietNam  |  Situation Report No . 2,kaggle_nlp_disaster_tweets
KG_05650,# flood  # disaster Burst Water Pipe Floods Apartments at NYCHA Senior Center  -  NY1 :  NY1Burst Water Pipe Floods A .,kaggle_nlp_disaster_tweets
KG_05652,Myanmar :  MSF assisting thousands as worst flooding in decades hits parts of Myanmar,kaggle_nlp_disaster_tweets
KG_05653,Residents in the central part of Ocean City heard from engineers about flood mitigation options Tuesday  # OCNJ .,kaggle_nlp_disaster_tweets
KG_05656,Monsoon Flooding Kills Dozens In Myanmar Prompting Calls For Help  -,kaggle_nlp_disaster_tweets
KG_05657,Memorial unveiled for Travis County deputy killed in Sept .  flooding :  Travis County Sheriff Greg Hamilton joined,kaggle_nlp_disaster_tweets
KG_05658,"Flooding kills 166 displace over one million in Pakistan 

At least 166 people have been killed and nearly 11 lakh",kaggle_nlp_disaster_tweets
KG_05661,Slip Sliding Away  -  Flash Floods Info for Writers withTony Nester  @ SonoranRattler  # writingtips,kaggle_nlp_disaster_tweets
KG_05662,"Who is bringing the tornadoes and floods .  Who is bringing the climate change .  God is after America He is plaguing her
 
 # FARRAKHAN  # QUOTE",kaggle_nlp_disaster_tweets
KG_05663,Myanmar Flooding :  Heavy monsoon rains during the month of July have caused flooding flash floods and landsli .,kaggle_nlp_disaster_tweets
KG_05664,In  # India 119000 people have taken shelter in the 966 relief camps the government has set up after the  # floods :,kaggle_nlp_disaster_tweets
KG_05665,@ Stephen Harper do not worry I am sure climate has nothing to do with hail floods tornados in Alberta  &  Ontario .  I am sure god ' s just mad at you .,kaggle_nlp_disaster_tweets
KG_05668,"@ ictyosaur I never thought it would be a wtf moment yet it is here after months of 90 degree heat
Next we will have flash floods .",kaggle_nlp_disaster_tweets
KG_05669,Granted like half my town floods when it rains but still whatever,kaggle_nlp_disaster_tweets
KG_05671,@ Cyberdemon531 i hope that mountain dew erodes your throat and floods your lungs leaving you to drown to death,kaggle_nlp_disaster_tweets
KG_05672,Disaster group stunned by floods,kaggle_nlp_disaster_tweets
KG_05676,# flood  # disaster Bengal floods :  CM Mamata Banerjee blames DVC BJP claims state failed to use  .   -  Economic T .,kaggle_nlp_disaster_tweets
KG_05677,69 Dead Due to Floods in Myanmar :  Naypyidaw Aug 5  ( Prensa Latina )  The death toll rose today to 69 in Myanmar .,kaggle_nlp_disaster_tweets
KG_05680,Typhoon Soudelor approaches after 7 killed 2 missing in floods in Philippines  via  @ ABC 7 Chicago,kaggle_nlp_disaster_tweets
KG_05683,@ casewrites when it rains in NJ it flash floods .  Otherwise its just a desert of grief and taxes .,kaggle_nlp_disaster_tweets
KG_05685,@ ContactEnergy Yep .  During floods of 1999 or 2000  -  Clyde Dam releasing every bit of water it could .  Most speccy !   EV charging your way ?,kaggle_nlp_disaster_tweets
KG_05686,Bamenda Floods Kill Animals Birds  -,kaggle_nlp_disaster_tweets
KG_05688,APC Chieftain Tasks Dickson On N15b Floods Donation To Bayelsa,kaggle_nlp_disaster_tweets
KG_05689,PAGASA 7 : 12am :  YELLOW warning  -  Panay Island Guimaras Negros .  Possible floods in low - lying areas  &  landslides in mountainous areas .,kaggle_nlp_disaster_tweets
KG_05690,RT :  40HourFamine :  In  # Bangladesh government has not declared floods an emergency .   # WorldVision will continue to m,kaggle_nlp_disaster_tweets
KG_05692,Nearly 50 thousand people affected by floods in  # Paraguay  ?,kaggle_nlp_disaster_tweets
KG_05693,ETP Bengal floods :  CM Mamata Banerjee blames DVC BJP claims state failed to use relief funds :  Even as flood w .,kaggle_nlp_disaster_tweets
KG_05694,May Allah help all those suffering from the  # Pakistan floods !  You and your families are in our  # Dua,kaggle_nlp_disaster_tweets
KG_05695,Children in Myanmar face a  ' double catastrophe '  as floods hit the most  .,kaggle_nlp_disaster_tweets
KG_05703,69 die in Myanmar floods 250000 affected   |,kaggle_nlp_disaster_tweets
KG_05704,Typhoon Soudelor approaches after 7 killed 2 missing in floods in Philippines   # Typhoon,kaggle_nlp_disaster_tweets
KG_05705,Memphis always floods,kaggle_nlp_disaster_tweets
KG_05706,Floods cause damage and death across Asia  |  All media content  |    |  05 . 08 . 2015,kaggle_nlp_disaster_tweets
KG_05711,E1 . 1 . 2 Particulate = Break up of Solid Combust Fossil Fuel Voltaic Active Forest Fire Biological VOC = Petroleum CH4 Bacteria Decomposition,kaggle_nlp_disaster_tweets
KG_05712,BE CAREFUL anyone who lives west of Beaverton .  Forest Grove has a rapidly spreading fire heading east,kaggle_nlp_disaster_tweets
KG_05713,I added a video to a  @ YouTube playlist  Ori and the Bind forest ep 6  ' Fire and death ',kaggle_nlp_disaster_tweets
KG_05714,How is it one careless match can start a forest fire but it takes a whole box to start a campfire ?,kaggle_nlp_disaster_tweets
KG_05715,Our little forest fire wardens,kaggle_nlp_disaster_tweets
KG_05716,Fire in Pisgah National Forest grows to 375 acres,kaggle_nlp_disaster_tweets
KG_05717,Ashenforest floorburnt manzanita  &  timber on Johnson Fire along ridge on Forest Road 1 .   # Route Complex,kaggle_nlp_disaster_tweets
KG_05719,@ Sweet2Young  - runs at her for setting my forest on fire and bites the shit out of her neck -,kaggle_nlp_disaster_tweets
KG_05720,@ hornybigbadwolf  - sets the forest on fire -,kaggle_nlp_disaster_tweets
KG_05722,View of smoke column rising above the south end of the Blake Fire along Forest Road 1 .   # Route Complex,kaggle_nlp_disaster_tweets
KG_05724,IT STARTS A FOREST FIRE THAT CANNOT BE PUT OUT .,kaggle_nlp_disaster_tweets
KG_05729,5 : 15p For those who watch over me forest fire smoke has lifted  ' nuff f / me t / make a run t / the pet store on the hwy  ( N )  .  I will b / home by 7p .,kaggle_nlp_disaster_tweets
KG_05730,We are having forest fires out here in  # socal but the only fire you should watch for is  @ YBTheProphet  # RealHiphop,kaggle_nlp_disaster_tweets
KG_05732,U . S .  Forest Service firefighter David Ruhl 38 died in the  ' Frog Fire '  in the Modoc National Forest .  He had been temporarily reassigned,kaggle_nlp_disaster_tweets
KG_05736,Only you can prevent forest fires .   ?,kaggle_nlp_disaster_tweets
KG_05739,# NaturalDisasters As California fires rage the Forest Service sounds the alarm about rising wildfire costs :   .,kaggle_nlp_disaster_tweets
KG_05741,@ gilmanrocks7 wow .  Where is this ?  For the rest of the summer I usually have to worry about forest fires .  Calgary is about 8 hours away .,kaggle_nlp_disaster_tweets
KG_05743,As California fires rage Forest Service sounds the alarm about sharply rising wildfire costs,kaggle_nlp_disaster_tweets
KG_05744,A little concerned about the number of forest fires where I will be living,kaggle_nlp_disaster_tweets
KG_05745,@ nycdivorcelaw TRUMP IS A CLIMATE DENIER -  algae bloom in the pacific from calif to alska -  seeweed in caribean forest fires -  SNOWBALL INHOFE,kaggle_nlp_disaster_tweets
KG_05746,The forest service now spends  > 50 %  of its budget fighting fires,kaggle_nlp_disaster_tweets
KG_05751,This is the first year the Forest Service spent more than half its annual budget on fighting fires .   # climatechange,kaggle_nlp_disaster_tweets
KG_05752,As California fires rage the Forest Service sounds the alarm about rising wildfire costs,kaggle_nlp_disaster_tweets
KG_05753,Reddit :   Lightning sparks new fires in Boise National Forest  / r / StormComing,kaggle_nlp_disaster_tweets
KG_05754,The spread of Conflict  # PalmOil has sparked an increase in fires destroying  # forest throughout  # Indonesia,kaggle_nlp_disaster_tweets
KG_05757,Photo :  blue by  @ forest . fires source :,kaggle_nlp_disaster_tweets
KG_05759,Forest fires  &  dying salmon :  time 2 act not deny .  Climate Change Nightmares Are  Here   # bcpoli  # canpoli  # vanpoli,kaggle_nlp_disaster_tweets
KG_05763,8 - 5 - 2015  -  4 : 30 P . M .   -  Progress Being Made on Boise Forest Fires,kaggle_nlp_disaster_tweets
KG_05764,A group of Florida Forest Service firefighters could be deployed to California to help contain fires .  Details at 10 !,kaggle_nlp_disaster_tweets
KG_05765,PRAY !  For EAST COAST FOREST FIRES !  PRAY !  That they be put out .  PRAY !  For RAIN !,kaggle_nlp_disaster_tweets
KG_05766,@ BlueJays  @ Braves  @ Angels Instead of dumping water on yourselves please send it to British Columbia to help with the forest fires,kaggle_nlp_disaster_tweets
KG_05769,# HeartDisease U . S .  Forest Service says spending more than half of budget on fires,kaggle_nlp_disaster_tweets
KG_05772,CLIMATE CONSEQUENCES :  U . S .  Forest Service Says Spending More Than Half Of Budget On Fires,kaggle_nlp_disaster_tweets
KG_05775,U . S .  Forest Service says spending more than half of budget on fires,kaggle_nlp_disaster_tweets
KG_05776,Property losses from northern California wildfire nearly double  via  @ YahooNews,kaggle_nlp_disaster_tweets
KG_05777,Inciweb OR Update :   Rogue River - Siskiyou National Forest Fires  8 / 5 / 15 12 : 00 PM  ( Rogue River - Siskiyou NF Area,kaggle_nlp_disaster_tweets
KG_05778,Forest fires could delay  @ AbbyAirshow but officials say it could be a good thing,kaggle_nlp_disaster_tweets
KG_05780,U . S .  Forest Service says spending more than half of budget on fires :  By Ian Simpson,kaggle_nlp_disaster_tweets
KG_05781,"Campsite recommendations 
Toilets  / shower 
Pub 
Fires 
No kids 
Pizza shop 
Forest 
Pretty stream 
No midges
No snakes
Thanks  ?",kaggle_nlp_disaster_tweets
KG_05783,When ur friend and u are talking about forest fires in a forest and he tells u to drop ur mix tape out there .   # straightfire,kaggle_nlp_disaster_tweets
KG_05784,Firefighting consumes Forest Service budget sparks political clash :  Forest Service report cites increasing cost of,kaggle_nlp_disaster_tweets
KG_05789,"GREAT MICHIGAN TECHNIQUE CAMP
B1G THANKS TO  @ bmurph1019 
 @ hail_Youtsey  .   @ termn8r13 
 # GoBlue  # WrestleOn",kaggle_nlp_disaster_tweets
KG_05791,All Hail Shadow  ( Hybrid Mix Feat .  Mike Szuter )  :    @ youtube  # youtube,kaggle_nlp_disaster_tweets
KG_05793,LZK issues Severe Thunderstorm Warning  [ wind :  60 MPH hail :  0 . 75 IN ]  for Sharp  [ AR ]  till 8 : 15 PM CDT    # WX,kaggle_nlp_disaster_tweets
KG_05795,Strong Thunderstorm 4 Miles North of Arkansas Moving SE At 25 MPH .  Large Hail and Wind Gusts Up to 50 MPH Poss .   # Arkansas Weather,kaggle_nlp_disaster_tweets
KG_05797,RNK issues Severe Thunderstorm Warning  [ wind :  60 MPH hail :  1 . 00 IN ]  for Rockingham Stokes  [ NC ]  till Aug 5 10 : 00 PM EDT,kaggle_nlp_disaster_tweets
KG_05800,Cue storm with massive wind and hail !  Now a power outage  @ WXII in Davidson County .,kaggle_nlp_disaster_tweets
KG_05812,@ modnao23 the hail is ruining everything .  Plus my car I have not even gotten yet .  Have yet another killer migraine and I lost my glasses .   ?,kaggle_nlp_disaster_tweets
KG_05815,New warning for Central Hills 1 '  hail 60 mph winds .  NOT affecting Sturgis but could later tonight .   # KOTA Weather,kaggle_nlp_disaster_tweets
KG_05818,Heavy rain and lightning overhead in Oakridge SW Calgary  -  at least it will melt the hail .  # Calgary Storm  # ABStorm,kaggle_nlp_disaster_tweets
KG_05819,@ HeyItsEpark heavy rain and hail,kaggle_nlp_disaster_tweets
KG_05821,@ weather network here comes the hail !,kaggle_nlp_disaster_tweets
KG_05824,Central Mass .  fruit trees escape heavy damage after wind hail,kaggle_nlp_disaster_tweets
KG_05826,UNR continues Severe Thunderstorm Warning  [ wind :  60 MPH hail :   <  . 75 IN ]  for Weston  [ WY ]  and Custer Fall River Pennington  [ SD ]  till 7 : 15 P,kaggle_nlp_disaster_tweets
KG_05829,Calgary pounded with hail on second day of storms,kaggle_nlp_disaster_tweets
KG_05833,Hi - Res Doppler showing storm just NE of Edmond is now severe with 1 . 25 '  hail and 60mph wind possible .   # Oklahoma City Weather,kaggle_nlp_disaster_tweets
KG_05834,UNR issues Severe Thunderstorm Warning  [ wind :  60 MPH hail :  0 . 75 IN ]  for Weston  [ WY ]  and Custer Fall River Lawrence Meade Pennington  [ S,kaggle_nlp_disaster_tweets
KG_05835,Well so much for outdoor postering  @ calgaryfringe  # mothernature  # hailstorm  # rain  # yycfringe  # KILLHARD,kaggle_nlp_disaster_tweets
KG_05840,Freak  # Boston  # hailstorm produces a hailstorm of business  .  for auto - body repair specialists .   @ PeterHoweNECN 6 : 30 / 8 : 30 TONIGHT  @ necn,kaggle_nlp_disaster_tweets
KG_05841,OMG NIXON LIVES !  That is Richard M .  Nixon Tricky Dicky right there in the picture is not it .  Hiding in Calgary he .,kaggle_nlp_disaster_tweets
KG_05845,@ AdriaSimon_ :  Hailstorm day 2 .   # round2  # yyc  # Calgary Storm,kaggle_nlp_disaster_tweets
KG_05847,~ More wicked weather rolls through Calgary and surrounding areas,kaggle_nlp_disaster_tweets
KG_05848,Gotta love  # summer in  # Calgary .   # yyc  # hailstorm  # crazyweather,kaggle_nlp_disaster_tweets
KG_05849,Severe weather and a rare hailstorm pummel Boston  -,kaggle_nlp_disaster_tweets
KG_05850,We The Free Hailstorm Maxi,kaggle_nlp_disaster_tweets
KG_05854,Twin Storms Blow Through Calgary ~ 1,kaggle_nlp_disaster_tweets
KG_05855,Summer heat drives bobcats to Calgary backyards ~ 35,kaggle_nlp_disaster_tweets
KG_05856,Ready for my close up .  Errrr nope !   # notgoingoutinthat  # hailstorm  # alberta  @ HellOnWheelsAMC  @ HoW_fans  @ TalkingHell,kaggle_nlp_disaster_tweets
KG_05858,IG :    ' It is hailing again !   # Alberta Storm  # yyc  # hail  # hailstorm  # haildamage  # Calgary Weather  # calgary  # captureyyc  # alberta  # sto,kaggle_nlp_disaster_tweets
KG_05861,Summer heat drives bobcats to Calgary backyards ~ 3,kaggle_nlp_disaster_tweets
KG_05863,Sadly the tent fly did not survive this hailstorm and now I have tears in the roof and water in the tent .   Only .,kaggle_nlp_disaster_tweets
KG_05864,This was Boston yesterday after an intense hailstorm  [ X - Post from  / r / cityporn ]   [ 4608ÌÑ2474 ]   (,kaggle_nlp_disaster_tweets
KG_05868,Canada :  Hailstorm flash flooding slam Calgary knocks out power to 20k customers,kaggle_nlp_disaster_tweets
KG_05870,Severe hailstorm in progress over Northeast Logan County .   # cowx,kaggle_nlp_disaster_tweets
KG_05873,@ CouncilSCC it does say hailstorm,kaggle_nlp_disaster_tweets
KG_05874,"This is why I am scared to leave my car under trees in a storm

 # Jamaica Plain  # boston  # hailstorm",kaggle_nlp_disaster_tweets
KG_05876,The Stephen Ave flower pots got a little ripped up in the hailstorm today  # yyc  # Alberta Storm  # calgary  # iamdowntown,kaggle_nlp_disaster_tweets
KG_05881,Grow Calgary avoids worst of city ' s wicked weather  *  ~ 16,kaggle_nlp_disaster_tweets
KG_05882,Photo :  This is why I am scared to leave my car under trees in a storm  # Jamaica Plain  # boston  # hailstorm .,kaggle_nlp_disaster_tweets
KG_05883,Calgary Transit reviewing policy after leaving hundreds of commuters stranded during hail,kaggle_nlp_disaster_tweets
KG_05884,600 passengers abandoned at LRT station during Tuesday ' s hailstorm   # yyc  # Calgary Storm  # Alberta Storm,kaggle_nlp_disaster_tweets
KG_05890,@ leedsrouge Love what you picked !  We are playing WORTH IT by FIFTH HARM / KID INK because of you !  Listen  &  Vote :,kaggle_nlp_disaster_tweets
KG_05891,IMAGINE A DOCTOR TREATING AN  # EBOLA PATIENT WITHOUT EVER PLACING HIMSELF IN HARM ' S WAY .,kaggle_nlp_disaster_tweets
KG_05903,You can never escape me .  Bullets do not harm me .  Nothing harms me .  But I know pain .  I know pain .  Sometimes I share it .  With someone like you .,kaggle_nlp_disaster_tweets
KG_05925,@ malistkiss Sunnis continue to believe they are more righteous and they continually harm Shias .  Defeats the ideals of Islam .,kaggle_nlp_disaster_tweets
KG_05939,Choking Hazard Prompts Recall Of Kraft Cheese Singles,kaggle_nlp_disaster_tweets
KG_05950,Road closures remain in effect due to hazard trees falling tree torching and uphill runs of the fire .  Forest Service Road  # 1 remains close,kaggle_nlp_disaster_tweets
KG_05955,CONFIRMED :  Sanchez Hazard and Bolasie will be out for the rest of the season .,kaggle_nlp_disaster_tweets
KG_05966,@ Dead_Dreamer15  . because if it were on fire that ' d be a safety hazard,kaggle_nlp_disaster_tweets
KG_05975,2015 - 08 - 06 @ 1 : 32 PM :  HAZARD IN HIGH TRAFFIC AREA at 5000 DEANS BRIDGE RD,kaggle_nlp_disaster_tweets
KG_05979,@ London Fire Hi  . Is there an email that people can use to report s ' thing they think is a fire hazard / dangerous ?,kaggle_nlp_disaster_tweets
KG_05983,2015 - 08 - 06 @ 1 : 08 PM :  HAZARD IN HIGH TRAFFIC AREA at 1500 WRIGHTSBORO RD,kaggle_nlp_disaster_tweets
KG_05987,I - 10 EB at MS line update :  Offloading the hazardous material is going much slower than expected .  Road could stay closed until tomorrow AM .,kaggle_nlp_disaster_tweets
KG_05988,# Taiwan Grace :  expect that large rocks trees mud unstable and / or saturated land may slide  . very hazardous in hilly / mountain areas .,kaggle_nlp_disaster_tweets
KG_05989,DLH issues Hazardous Weather Outlook  ( HWO ),kaggle_nlp_disaster_tweets
KG_05992,JAX issues Hazardous Weather Outlook  ( HWO )     # WX,kaggle_nlp_disaster_tweets
KG_05996,# food scare  # offers to go  # Nestle India slips into loss after  # Magginoodle  # ban unsafe and hazardous for  # human consumption,kaggle_nlp_disaster_tweets
KG_05998,Skinny Jeans are Hazardous for Your Health !   # social news,kaggle_nlp_disaster_tweets
KG_05999,From recycling to only using non - hazardous chemicals Holland 1916 continually strives to maintain an eco - friendly existence .,kaggle_nlp_disaster_tweets
KG_06000,# dam  # gms Olap  # world pres :   How To Recognize A Hazardous Waste And The Multidimensional,kaggle_nlp_disaster_tweets
KG_06003,JKL issues Hazardous Weather Outlook  ( HWO )     # WX,kaggle_nlp_disaster_tweets
KG_06007,MEG issues Hazardous Weather Outlook  ( HWO )     # WX,kaggle_nlp_disaster_tweets
KG_06012,Caution :  breathing may be hazardous to your health .,kaggle_nlp_disaster_tweets
KG_06015,@ TheBlackshag  @ dannyoneil too toxic . cancer . disease . hazardous waste . noxious .,kaggle_nlp_disaster_tweets
KG_06019,MEG issues Hazardous Weather Outlook  ( HWO ),kaggle_nlp_disaster_tweets
KG_06020,It is getting to be hazardous getting into this world alive .,kaggle_nlp_disaster_tweets
KG_06024,EverSafe Emergency Auto Kit for all Weather Unsafe hazardous rush - hour gridlock jumper - ca,kaggle_nlp_disaster_tweets
KG_06026,MTR issues Hazardous Weather Outlook  ( HWO ),kaggle_nlp_disaster_tweets
KG_06027,HAZARD  -  HAZARDOUS CONDITION at SB I5 FWY AT  /  SW TERWILLIGER BLVD PORTLAND OR  [ Portland Police  # PP15000266858 ]  17 : 26  # Portland Police,kaggle_nlp_disaster_tweets
KG_06032,# psd  # special Olap  # world pres :   How To Recognize A Hazardous Waste And The Multidimensi,kaggle_nlp_disaster_tweets
KG_06033,DLH issues Hazardous Weather Outlook  ( HWO )     # WX,kaggle_nlp_disaster_tweets
KG_06036,RT  @ startelegram :  Homeless vulnerable during North Texas heat wave,kaggle_nlp_disaster_tweets
KG_06038,Heat Advisory is In Effect From 1 PM Through 7 PM Thursday .  A Building Heat Wave and Increasing Humidity .   # lawx,kaggle_nlp_disaster_tweets
KG_06041,Apocalpytic Iran Heat Wave Nearly Breaks World Record,kaggle_nlp_disaster_tweets
KG_06043,Japan Heat Wave Intensifies  Death Toll Surges To 55,kaggle_nlp_disaster_tweets
KG_06047,"@ WaseemBadami Condemning of Deaths More than 1000 due to Heat Wave in Karachi .  
May Allah gv Patience to their Heirs .",kaggle_nlp_disaster_tweets
KG_06048,Something Frightening is Happening to the Weather in the Middle East,kaggle_nlp_disaster_tweets
KG_06049,@ creationsbykole cork city in Ireland . we got to 17 degrees today . that is a heat wave for us haha,kaggle_nlp_disaster_tweets
KG_06050,@ hollywarnexx mini heat wave apaz,kaggle_nlp_disaster_tweets
KG_06051,Arnhem Weather  -   < p > An unrelenting and dangerous heat wave will expand across the South Central United States,kaggle_nlp_disaster_tweets
KG_06053,"UAE cool to Mideast heat - wave ;  rain watch latest  [ video ] 
NCMS issues warning of thundering rain poor visibility .",kaggle_nlp_disaster_tweets
KG_06055,@ KlaraJoelsson Well I have seen it now !  That is a bummer .  We have had this heat wave tho .  43 ' c !  I would prefer the rain .   : P,kaggle_nlp_disaster_tweets
KG_06056,It is a heat wave .   # Squad  # RevItUp  # PizzaRev,kaggle_nlp_disaster_tweets
KG_06057,# Jackson  # ms Longest Streak of Triple - Digit Heat Since 2013 Forecast in Dallas,kaggle_nlp_disaster_tweets
KG_06058,Must Read Forecast !  Longest Streak of Triple - Digit Heat Since 2013 What happens next ?,kaggle_nlp_disaster_tweets
KG_06059,@ wfaaweather Pete when will the heat wave pass ?  Is it really going to be mid month ?  Frisco Boy Scouts have a canoe trip in Okla .,kaggle_nlp_disaster_tweets
KG_06060,NOT .  Ready for this heat wave  .  I do not want the sun to come back out .  I am enjoying this break of cooler temps .,kaggle_nlp_disaster_tweets
KG_06061,It is kinda cool tonight .  Is the heat wave finally over ?   ?  7amdollela 3la kulli 7aal,kaggle_nlp_disaster_tweets
KG_06064,Heat wave is ending !  Watching a big area of rain though . will impact part of the area .  Details NOW on NBC10 at 5pm,kaggle_nlp_disaster_tweets
KG_06065,@ rachelcaine The weatherit needs to make it minds up .  First snow tornadoes now would you say a heat wave ?,kaggle_nlp_disaster_tweets
KG_06069,Heat wave in WB heavy losses and no compensations  ( report )   -     ( via PalinfoEn )     # Palestine,kaggle_nlp_disaster_tweets
KG_06070,Heat wave adding to the misery of internally - displaced Gazans  via  @ PressTV,kaggle_nlp_disaster_tweets
KG_06072,Longest Streak of Triple - Digit Heat Since 2013 Forecast in Dallas :  An unrelenting and dangerous heat wave will .,kaggle_nlp_disaster_tweets
KG_06073,Heat wave gotta be over 9000 today,kaggle_nlp_disaster_tweets
KG_06078,Longest Streak of Triple - Digit Heat Since 2013 Forecast in Dallas,kaggle_nlp_disaster_tweets
KG_06084,weather warfare Follow the Money This Government Is What Our Founding Fathers Were Warning Us About The Weather .,kaggle_nlp_disaster_tweets
KG_06097,The Prophet  ( peace be upon him )  said  ' Save yourself from Hellfire even if it is by giving half a date in charity .  ',kaggle_nlp_disaster_tweets
KG_06112,Hellfire is surrounded by desires so be careful and dont let your desires control you !   # Afterlife,kaggle_nlp_disaster_tweets
KG_06120,@ gg_keeponrockin  @ StrawberrySoryu Oh okay I just got the message twice and got suspicious .  Sorry .   I will check it out !,kaggle_nlp_disaster_tweets
KG_06123,# Allah describes piling up  # wealth thinking it would last  # forever as the description of the people of  # Hellfire in Surah Humaza .   # Reflect,kaggle_nlp_disaster_tweets
KG_06126,Fel Lord Zakuun is about to DIE  !   # Hellfire  # WOD,kaggle_nlp_disaster_tweets
KG_06134,Hellfire !  We dont even want to think about it or mention it so let us not do anything that leads to it  # islam !,kaggle_nlp_disaster_tweets
KG_06135,Tension In Bayelsa As Patience Jonathan Plans To Hijack APC PDP  -,kaggle_nlp_disaster_tweets
KG_06138,Bayelsa poll :  Tension in Bayelsa as Patience Jonathan plans to hijack APC PDP :  Plans by former First Lady and .,kaggle_nlp_disaster_tweets
KG_06140,@ dreamoforgonon  @ TeeEss not to hijack but as a bona fide cislady I can confirm this as true ;  incidental homosexuality  =  /  =  gay / bi for women .,kaggle_nlp_disaster_tweets
KG_06147,I have just posted on my Blog about :  Criminals Who Hijack Lorries And Buses Arrested In Enugu  ( PHOTO ),kaggle_nlp_disaster_tweets
KG_06148,Criminals Who Hijack Lorries And Buses Arrested In Enugu  ( PHOTO )   @ DONJAZZY  @ PoliceNG  # HumanRights,kaggle_nlp_disaster_tweets
KG_06150,Criminals Who Hijack Lorries And Buses Arrested In Enugu  ( PHOTO ),kaggle_nlp_disaster_tweets
KG_06151,Tension In Bayelsa As Patience Jonathan Plans To Hijack APC PDP,kaggle_nlp_disaster_tweets
KG_06152,Plans by former First Lady and wife of ex - President Goodluck Jonathan Dame Patience Jonathan to hijack the All .,kaggle_nlp_disaster_tweets
KG_06154,Patience Jonathan On The Move To Hijack APC In Bayelsa State,kaggle_nlp_disaster_tweets
KG_06156,Criminals Who Hijack Lorries And Buses Arrested In Enugu :  According to the Nigerian Police Force .   Via  @ Music212,kaggle_nlp_disaster_tweets
KG_06164,{  : en } Tension In Bayelsa As Patience Jonathan Plans To Hijack APCPDP {  :  },kaggle_nlp_disaster_tweets
KG_06165,Swansea plot hijack transfer move for Southampton target Virgil van Dijk,kaggle_nlp_disaster_tweets
KG_06170,# LatestNews :  Tension In Bayelsa As Patience Jonathan Plans To Hijack APC PDP,kaggle_nlp_disaster_tweets
KG_06185,Governor Allows Parole for School Bus Hijacker  live leak fun  ?,kaggle_nlp_disaster_tweets
KG_06187,Governor allows parole for California school bus hijacker who kidnapped 26 children in 1976 .,kaggle_nlp_disaster_tweets
KG_06191,Remove the  and Linkury Browser Hijacker,kaggle_nlp_disaster_tweets
KG_06195,The Hijacker - Turned - SAT - Tutor Who Evaded Authorities for Three Decades  via  @ slate,kaggle_nlp_disaster_tweets
KG_06196,Governor Allows Parole for School Bus Hijacker,kaggle_nlp_disaster_tweets
KG_06197,Governor Allows Parole for School Bus Hijacker  via  @ nbcnews I remember this crime sent chills through parents,kaggle_nlp_disaster_tweets
KG_06198,School Bus Hijacker Given Parole After 39 Years,kaggle_nlp_disaster_tweets
KG_06208,Medieval airplane hijacker testa :  earnings the distinction divers :  HtaRvrGLY,kaggle_nlp_disaster_tweets
KG_06213,California School Bus Hijacker Parole Stands   # sacramento,kaggle_nlp_disaster_tweets
KG_06215,Governor allows parole for California school bus hijacker :  Local .,kaggle_nlp_disaster_tweets
KG_06216,Hijacker cops back in the dock  -,kaggle_nlp_disaster_tweets
KG_06219,Governor weighs parole for California school bus hijacker,kaggle_nlp_disaster_tweets
KG_06222,Governor allows parole for California school bus hijacker   # fresno,kaggle_nlp_disaster_tweets
KG_06223,RT Not Explained :  The only known image of infamous hijacker D . B .  Cooper .,kaggle_nlp_disaster_tweets
KG_06230,Medieval airplane hijacker hard shell :  casting the star deviating :  dYxTmrYDu,kaggle_nlp_disaster_tweets
KG_06234,Governor allows parole for California school bus hijacker  -  Santa Cruz Sentinel,kaggle_nlp_disaster_tweets
KG_06240,The Murderous Story Of Americas First Hijacking,kaggle_nlp_disaster_tweets
KG_06244,# hot  Funtenna :  hijacking computers to send data as sound waves  [ Black Hat 2015 ]    # prebreak  # best,kaggle_nlp_disaster_tweets
KG_06247,The Murderous Story Of Americas First Hijacking :  Earnest Pletchs cold - blooded killing of,kaggle_nlp_disaster_tweets
KG_06258,Good Samaritans shot in horror hijacking  JOHANNESBURG .   & mdash ;  Four men were shot dead in Bronville Free State,kaggle_nlp_disaster_tweets
KG_06268,@ USA government Koreans are performing hijacking of the Tokyo Olympic Games .,kaggle_nlp_disaster_tweets
KG_06269,Vehicle Hijacking in  Vosloorus Gauteng on 2015 - 08 - 05 at 23 : 00 White Toyota Conquest  BKB066GP,kaggle_nlp_disaster_tweets
KG_06271,@ Drsarwatzaib070 come on .  IK will face MCourt for attacking parliment and hijacking TV station .,kaggle_nlp_disaster_tweets
KG_06278,Good Samaritans shot in horror hijacking   # 263Chat  # Twimbos ZimpapersViews,kaggle_nlp_disaster_tweets
KG_06292,Egyptian Militants Tied to ISIS Threaten to Kill Croatian Hostage  ( New York Times )    ( 1717 GMT ),kaggle_nlp_disaster_tweets
KG_06297,Islamic State group threatens to kill hostage if Muslim women arent let go  -   .,kaggle_nlp_disaster_tweets
KG_06299,quoted here -  > CNN :  Purported ISIS video threatens Croatian hostage,kaggle_nlp_disaster_tweets
KG_06303,Islamic State group in Egypt threatens to kill Croat hostage,kaggle_nlp_disaster_tweets
KG_06310,Related News :   ' ISIS video '  threatens hostage  -  Europe  -  CNN  |,kaggle_nlp_disaster_tweets
KG_06311,@ EvaHanderek  @ MarleyKnysh great times until the bus driver held us hostage in the mall parking lot lmfao,kaggle_nlp_disaster_tweets
KG_06312,The horrific story of being a hostage  -  The horrific story of being a hostage It is 1974 and on a British .,kaggle_nlp_disaster_tweets
KG_06315,Murfreesboro peeps -  I am hearing Walmart on S Rutherford is on lockdown with a hostage is that true or a rumor ?,kaggle_nlp_disaster_tweets
KG_06322,@ mylittlepwnies3  @ Early_May  @ AnathemaZhiv  @ TonySandos much of which has to do with lebanon 80s attack /  iran hostage crisis /  Libya Pan am,kaggle_nlp_disaster_tweets
KG_06325,I went to pick up my lunch today and the bartender was holding my change hostage because he wanted my number .   ?,kaggle_nlp_disaster_tweets
KG_06326,@ Marc Andreessen content is held hostage by network due to affiliation fees .,kaggle_nlp_disaster_tweets
KG_06328,New ISIS Video :  ISIS Threatens to Behead Croatian Hostage Within 48 Hours  -  Israel Diaspora Coalition  -  Israel Diaspora Coalition # Australian politics,kaggle_nlp_disaster_tweets
KG_06329,Sydney hostage crisis has now been recovered from the AirAsia wreckage .,kaggle_nlp_disaster_tweets
KG_06335,2 hostages in Libya remain unharmed :  Government sources on Wednesday denied reports that two Indian nationals who,kaggle_nlp_disaster_tweets
KG_06336,# hot  C - 130 specially modified to land in a stadium and rescue hostages in Iran in 1980   # prebreak  # best,kaggle_nlp_disaster_tweets
KG_06338,@ hannahkauthor Read :  American lives first  |  The Chronicle  # FreeAmirNow  # FreeALLFour  # Hostages held by  # Iran  # Iran Deal,kaggle_nlp_disaster_tweets
KG_06339,C - 130 specially modified to land in a stadium and rescue hostages in Iran in 1980,kaggle_nlp_disaster_tweets
KG_06340,"Russia stood down cold war nuke ban or face ocean superiority 
Unconditional surrender next putin
Game set match
Release the hostages",kaggle_nlp_disaster_tweets
KG_06342,Sinjar Massacre Yazidis Blast Lack of Action OverHostages,kaggle_nlp_disaster_tweets
KG_06348,C - 130 specially modified to land in a stadium and rescue hostages in Iran in 1980 .,kaggle_nlp_disaster_tweets
KG_06354,"No  # news of  # hostages in  # Libya



 # India  # terrorism  # Africa  # AP  # TS  # NRI  # News  # TRS  # TDP  # BJP",kaggle_nlp_disaster_tweets
KG_06356,Sinjar Massacre Yazidis Blast Lack of Action Over Hostages,kaggle_nlp_disaster_tweets
KG_06358,C - 130 specially modified to land in a stadium and rescue hostages in Iran in 1980 :     submitt .    # aviationaddicts,kaggle_nlp_disaster_tweets
KG_06361,Holmgren :  We referred to those 35 days as  ' the hostage situation .  '  We were Lou ' s  ' hostages .  ',kaggle_nlp_disaster_tweets
KG_06362,Barak will Tell the American People that the lives of the Hostages in Iran depends on Congress Voting to give Terrorist a Nuke for hostages .,kaggle_nlp_disaster_tweets
KG_06363,@ Minhaz Merchant Great job done by village hostages,kaggle_nlp_disaster_tweets
KG_06369,# Sinjar Massacre  # Yazidis Blast Lack of Action Over Hostages  Portland  # Phoenix  # Newyork  # Miami  # Atlanta  # Casper  # Iraq,kaggle_nlp_disaster_tweets
KG_06373,Cruz :  Iran deal leaves 4 American hostages languishing in Iran    -   # NoIran Deal   # TedCruz2016,kaggle_nlp_disaster_tweets
KG_06374,Nigerian Military Rescue 178 Hostages From Boko Haram  -  Florida Sentinel Bulletin :  Florid .    # security  # terrorism,kaggle_nlp_disaster_tweets
KG_06376,One Year on from the Sinjar Massacre  # Yazidis Blast Lack of Action Over Hostages,kaggle_nlp_disaster_tweets
KG_06383,Cont ' d -   # Sinjar :  referring to a 40 - pg document the group put together on the movt of  # Yazidi hostages in the days following  # IS massacre  [ 2 ],kaggle_nlp_disaster_tweets
KG_06384,"@ Nervana_1 
As per previous behaviour JAN / AQ would deal with the kidnapped hostages not particularly pleasantly if Div 30 fought JAN / AQ .",kaggle_nlp_disaster_tweets
KG_06386,@ zaynmaIikist listen to hurricane,kaggle_nlp_disaster_tweets
KG_06388,HURRICANE GUILLERMO LIVE NOAA TRACKING  /  LOOPING WED . AUG . 5TH ~  ~,kaggle_nlp_disaster_tweets
KG_06394,@ Hurricane_Dame  ?  I do not have them they out here,kaggle_nlp_disaster_tweets
KG_06396,@ lavapixcom Did you see  # hurricane  # guillermo with  # MeteoEarth ?,kaggle_nlp_disaster_tweets
KG_06397,@ ChubbySquirrel_  @ Hurricane_Surge this here is very true  >  : 33333,kaggle_nlp_disaster_tweets
KG_06400,Hurricane 30STM quem lembra,kaggle_nlp_disaster_tweets
KG_06402,hurricane ?  sick !,kaggle_nlp_disaster_tweets
KG_06405,Cape Coral city leaders take part in mock hurricane training,kaggle_nlp_disaster_tweets
KG_06406,Be careful during hurricane season  ?,kaggle_nlp_disaster_tweets
KG_06407,My back is so sunburned  :  (,kaggle_nlp_disaster_tweets
KG_06415,@ VinusTrip Did you see  # hurricane  # guillermo with  # MeteoEarth ?,kaggle_nlp_disaster_tweets
KG_06416,Grace :  here are damage levels USA style .   # Taiwan  # China  # world hurricane / typhoon ratings / categories defined again,kaggle_nlp_disaster_tweets
KG_06417,AngelRiveraLib  # Snowden  ' may have '  broken laws ?  Hurricane Katrina may have caused some damage .   Without Snowden h,kaggle_nlp_disaster_tweets
KG_06418,HWRF absolutely lashes Taipei with Hurricane force winds High Storm Surge and 20 '  of rain .  Not good news at all !,kaggle_nlp_disaster_tweets
KG_06420,@ Patton Oswalt  @ Fox News Wait I thought Fecal Hurricane was on SciFi ?  Maybe that was turdnado .  I have been forgeting up a shit storm lately .,kaggle_nlp_disaster_tweets
KG_06427,# kick  # hurricane Seriously  # simple websites :   Looking For A Seriously Simple Program To,kaggle_nlp_disaster_tweets
KG_06429,@ Hurricane_Dolce no prob,kaggle_nlp_disaster_tweets
KG_06434,Ashley and I on going to hurricane harbor Friday .   ?,kaggle_nlp_disaster_tweets
KG_06436,"Militants attack police post in Udhampur ;  2 SPOs injured

Suspected militants Thursday  attacked a police post in .",kaggle_nlp_disaster_tweets
KG_06438,UPDATE : M . E .  confirms 2 women pulled from burning house died last Friday .  91 yr old Edna Jefferson & Doris Sherfield72 .,kaggle_nlp_disaster_tweets
KG_06440,Unlicensed teen driver among 2 killed in NC crash,kaggle_nlp_disaster_tweets
KG_06443,Experienced urogyn trying to help mesh injured women talks the worst offenders .    @ meshnewsdesk,kaggle_nlp_disaster_tweets
KG_06445,Yelp Bolsters Health Care Reviews With Investigative Journalism :  Sick and injured patients at a local ER are t .,kaggle_nlp_disaster_tweets
KG_06446,Terrorists attack police post ;  2 SPOs injured   # YUG,kaggle_nlp_disaster_tweets
KG_06448,Check this  @ Surya Ray Udhampur terror attack :  Militants attack police post 2 SPOs injured :    # Surya Ray  # India,kaggle_nlp_disaster_tweets
KG_06453,Top Stories  -  Google 4 dead dozens injured in Gaza blast near house leveled in summer war,kaggle_nlp_disaster_tweets
KG_06454,Photos :  17 people killed and over 25 injured in deadly Saudi Mosque suicide attack,kaggle_nlp_disaster_tweets
KG_06455,Seems they declared war against government .,kaggle_nlp_disaster_tweets
KG_06458,Udhampur terror attack :  Militants attack police post 2 SPOs injured,kaggle_nlp_disaster_tweets
KG_06461,I cannot believe Blevins got injured falling off a curb .  That is something that would happen to me never it expected for a pro player,kaggle_nlp_disaster_tweets
KG_06464,Udhampur terror attack :  Militants attack police post 2 SPOs injured :  Suspected militants tonight attacked a p .,kaggle_nlp_disaster_tweets
KG_06466,Offers  :    # 8392 Deluxe Toilet Safety Support / Health / Home / Bathroom / Support / Elderly / Injured / S,kaggle_nlp_disaster_tweets
KG_06467,Washington Post  -  4 dead dozens injured in Gaza blast near house leveled in summer war,kaggle_nlp_disaster_tweets
KG_06469,Ogun smugglers engage Customs in shootout :  Several persons were allegedly injured on Wednesday when men o .    # RT,kaggle_nlp_disaster_tweets
KG_06470,@ ChristieC733 please support this Please cosponsor S .  928 and support aid for sick and injured 9 / 11 responders !   # renew 911 health,kaggle_nlp_disaster_tweets
KG_06472,4 dead dozens injured in Gaza blast near house leveled in summer war  -  Washington Post    # World,kaggle_nlp_disaster_tweets
KG_06473,4 dead dozens injured in Gaza blast near house leveled in summer war  -   via,kaggle_nlp_disaster_tweets
KG_06474,@ TheHammers_  @ tonycottee1986 alsowhat if some of the 1st team players got injured ? Then Bilic would get slated for playing themhe cannot win,kaggle_nlp_disaster_tweets
KG_06480,# BreakingNews Militants attack Udhampur police post ;  2 SPOs injured,kaggle_nlp_disaster_tweets
KG_06481,@ WeAreTheNews please support this Please cosponsor S .  928 and support aid for sick and injured 9 / 11 responders !   # renew 911 health,kaggle_nlp_disaster_tweets
KG_06495,My baby girls car wreak this afternoon thank God no serious injuries and she was wearing her seatbelt !  .,kaggle_nlp_disaster_tweets
KG_06500,Tonight we have attended a fire in Romford with  @ London Fire thankfully no injuries,kaggle_nlp_disaster_tweets
KG_06501,Peel police say male cyclist struck near Southdown Road and Royal Windsor Drive in Mississauga .  Serious but non life - threatening injuries .,kaggle_nlp_disaster_tweets
KG_06506,West Nyack Pineview Road railroad crossing off Western Highway .  Units on scene of a CSX Train vs .  truck no injuries .,kaggle_nlp_disaster_tweets
KG_06510,Accident with injuries on  # NJ36 SB at CR 516 / Leonardville Rd,kaggle_nlp_disaster_tweets
KG_06519,Carterville High School coaches prepare for game - day injuries,kaggle_nlp_disaster_tweets
KG_06527,@ msnbc What a fucking idiot .  He had a gun  &  a hatchet yet there were still no serious injuries .  Glad police terminated him .,kaggle_nlp_disaster_tweets
KG_06528,Trauma injuries involving kids and sport usually cycling related :  Director Trauma NS    # NS,kaggle_nlp_disaster_tweets
KG_06534,Enjoying a little golf this summer ?  Take care to avoid injury  -  back and shoulder injuries can happen quickly,kaggle_nlp_disaster_tweets
KG_06537,CLEARED : incident with injury : I - 495  inner loop Exit 31  -  MD 97 / Georgia Ave Silver Spring,kaggle_nlp_disaster_tweets
KG_06541,Jack Wilshere has poor injury recordand his off field behaviors does not help .  # Arsenal,kaggle_nlp_disaster_tweets
KG_06547,California LawNegligence and Fireworks Explosion Incidents,kaggle_nlp_disaster_tweets
KG_06552,My prediction for the Vikings game this Sunday . dont expect a whole lot .  Infact I think Zimmer goal is . injury free 1st game,kaggle_nlp_disaster_tweets
KG_06554,Dante Exum ' s knee injury could stem Jazz ' s hoped - for surge back to  .,kaggle_nlp_disaster_tweets
KG_06555,@ AdamRubinESPN Familia :  arm injury or head case ?,kaggle_nlp_disaster_tweets
KG_06570,@ Sport_EN Just being linked to Arsenal causes injury .,kaggle_nlp_disaster_tweets
KG_06571,incident with injury : I - 495  inner loop Exit 31  -  MD 97 / Georgia Ave Silver Spring,kaggle_nlp_disaster_tweets
KG_06593,"Body shops inundated with cars dented by hail .  Good news insurance pays .  Bad news  :   you are stuck with deductible  ! 
 # wcvb",kaggle_nlp_disaster_tweets
KG_06614,As a result of heavy rains in  # Bangladeshaffected lands are inundated by flood waters - land looks like rivers at high tide  # BangladeshFlood,kaggle_nlp_disaster_tweets
KG_06621,Myanmar ' s president urged people to leave a low - lying southern delta region on Thursday with rain water that has inundated much of the coun,kaggle_nlp_disaster_tweets
KG_06624,This is set to become a huge one month wonder .   ( And then Pornhub will be inundated .  ),kaggle_nlp_disaster_tweets
KG_06627,@ LEDofficial1 As you can imagine we are inundated with requests each week for samples  &  as much as we would love to be able to send sweets 1 / 2,kaggle_nlp_disaster_tweets
KG_06631,@ Bilsko and suddenly I am inundated with research .   @ humofthecity,kaggle_nlp_disaster_tweets
KG_06638,Potential Storm Surge Flooding Map by National Hurricane Center,kaggle_nlp_disaster_tweets
KG_06642,Punjab government flood relief platform :   realtime information on inundation damages rescue efforts  &  travel alerts,kaggle_nlp_disaster_tweets
KG_06649,@ kemal_atlay caught in a landslide,kaggle_nlp_disaster_tweets
KG_06653,". Sink Holes Earth Slides And Avalanches >  > 
 # Allah  # Islam  # sinkhole  # landslide  # avalanche  # USA  # France  # UK  # usgs  # emsc",kaggle_nlp_disaster_tweets
KG_06654,@ MartinMJ22  @ YouGov When did a 12 seat majority with 36 %  of the vote become a landslide ?,kaggle_nlp_disaster_tweets
KG_06658,Army veteran fears loose rocks from Dundee landslide could kill him at any moment :  He has faced a hail of bullets,kaggle_nlp_disaster_tweets
KG_06661,"Inbounds /  Out of Bounds : 

While many picked the Nats to win the NL East in a landslide they currently sit 2 .",kaggle_nlp_disaster_tweets
KG_06663,11 : 30BST traffic :  A10 > Paris A40 Geneva A7 Mons A1 Hamburg A2 > Hanover A5 Karlsruhe Gotthard n / b,kaggle_nlp_disaster_tweets
KG_06668,Latest :  Landslide kills three near Venice after heavy rain,kaggle_nlp_disaster_tweets
KG_06669,FreeBesieged :   . MartinMJ22 YouGov Which  '  # Tory landslide '   .  you cannot POSSIBLY mean the wafer - thin majority of  # G,kaggle_nlp_disaster_tweets
KG_06675,DUNDEE NEWS :  Army veteran fears loose rocks from Dundee landslide could kill him at any moment,kaggle_nlp_disaster_tweets
KG_06679,Method in contemplation of incident an leading bridal landslide :  wiWNpFXA,kaggle_nlp_disaster_tweets
KG_06681,being stuck on a sleeper train for 24 hours after de - railing due to a landslide was most definitely the pit of the trip,kaggle_nlp_disaster_tweets
KG_06683,# Flashflood causes  # landslide in Gilgit  # Pakistan Damage to 20 homes farmland roads and bridges  # 365disasters,kaggle_nlp_disaster_tweets
KG_06686,Italy :  Three dead after landslide in the Italian Alps :   via  @ YouTube,kaggle_nlp_disaster_tweets
KG_06695,Landslide kills three near Venice after heavyrain,kaggle_nlp_disaster_tweets
KG_06701,Imagine a room with walls that are lava lamps .,kaggle_nlp_disaster_tweets
KG_06702,The sunset looked like an erupting volcano  .  My initial thought was the Pixar short Lava,kaggle_nlp_disaster_tweets
KG_06729,Check out my Lava lamp dude  ?,kaggle_nlp_disaster_tweets
KG_06731,@ YoungHeroesID Lava Blast dan Power Red  # Panther Attack  @ CunayyH  @ TaufikCJ,kaggle_nlp_disaster_tweets
KG_06745,@ YoungHeroesID LAVA BLAST dan POWER RED  # Panther Attack  @ Mirmanda11  @ evaaaSR,kaggle_nlp_disaster_tweets
KG_06749,Thunder and lightning possible in the Pinpoint Foothill Forecast .,kaggle_nlp_disaster_tweets
KG_06756,The Lightning out here is something serious !,kaggle_nlp_disaster_tweets
KG_06757,Couple storms near Guthrie OK .  Leaving Norman for an evening lightning op .   # Oklahoma City Weather,kaggle_nlp_disaster_tweets
KG_06758,NWS says thunderstorms with deadly lightning will move across the Black Hills this evening .  That assumes there is a safe type .  Hmm ?,kaggle_nlp_disaster_tweets
KG_06760,@ random_tourist it rained .  Some guys tree hit by lightning and some jackholes drove onto flooded streets .,kaggle_nlp_disaster_tweets
KG_06762,Expect gusty winds heavy downpours and lightning moving northeast toward VA now .,kaggle_nlp_disaster_tweets
KG_06764,Science Daily :  Lightning reshapes rocks at the atomic level  -  A lightning strike can reshape a mineral ' s crystal s .,kaggle_nlp_disaster_tweets
KG_06766,do not blink  ?  will not see the Lightning take the W  ?,kaggle_nlp_disaster_tweets
KG_06772,Heavy rain gusty winds and vivid lightning moving east through the Triad now .,kaggle_nlp_disaster_tweets
KG_06773,Lightning causes six new fires on VancouverIsland,kaggle_nlp_disaster_tweets
KG_06776,Dry thunderstorms with lightning possible in the Pinpoint Valley Forecast .,kaggle_nlp_disaster_tweets
KG_06787,Cell Phone Shop  :    # 629 8 - Pin Lightning Connector 2 . 1A Car Charger For Apple 5 5S 5C 6 6 +  i,kaggle_nlp_disaster_tweets
KG_06788,World War II book LIGHTNING JOE An Autobiography by General J .  Lawton Collins,kaggle_nlp_disaster_tweets
KG_06789,Lightning strike in the distance via  / r / pics   # pics,kaggle_nlp_disaster_tweets
KG_06795,Check this out !  Lightning reshapes rocks at the atomic level   # scichat  # science,kaggle_nlp_disaster_tweets
KG_06806,@ Chibi877  - head .  It hit the wall behind him with a loud bang .   ' Language !  '  Drake shouted at him before getting up .   ' I am going out stay -,kaggle_nlp_disaster_tweets
KG_06813,tianta_ :  Breaking news !  Unconfirmed !  I just heard a loud bang nearby .  in what appears to be a blast of wind from my neighbour ' s ass .,kaggle_nlp_disaster_tweets
KG_06814,Nearly had a heart attack just now ;  loud bang against window next to meturns out it was two birds flying into the glass .,kaggle_nlp_disaster_tweets
KG_06823,Jrowah :  Breaking news !  Unconfirmed !  I just heard a loud bang nearby .  in what appears to be a blast of wind from my neighbour ' s ass .,kaggle_nlp_disaster_tweets
KG_06828,I WAS PEACEFULLY SITTING IN MY ROOM AND I HEARD THIS LOUD BANG OF SOMETHING FALLING,kaggle_nlp_disaster_tweets
KG_06837,daviesmutia :  Breaking news !  Unconfirmed !  I just heard a loud bang nearby .  in what appears to be a blast of wind from my neighbour ' s ass .,kaggle_nlp_disaster_tweets
KG_06843,"St steel coffee cafetiere exploded this am with loud bang hot coffee  &  grounds shot over table clean crockery phone
tablet .  How ?",kaggle_nlp_disaster_tweets
KG_06849,@ Samantha Turner It was .  Nagaski another act of mass murder sanctioned and forgiven cause the Allies won .  Not by me .,kaggle_nlp_disaster_tweets
KG_06850,@ TANSTAAFL23 It is not an  ' impulse '  and it does not end in mass murder .  Correlation does not imply causation .,kaggle_nlp_disaster_tweets
KG_06852,@ ColdMpress You up to commiting mass murder tonight ?,kaggle_nlp_disaster_tweets
KG_06854,The media needs to stop publicizing mass murder .  So many sick people do these things for the eyes of the world  &  the media is not helping .,kaggle_nlp_disaster_tweets
KG_06855,@ Samantha Turner IIt may logically have been the right call .  maybe .  But it is an act of mass murder and I cannot sanction it .,kaggle_nlp_disaster_tweets
KG_06857,We have different moral systems .  Mine rejects the mass murder of innocents yours explicitly endorses such behavior .,kaggle_nlp_disaster_tweets
KG_06858,@ DoctorDryadma mass murder here we come,kaggle_nlp_disaster_tweets
KG_06860,RT owenrbroadhurst RT JuanMThompson :  At this hour 70 yrs ago one of the greatest acts of mass murder in world hist,kaggle_nlp_disaster_tweets
KG_06861,If abortion is murder then blowjobs are cannibalism and masturbation is mass genocide .,kaggle_nlp_disaster_tweets
KG_06863,@ D1ff3r3nt1sG00d  @ RiceeChrispies What if he committed a mass murder ?,kaggle_nlp_disaster_tweets
KG_06864,@ tuicruises  @ aida_de Cruise Industry Supports Mass Murder of Whales in  # Faroe Islands !   ' Everything the  ( cont ),kaggle_nlp_disaster_tweets
KG_06867,Hiroshima  -  one of history ' s worst examples of mass murder    # hiroshima  # war  # atombomb  # japan,kaggle_nlp_disaster_tweets
KG_06870,@ guardian Has Japan ever truly come to terms with devastation and mass murder of millions of Chinese and others with traditional weapons ?,kaggle_nlp_disaster_tweets
KG_06872,Oh the usual .  Mass murder and world domination plans over coffee .  How ' s your day going ?,kaggle_nlp_disaster_tweets
KG_06874,@ Royal Carribean do your passengers know about the mass murder that takes place in the  # Faroe Islands every year ?,kaggle_nlp_disaster_tweets
KG_06875,@ noah_anyname The utopian impulse inevitably ends in gulags and mass murder .,kaggle_nlp_disaster_tweets
KG_06876,Urgent !  Save the Salt River  # Wild Horses !  Mass murder by the very ppl supposed to protect them ?    -  >    @ CNN  @ CBC,kaggle_nlp_disaster_tweets
KG_06880,@ FLGovScott We allow Farrakhan to  to challenge 10000 males to rise up  &  commit mass murder as he just did in Miami ?,kaggle_nlp_disaster_tweets
KG_06883,@ yelllowheather controlled murder is fine .  mass murder to a crowd of undeserving people is not .  case closed .,kaggle_nlp_disaster_tweets
KG_06884,@ Re_ShrimpLevy I am always up for mass murder,kaggle_nlp_disaster_tweets
KG_06885,@ JakeGint the mass murder got her hot and bothered but at heart she was always a traditionalist .,kaggle_nlp_disaster_tweets
KG_06890,@ Metropolitan Nashville Police Department  @ MontalbanoNY sadly suicide by cop .  Wed 2PM  @  Dollar movie does not a mass murder make .,kaggle_nlp_disaster_tweets
KG_06892,@ billy_hodge Aurora theater shooting trial :  Gunman expected notoriety for mass murder and nothing else,kaggle_nlp_disaster_tweets
KG_06893,"# debate questions we want to hear Why does  # Saudi arabia and  # Israel get away with mass murder ? 
 # Wahhabism  # Zionism",kaggle_nlp_disaster_tweets
KG_06896,Okay not sure the word  ' mass murder '  applies during this war but it was horrendous none the less .,kaggle_nlp_disaster_tweets
KG_06897,Another white guy trying to mass murder people for no apparent reason just because let me guess he is mentally ill blah blah blah  # Antioch,kaggle_nlp_disaster_tweets
KG_06898,Hiroshima :  70 years since the worst mass murder in human history .  Never forget .,kaggle_nlp_disaster_tweets
KG_06903,Kach was a group to which belonged Baruch Goldstein a mass murderer who in 1994 shot and killed 29 Palestinian,kaggle_nlp_disaster_tweets
KG_06905,@ TrillAC_ I think we have only had like one black mass murderer in the history of mass murders white people do that shit .,kaggle_nlp_disaster_tweets
KG_06907,Mass murderer Che Guevara greeting a woman in North Korea  ',kaggle_nlp_disaster_tweets
KG_06909,# gun sense answer to  # GFZ ' s :  break law on the minuscule chance a mass murderer shows up .,kaggle_nlp_disaster_tweets
KG_06910,# TheaterShooting DEFENDANT / MASS MURDERER CHOSE NOT 2 TESTIFY IN FINAL PHASE 3 so he will not therefore B subject 2 cross - exam or jury questions,kaggle_nlp_disaster_tweets
KG_06913,White people I know you worry tirelessly about black on black crime but what are you going to do about your mass murderer problem ?,kaggle_nlp_disaster_tweets
KG_06916,You happen to conveniently  ' forget '  about how you Zionists revere and  ' honour '  mass murderer Baruch Goldstein .,kaggle_nlp_disaster_tweets
KG_06918,Hey  # movietheatre mass murderer wanna - be we do not play that shit in the  # 615 !,kaggle_nlp_disaster_tweets
KG_06919,Julian Knight  -   @ SCVSupremeCourt dismisses mass murderer ' s attempt to increase prisoner pay .  Challenged quantum of 5 %  increase 2013 .,kaggle_nlp_disaster_tweets
KG_06920,@ bettyfreedoms  @ AbnInfVet hillary mass murderer .,kaggle_nlp_disaster_tweets
KG_06921,Reminder :  Mass murderer and white supremacist Anders Breivik was also unsurprisingly an anti - feminist .,kaggle_nlp_disaster_tweets
KG_06929,Happy boy to mass murderer,kaggle_nlp_disaster_tweets
KG_06930,@ NeanderRebel If you take the suit off him I would not be surprised to hear this is the face that belonged to another democrat mass - murderer,kaggle_nlp_disaster_tweets
KG_06931,Has gun law ever dissuaded a potential mass murderer ?,kaggle_nlp_disaster_tweets
KG_06932,Another White mass murderer .  Thank God I live in California .,kaggle_nlp_disaster_tweets
KG_06935,Another White mass murderer .  Thank God I am from California .   @ FrauTrapani,kaggle_nlp_disaster_tweets
KG_06939,Nazi Mass Murderer Became Chairman At Vaccine Drug Company In .,kaggle_nlp_disaster_tweets
KG_06940,Another White mass murderer .   # Antioch,kaggle_nlp_disaster_tweets
KG_06943,@ blairmcdougall and when will you be commenting on Ian Taylor ' s dealings with mass  -  murderer Arkan ?,kaggle_nlp_disaster_tweets
KG_06945,@ AFK_10  @ Dr_JohanFranzen ISIS are orchs .  But they do not have the ability to massacre civilians far from the frontlines like the tyrant .,kaggle_nlp_disaster_tweets
KG_06946,"@ Cameron_WATE
 Parents of Colorado theater shooting victim fear copycat massacre


 # Antioch",kaggle_nlp_disaster_tweets
KG_06948,UK police link Tunisian beach massacre with Bardo museum attack,kaggle_nlp_disaster_tweets
KG_06949,Baby elephant dies just days after surviving massacre of his family,kaggle_nlp_disaster_tweets
KG_06950,"@ abc3340 
Parents of Colorado theater shooting victim fear copycat massacre


 # Antioch",kaggle_nlp_disaster_tweets
KG_06955,3 Years After the Sikh Temple Massacre Hate - Violence Prevention Is Key  |   @ dviyer  @ Colorlines,kaggle_nlp_disaster_tweets
KG_06956,"Massacre at  # Sinjar  :  Has the World Forgotten the  # Yazidi  ? 

 #  ? _ ? _ ?   # yazidi_shingal_genocide  # EzidiGenocide",kaggle_nlp_disaster_tweets
KG_06959,Colorado movie massacre trial jurors reach verdict on mitigating factors,kaggle_nlp_disaster_tweets
KG_06960,Still Uninvestigated After 50 Years :  Did the U . S .  Help Incite the 1965 Indonesia Massacre ?,kaggle_nlp_disaster_tweets
KG_06961,"@ KabarMesir  @ badr58 
Never dies a big Crime like RABAA MASSACRE as long the revolution is being observed . 
 # rememberRABAA",kaggle_nlp_disaster_tweets
KG_06965,Bestie is making me watch texas chainsaw massacre  ?,kaggle_nlp_disaster_tweets
KG_06966,Petition / No Medals for 1890 Massacre Justice for Wounded Knee Killings of Native Americans !,kaggle_nlp_disaster_tweets
KG_06967,I see a massacre !,kaggle_nlp_disaster_tweets
KG_06970,"Headed to the massacre 
Bodies arriving everyday 
What were those shells you heard 
Picking the bones up along the way",kaggle_nlp_disaster_tweets
KG_06972,The Fake of Nanking Massacre - 4 Eyewitnesses  ( English )  :     # Obama  # Clinton  # Bush  # GOP  # ABC  # CBS  # BBC  # CNN  # WSJ  # WPO,kaggle_nlp_disaster_tweets
KG_06973,Remember this was a massacre of civilians .   # Hiroshima,kaggle_nlp_disaster_tweets
KG_06975,Tunisia beach massacre linked to March terror attack on museum,kaggle_nlp_disaster_tweets
KG_06978,@ freddiedeboer  @ Thucydiplease then you have rise of Coates Charleston massacre Walter Scott and black twitter more broadly as well .,kaggle_nlp_disaster_tweets
KG_06980,@ gigagil IOF murdered over 513 Palestinian children  ( 70 %  under 12 )  during Gaza Massacre where was zionist morality - zionism is a world evil !,kaggle_nlp_disaster_tweets
KG_06981,Sousse beach massacre linked to Tunis museum attack,kaggle_nlp_disaster_tweets
KG_06984,Tell  @ BarackObama to rescind medals of  ' honor '  given to US soldiers at the Massacre of Wounded Knee .  SIGN NOW  &  RT !,kaggle_nlp_disaster_tweets
KG_06985,"@ nataliealund 
Parents of Colorado theater shooting victim fear copycat massacre


 # Antioch",kaggle_nlp_disaster_tweets
KG_06988,"@ WKRN 
Parents of Colorado theater shooting victim fear copycat massacre


 # Antioch",kaggle_nlp_disaster_tweets
KG_06990,@ MartynWaites It is a well - known fact that the St Valentine ' s Day massacre could have been avoided with some  ' oompah - period '  Tom Waits .,kaggle_nlp_disaster_tweets
KG_06992,The Martyrs Who Kept Udhampur Terrorists at Bay Averted a Massacre :  It was two young  SPS,kaggle_nlp_disaster_tweets
KG_07002,I liked a  @ YouTube video from  @ Justin Stuart  GUN RANGE MAYHEM !,kaggle_nlp_disaster_tweets
KG_07029,Asbury Park shooting reported  via  @ AsburyParkPress,kaggle_nlp_disaster_tweets
KG_07039,BREAKING :  Authorities respond to Ocean fire,kaggle_nlp_disaster_tweets
KG_07050,The ol '  meltdown victory for the Mets .,kaggle_nlp_disaster_tweets
KG_07052,@ tinybaby  @ adultblackmale  @ mattytalks meltdown mwednesday,kaggle_nlp_disaster_tweets
KG_07063,THE GLOBAL ECONOMIC MELTDOWN is out !   Stories via  @ seagull07  @ AleisStokes  @ intelligencebar,kaggle_nlp_disaster_tweets
KG_07091,Byproduct of metal price meltdown is a higher silver price,kaggle_nlp_disaster_tweets
KG_07092,President Barack Obama has on air meltdown over opposition to Iran nuclear deal  via  @ examinercom,kaggle_nlp_disaster_tweets
KG_07104,Senator  ' alarmed '  by reports U . S .  military families harassed :  A U . S .  Senator said on Wednesday he was alarmed by,kaggle_nlp_disaster_tweets
KG_07106,@ UnivSFoundation For the people who died in Human Experiments by Unit 731 of Japanese military,kaggle_nlp_disaster_tweets
KG_07111,@ kiranahmedd US military and Nato are fighting Talibans too,kaggle_nlp_disaster_tweets
KG_07120,@ stfxuniversity For the people who died in Human Experiments by Unit 731 of Japanese military,kaggle_nlp_disaster_tweets
KG_07124,@ 2for1Lapdances For the people who died in Human Experiments by Unit 731 of Japanese military,kaggle_nlp_disaster_tweets
KG_07128,Courageous and honest analysis of need to use Atomic Bomb in 1945 .   # Hiroshima Japanese military refused surrender .,kaggle_nlp_disaster_tweets
KG_07135,@ UniversityofLaw For the people who died in Human Experiments by Unit 731 of Japanese military,kaggle_nlp_disaster_tweets
KG_07137,@ CochiseCollege For the people who died in Human Experiments by Unit 731 of Japanese military,kaggle_nlp_disaster_tweets
KG_07147,' It looks like a mudslide !  '  And  # GBBO is back with a belter !,kaggle_nlp_disaster_tweets
KG_07148,STERLING - SCOTT on the Red Carpet at a fundraiser for  ' OSO Mudslide ',kaggle_nlp_disaster_tweets
KG_07158,@ marc_holl  @ NenniCook  @ AitchKayCee  @ vixstuart  @ benjbeckwith It is not pretty  ?  # disaster  # GBBO  # mudslide,kaggle_nlp_disaster_tweets
KG_07160,' It looks like a mudslide '  poor thing !   ?   # great british bake off,kaggle_nlp_disaster_tweets
KG_07163,Flood and Mudslide Warning for East Fjords  |  Iceland Review   # icelandreview via  @ iceland_review,kaggle_nlp_disaster_tweets
KG_07167,@ SophieWisey I could not .   # mudslide,kaggle_nlp_disaster_tweets
KG_07173,@ brobread looks like mudslide ?,kaggle_nlp_disaster_tweets
KG_07174,"@ Lolly_Knickers It is a mudslide .  
It is like chewing on a rubber tyre . 
And with those I am DONE . 
 # vaginaorcake  # GBBO",kaggle_nlp_disaster_tweets
KG_07179,@ UrufuSanRagu a Mudslide ?,kaggle_nlp_disaster_tweets
KG_07183,@ new_hart2010  # mudslide .  nuff said  # GBBO,kaggle_nlp_disaster_tweets
KG_07184,Oso Washington Mudslide Response Interview  Part 1,kaggle_nlp_disaster_tweets
KG_07193,First time getting into  # gbbo2015 and physically gasped at the cake  ' mudslide '  incident already way too emotionally invested .,kaggle_nlp_disaster_tweets
KG_07197,@ Doylech They are refugees :   ' people who have been forced to leave their country in order to escape war persecution or natural disaster ',kaggle_nlp_disaster_tweets
KG_07198,On the sneak America has us spoiled .  A natural disaster will humble niggas .,kaggle_nlp_disaster_tweets
KG_07199,RaÌ¼l sends a message of condolence to Vietnam following natural disaster,kaggle_nlp_disaster_tweets
KG_07201,@ Cali74142290 lol natural disaster / hospital crisis something is needed to get rid of some cast members .,kaggle_nlp_disaster_tweets
KG_07203,Some people are really natural disaster too,kaggle_nlp_disaster_tweets
KG_07205,Coming later this year~  ' THE MAN THAT TATTOOED WOMEN .  '  A novel based on a real serial killer from  # Arkansas  &  a natural disaster .   # NOLA,kaggle_nlp_disaster_tweets
KG_07206,RaÌ¼l sends a message of condolence to Vietnam following natural disaster :  On behalf of the Cuban government an .,kaggle_nlp_disaster_tweets
KG_07210,Expert Prepper :  Financial Collapse Natural Disaster Failed Grid .,kaggle_nlp_disaster_tweets
KG_07213,its only getting colder and colder and faster and faster and when i first realized it it was like a natural disaster,kaggle_nlp_disaster_tweets
KG_07215,natural disaster  News Stories About natural disaster  -  Page 1  |  Newser,kaggle_nlp_disaster_tweets
KG_07223,"This is the natural and unavoidable consequence of socialism everywhere it has been tried . 
 A",kaggle_nlp_disaster_tweets
KG_07224,Suncorp net profit rises to  $ 1 . 13 billion in worst year of natural disaster claims,kaggle_nlp_disaster_tweets
KG_07226,Of course the one day I have to dress professionally aka unsensibly for class is the day I have try and outrun a natural disaster !,kaggle_nlp_disaster_tweets
KG_07227,* books a flight to Burma when country is enduring political unrest and a natural disaster *  no wonder it was so cheap ay,kaggle_nlp_disaster_tweets
KG_07229,We have overrun a Natural Disaster Survival server !,kaggle_nlp_disaster_tweets
KG_07235,Savings and sewing in Guatemala :  Savings and sewing in Guatemala .  When a natural disaster hit seamstress Elvia .,kaggle_nlp_disaster_tweets
KG_07236,Patriot Survival Guide :  Do you know how survive when the governments collapse or other natural disaster happens ?,kaggle_nlp_disaster_tweets
KG_07247,beforeitsnews  :  3 former executives to be prosecuted in Fukushima nuclear disaster   ),kaggle_nlp_disaster_tweets
KG_07248,Alarming Rise in Dead Marine Life Since the  # Fukushima Nuclear Disaster :,kaggle_nlp_disaster_tweets
KG_07251,If i tweet daily  # Fukushima  # Japan global nuclear disaster &   # Chernobyl ppl dont care there is no hope 4 humanity C >,kaggle_nlp_disaster_tweets
KG_07252,"?  # FUKUSHIMA ?  # TEPCO ? 
Fukushima Nuclear Disaster  |  Increased Thyroid Cancer in  # US  -  Integrative Cancer Answers",kaggle_nlp_disaster_tweets
KG_07253,Though serious  # natural  # disaster increased in  # Japanjapan  # Nuclear safety standard is far inferior to  # US standard .  # anonymous  # Nytimes,kaggle_nlp_disaster_tweets
KG_07254,Physical sense helps preserve memories of 2011 triple disaster  ( 8 / 4 AJW )    # jishin_e  # nuclear  # Minamisoma,kaggle_nlp_disaster_tweets
KG_07255,ANOTHER DISASTER WAITING TO HAPPEN AND YOUR ALLOWING IT ?,kaggle_nlp_disaster_tweets
KG_07256,@ DalaiLama then have the biggest nuclear disaster to ever have happened,kaggle_nlp_disaster_tweets
KG_07260,# Obama signed up to a deal that far from making the world a safer place  via  @ upi  # Iran  # Nuclear  # IranNuclearDeal,kaggle_nlp_disaster_tweets
KG_07261,3 former executives to be prosecuted in Fukushima nuclear disaster,kaggle_nlp_disaster_tweets
KG_07264,@ emmerdale can we have a public vote for the next annual village disaster ?   i want an isis strike or a nuclear accident  &  end this forever,kaggle_nlp_disaster_tweets
KG_07266,Fukushima Nuclear Disaster  |  Increased Thyroid Cancer in U . S .,kaggle_nlp_disaster_tweets
KG_07267,The people who tweet and care about  # Japan  # Fukushima nuclear disaster are not the problem those who ignore are the problem .,kaggle_nlp_disaster_tweets
KG_07268,We want to see no more Hiroshima and Nagasaki nuclear bomb disaster in this beautiful world . Lets be peaceful  &  save this human civilization .,kaggle_nlp_disaster_tweets
KG_07270,# Japan  # Fukushima the most serious man made disaster in human history .   a marker of radiation brain damage,kaggle_nlp_disaster_tweets
KG_07272,# refugees of  # nuclear disaster in western  # Japan will be beyond 500 thousand at least .   # AFP  # guardian  # WPS  # NYTimes,kaggle_nlp_disaster_tweets
KG_07274,3 Former Executives To Be Prosecuted In Fukushima Nuclear Disaster,kaggle_nlp_disaster_tweets
KG_07277,CLOSING THEIR EYES TO DISASTER !   State Department Unaware of Reports Iran is Sanitizing Nuclear Sites,kaggle_nlp_disaster_tweets
KG_07278,"3 Former Executives to Be Prosecuted in Fukushima Nuclear  # Disaster . 

The story :   via  @ nytimes",kaggle_nlp_disaster_tweets
KG_07280,Any disaster impairs mental health especially in vulnerable individuals .,kaggle_nlp_disaster_tweets
KG_07281,Fukushima  ' mutant vegetable '  images sweep across the region two years after nuclear disaster  via  @ MailOnline,kaggle_nlp_disaster_tweets
KG_07283,Bombing  # Iran would result in a never - ending game of  # nuclear whack - a - mole .  Here is why :,kaggle_nlp_disaster_tweets
KG_07285,Fukushima :  The Story of a Nuclear Disaster,kaggle_nlp_disaster_tweets
KG_07286,The president spoke of Kennedy ' s diplomacy to avert nuclear disaster during the Cold War to bolster his own pitch for Congress '  approval,kaggle_nlp_disaster_tweets
KG_07287,573 deaths have been certified by the Government as nuclear disaster - related deaths,kaggle_nlp_disaster_tweets
KG_07288,3 Former Executives to Be Prosecuted in Fukushima Nuclear Disaster,kaggle_nlp_disaster_tweets
KG_07289,70 years ago today 1945  # Hiroshima was the first nuclear atomic bomb leaving a major disaster in the wake .,kaggle_nlp_disaster_tweets
KG_07290,If U care about life on land sea  &  in air then dont pretend  &  ignore the nuclear disaster in  # Japan  # Fukushima this is a  # global problem,kaggle_nlp_disaster_tweets
KG_07291,"# Nuclear policy of  # Japan without responsibility about Nuclear  # Disaster will repeat same  # failure . 
 # annonymous  # guardian  # NYTimes  # Reuters",kaggle_nlp_disaster_tweets
KG_07294,Chernobyl disaster  -  Wikipedia the free encyclopedia do not you just love the nuclear technology it is so glorious,kaggle_nlp_disaster_tweets
KG_07299,Global Nuclear Reactor Construction Market grew 4 . 5 %  between 2013 and 2014,kaggle_nlp_disaster_tweets
KG_07301,Salem 2 nuclear reactor shut down over electrical circuit failure on pump :  The Salem 2 nuclear reactor had bee .,kaggle_nlp_disaster_tweets
KG_07306,US Navy Sidelines 3 Newest Subs  -   :  DefenseNews . comUS Navy Sidelines 3 Newest SubsD .    # navy,kaggle_nlp_disaster_tweets
KG_07312,@ RobertHarding  @ RepJohnKatko Crazy to use the Netanyahu argument Iran can flush A NUCLEAR REACTOR DOWN THE TOILET,kaggle_nlp_disaster_tweets
KG_07316,Nuclear - Deal :  Indo - Japan pact lies at the heart of two US reactor - based projects :  If Japan were to go ahead an .,kaggle_nlp_disaster_tweets
KG_07317,Nuclear  # Solar Power  # Japanese  # Fukushima Reactor Energy Japan Temperature No .  Fuel Pool More,kaggle_nlp_disaster_tweets
KG_07318,Japan ' s Restart of Nuclear Reactor Fleet Fast Approaches,kaggle_nlp_disaster_tweets
KG_07319,If I am also not mistaken we are sitting right next 2 a nuclear reactor .  Not smart when we have a cataclysmic event  &  that reator melts down .,kaggle_nlp_disaster_tweets
KG_07324,@ stunckle  @ Gordon_R74  @ crazydoctorlady  . I am no expert but raw uranium and nuclear reactor fuel rods are 2 very different creatures .,kaggle_nlp_disaster_tweets
KG_07329,Rolling sandunes the gentle lapping of the sea the call of gulls and a nuclear reactor  # sizewell,kaggle_nlp_disaster_tweets
KG_07334,Salem 2 nuclear reactor shut down over electrical circuit failure on pump,kaggle_nlp_disaster_tweets
KG_07335,Finnish ministers :  Fennovoima nuclear reactor will go ahead   # worldnews  # news  # breakingnews,kaggle_nlp_disaster_tweets
KG_07337,Salem 2 nuclear reactor shut down over electrical circuit failure on pump  -,kaggle_nlp_disaster_tweets
KG_07342,@ SnowyWolf5  @ TheGreenParty Besides would you rather shut down a whole nuclear reactor for maintenance or a wind turbine at a time ?,kaggle_nlp_disaster_tweets
KG_07356,Whereas Jez will obliterate the national debt  -  and give lots of new benefits  -  by simply printing money !  Genius !,kaggle_nlp_disaster_tweets
KG_07361,@ McCaineNL Think how spectacular it will look when the Stonewall riots obliterate the white house .,kaggle_nlp_disaster_tweets
KG_07362,Watch Sarah Palin OBLITERATE Planned Parenthood For Targeting Minority Women !   BB4SP,kaggle_nlp_disaster_tweets
KG_07377,Someone teaching you that obedience will obliterate trials in your life is trying to sell you a used car .  Jesus ' s life blows that theory .  ',kaggle_nlp_disaster_tweets
KG_07407,@ breakingnewslh  @ bree_mars watch cnn ' s the seventies terrorism episode .  Iran has always hated the U . S .  They want us obliterated .,kaggle_nlp_disaster_tweets
KG_07415,Drunk Meals 101 :  What To Cook When You are Totally Obliterated,kaggle_nlp_disaster_tweets
KG_07425,WACKOS like  # Michele Bachman predict the WORLD will SOON be OBLITERATED by a burning firey INFERNO but cant accept  # GlobalWarming !  HELLO !,kaggle_nlp_disaster_tweets
KG_07437,@ TheEvilOlives It is the closest structure to the hypo centre that was not completely obliterated .,kaggle_nlp_disaster_tweets
KG_07446,Kontrolled Media say  ' US good .  Putin bad .   # WW3 good Peace bad '  .  TOTAL BS !  Leave Russia alone .  DO NOT DICE WITH obliteration .   # demonization,kaggle_nlp_disaster_tweets
KG_07457,@ ThatSabineGirl you get me sis .  this planet could do with a huge dose of obliteration .,kaggle_nlp_disaster_tweets
KG_07463,@ tiggr_ why only Squad Obliteration ?,kaggle_nlp_disaster_tweets
KG_07494,"Path of Obliteration
Back From The Dead
Story by  @ KyleWappler  @ thisishavehope",kaggle_nlp_disaster_tweets
KG_07496,SB57  [ NEW ]  Deepwater Horizon Oil Spill distribution of funds from BP settlement road and bridge projects in Bal .,kaggle_nlp_disaster_tweets
KG_07497,California oil spill might be larger than projected :,kaggle_nlp_disaster_tweets
KG_07498,Refugio oil spill may have been costlier bigger than projected :  A Plains All American Pipeline oil spill off  .,kaggle_nlp_disaster_tweets
KG_07501,LA Times :  Refugio oil spill may have been costlier bigger than projected,kaggle_nlp_disaster_tweets
KG_07502,' California :  Spring Oil Spill Estimate Grows  '  by THE ASSOCIATED PRESS via NYT,kaggle_nlp_disaster_tweets
KG_07503,Refugio oil spill may have been costlier bigger than projected,kaggle_nlp_disaster_tweets
KG_07512,Sydney Traffic HAZARD Oil spill  -  BANKSTOWN Stacey St at Wattle St  # sydtraffic  # trafficnetwork,kaggle_nlp_disaster_tweets
KG_07513,Plains All American Pipeline company may have spilled 40 %  more crude oil than previously estimated  # KSBYNews  @ lilitan,kaggle_nlp_disaster_tweets
KG_07514,SYD traffic HAZARD Oil spill  -  BANKSTOWN Stacey St at Wattle St,kaggle_nlp_disaster_tweets
KG_07515,"Watch our video of Wendell Berry speaking about the BP oil spill in the Gulf of Mexico . 

Its the birthday .",kaggle_nlp_disaster_tweets
KG_07517,National Briefing  |  West :  California :  Spring Oil Spill Estimate Grows :  Documents released on Wednesday disclos .,kaggle_nlp_disaster_tweets
KG_07518,DTN Brazil :  Refugio oil spill may have been costlier bigger than projected :  A Plains All American Pipeline oi .,kaggle_nlp_disaster_tweets
KG_07519,Hannah :   ' Hiroshima sounds like it could be a place in China .  is not that where the oil spill was ?  ',kaggle_nlp_disaster_tweets
KG_07521,Refugio oil spill may have been costlier bigger than projected  ( LA Times ),kaggle_nlp_disaster_tweets
KG_07522,California :  Spring Oil Spill Estimate Grows :  Documents released on Wednesday disclosed that an oil sp .    # OSI2016,kaggle_nlp_disaster_tweets
KG_07523,Refugio oil spill may have been costlier bigger than projected   # LosAngelesTimes  # latimes  # news,kaggle_nlp_disaster_tweets
KG_07525,National Briefing  |  West :  California :  Spring Oil Spill Estimate Grows :  Documents released on Wednesday d .    ( NYT ),kaggle_nlp_disaster_tweets
KG_07526,Plains All American Pipeline company may have spilled 40 percent more crude oil than previously estimated .,kaggle_nlp_disaster_tweets
KG_07527,@ Kinder_Morgan cannotwill not tell  @ cityofkamloops how they would respond to an oil spill .  Trust them ?  See Sec 4 . 2  # Kamloops,kaggle_nlp_disaster_tweets
KG_07528,news @  Refugio oil spill may have been costlier bigger than projected,kaggle_nlp_disaster_tweets
KG_07530,Plains :  Calif .  Oil Spill Could be Larger than Estimated .,kaggle_nlp_disaster_tweets
KG_07533,@ News @  Refugio oil spill may have been costlier bigger than projected,kaggle_nlp_disaster_tweets
KG_07534,Refugio oil spill may have been costlier bigger than projected   # news,kaggle_nlp_disaster_tweets
KG_07535,Refugio oil spill may have been costlier bigger than projected   |,kaggle_nlp_disaster_tweets
KG_07536,News @  Refugio oil spill may have been costlier bigger than projected,kaggle_nlp_disaster_tweets
KG_07537,Refugio oil spill may have been costlier bigger than projected  A Plains All American Pipeline oil spill off the S,kaggle_nlp_disaster_tweets
KG_07543,Senator voices concerns over BP oil spill settlement,kaggle_nlp_disaster_tweets
KG_07545,Families to sue over Legionnaires :  More than 40 families affected by the fatal outbreak of Legionnaires '  disea .,kaggle_nlp_disaster_tweets
KG_07547,Families to sue over Legionnaires :  More than 40 families affected by the fatal outbreak of Legionnaires '  disease in Edinburgh are to  .,kaggle_nlp_disaster_tweets
KG_07550,Legionnaires '  Disease :  What is Being Done to Stop Deadly Outbreak,kaggle_nlp_disaster_tweets
KG_07551,10th death confirmed in Legionnaires '  outbreak in South Bronx ;  total cases reaches triple digits,kaggle_nlp_disaster_tweets
KG_07552,More than 40 families affected by the fatal outbreak of Legionnaires '  disease in Edinburgh are to sue two comp .,kaggle_nlp_disaster_tweets
KG_07553,A Mad Catastrophe  :  The Outbreak of World War I and the Collapse of the .,kaggle_nlp_disaster_tweets
KG_07555,Wow - the name  # LegionnairesDisease comes from an outbreak of pneumonia at the  @ AmericanLegion convention in Philly in 1976 - 29 died from it .,kaggle_nlp_disaster_tweets
KG_07556,' Legionnaires '  Disease :  What is Being Done to Stop Deadly Outbreak '    #  ? _ ?,kaggle_nlp_disaster_tweets
KG_07565,Families to sue over Legionnaires :  More than 40 families affected by the fatal outbreak of Legio .    # MuhamadJabal,kaggle_nlp_disaster_tweets
KG_07566,DTN Italy :  Families to sue over Legionnaires :  More than 40 families affected by the fatal outbreak of Legionna .,kaggle_nlp_disaster_tweets
KG_07568,@ SenateMajLdr let us try to do our best to prevent another outbreak of violence by talking to each other both the people and the politics,kaggle_nlp_disaster_tweets
KG_07571,New York City Outbreak :  What Is Legionnaire ' s Disease ?,kaggle_nlp_disaster_tweets
KG_07581,8th person dies in NY Legionnaires '  disease outbreak   # SEBEE,kaggle_nlp_disaster_tweets
KG_07582,Legionnaires '  Disease :  What is Being Done to Stop Deadly Outbreak :  The worst - ever outbreak of Legio .    # losangeles,kaggle_nlp_disaster_tweets
KG_07584,Families to sue over Legionnaires '  disease outbreak in Edinburgh  -  BBC News,kaggle_nlp_disaster_tweets
KG_07585,# News Families to sue over Legionnaires :  More than 40 families affected by the fatal outbreak of Legionnaires '  .,kaggle_nlp_disaster_tweets
KG_07587,Families to sue over Legionnaires :  More than 40 families affected by the fatal outbreak o .    # News  # check  # follow,kaggle_nlp_disaster_tweets
KG_07590,An outbreak of Legionnaires '  disease in New York has killed at least 8 people  now officials think they have fo .,kaggle_nlp_disaster_tweets
KG_07593,An outbreak of Legionnaires '  disease in New York has killed at least 8 people  @ BI_Video,kaggle_nlp_disaster_tweets
KG_07594,# BREAKING 10th death confirmed in Legionnaires '  outbreak in South Bronx ;  total cases reaches triple digits,kaggle_nlp_disaster_tweets
KG_07598,Pandemonium In Aba As Woman Delivers Baby Without Face  ( Photos )  .,kaggle_nlp_disaster_tweets
KG_07602,Pandemonium In Aba As Woman Delivers Baby Without Face  ( Photos )   -,kaggle_nlp_disaster_tweets
KG_07607,I will be at SFA very soon .  # Pandemonium,kaggle_nlp_disaster_tweets
KG_07611,Pandemonium use to be my fav cd  ?  I had to get it,kaggle_nlp_disaster_tweets
KG_07621,@ KhalidKKazi mate they have taken another 2 since I posted this tweet it is pandemonium,kaggle_nlp_disaster_tweets
KG_07642,Pandemonium In Aba As Woman Delivers Baby Without Face ( Photos ),kaggle_nlp_disaster_tweets
KG_07643,Truly a scene of chaos unprecedented in frenzy .  Pandemonium even .  Utter disorder .  That anyone survived such mania is astounding .   @ catovitch,kaggle_nlp_disaster_tweets
KG_07662,@ elielcruz just watching the streams was bad  -  I do not think I could actually walk in there I would panic and get sick,kaggle_nlp_disaster_tweets
KG_07670,Panic over :  Patient in Alabama tests negative for Ebola,kaggle_nlp_disaster_tweets
KG_07687,tomorrow ' s going to be a year since I went to the Panic !  concert dressed as afycso ryan do u guys remember that,kaggle_nlp_disaster_tweets
KG_07698,@ Dirk_NoMissSki yea but if someone faints why are they panicking ?  .  thats basic stuff  ?,kaggle_nlp_disaster_tweets
KG_07722,all that panicking made me tired  ; _ ;  i want to sleep in my bed,kaggle_nlp_disaster_tweets
KG_07746,America said it had a war on terrorism .  Then police took my AR - 15 when I was ready to start shooting the enemies !,kaggle_nlp_disaster_tweets
KG_07747,Police :  Gunman reported dead at Nashville area theater :  A suspect who carried a gun and a hatchet at the Carmi .,kaggle_nlp_disaster_tweets
KG_07748,# BREAKING411 4 police officers arrested for abusing children at police - run boot camp in San Luis Obispo Calif .   -   .,kaggle_nlp_disaster_tweets
KG_07750,# World  # News Qld police wrap Billy Gordon investigation :  QUEENSLAND Police have wrapped up their investigation .,kaggle_nlp_disaster_tweets
KG_07751,' Gunman who opened fire at Tennessee movie theater killed by police '   Anyone suspect suicide - by - cop ?,kaggle_nlp_disaster_tweets
KG_07752,Police kill hatchet - wielding gunman who opened fire inside Nashville movie theater :  Amiddle - aged manarmed wi .,kaggle_nlp_disaster_tweets
KG_07755,A Santa Ana Police Union Blocks Video of the Raid at Sky High Holistic Pot Dispensary  -  The Atlantic   # SmartNews,kaggle_nlp_disaster_tweets
KG_07756,4 police officers arrested for abusing children at police - run boot camp in San Luis Obispo Calif .   -   @ ABC7 :,kaggle_nlp_disaster_tweets
KG_07759,Now Trending in Nigeria :  Police charge traditional ruler others with informants  murder,kaggle_nlp_disaster_tweets
KG_07760,California police officer pulls gun on man without any apparent provocation  ( VIDEO )   via  @ dailykos,kaggle_nlp_disaster_tweets
KG_07767,Oops :  Bounty hunters try to raid Phoenix police chief ' s home :    -  A group of armed bounty .,kaggle_nlp_disaster_tweets
KG_07768,$ 1 million bail for man accused of  # shooting at Fife  # police  -  Aug 5  @  8 : 16 PM ET,kaggle_nlp_disaster_tweets
KG_07769,DT  @ georgegalloway :  RT  @ Galloway4Mayor :  The CoL police can catch a pickpocket in Liverpool Stree .,kaggle_nlp_disaster_tweets
KG_07772,Police kill gunman at Nashville movie theatre  -  Times of India :  Times of India Police kill,kaggle_nlp_disaster_tweets
KG_07774,@ robbiewilliams U fkn asswipe playing for Israeli child killers .  The fkn karma police will get U .,kaggle_nlp_disaster_tweets
KG_07780,@ ArizonaDOT Price Rd North bound closed from University to Rio Salado .  Lots of police .   What is crackin ?,kaggle_nlp_disaster_tweets
KG_07781,Selection September Bridgeport men charged in home invasion Police looking for burglar .   -,kaggle_nlp_disaster_tweets
KG_07784,Police :  Man killed ex grandmother after son wasn &  # 8217 ; t named after him  OMG !  Absolutely Crazy !,kaggle_nlp_disaster_tweets
KG_07785,-  =  - 0 !  .  Photo :  LASTMA officials challenge police for driving against traffic in Lagos,kaggle_nlp_disaster_tweets
KG_07789,CNN :  Tennessee movie theater shooting suspect killed by police,kaggle_nlp_disaster_tweets
KG_07790,Oops :  Bounty hunters try to raid Phoenix police chief ' s home :  A group of armed bounty hunters surrounded the h .,kaggle_nlp_disaster_tweets
KG_07797,Reddit Will Now Quarantine   # online communities  # reddit  # armageddon  # freespeech  # Business,kaggle_nlp_disaster_tweets
KG_07801,# Reddit updates  # content  # policy promises to quarantine extremely offensive communities,kaggle_nlp_disaster_tweets
KG_07804,Reddit Will Now Quarantine Offensive Content,kaggle_nlp_disaster_tweets
KG_07852,Officials :  Alabama home quarantined over possible Ebola case,kaggle_nlp_disaster_tweets
KG_07857,Here we go again .  EBOLA !  Run for your lives !  aaarrrgghhh !,kaggle_nlp_disaster_tweets
KG_07860,Reddit is new content policy goes into effect many horrible subreddits banned or quarantined,kaggle_nlp_disaster_tweets
KG_07862,# hot  Reddit is new content policy goes into effect many horrible subreddits banned or quarantined   # prebreak  # best,kaggle_nlp_disaster_tweets
KG_07865,Officials :  Alabama home quarantined over possible  .,kaggle_nlp_disaster_tweets
KG_07868,"Officials say a quarantine is in place at a Birmingham home over a possible Ebola case . 

Edward Khan of the .",kaggle_nlp_disaster_tweets
KG_07869,"gmtTy mhtw4fnet

Officials :  Alabama home quarantined over possible Ebola case  -  Washington Times",kaggle_nlp_disaster_tweets
KG_07873,Alabama home quarantined over possible Ebola case :  Officials say a quarantine is in place at  .    # Bluehand  # PJNET,kaggle_nlp_disaster_tweets
KG_07874,Hm MT  @ Ebolatrends :  Alabama Home Quarantined Over Possible Ebola Case,kaggle_nlp_disaster_tweets
KG_07878,Alabama firefighters quarantined after possible Ebola exposure  reports,kaggle_nlp_disaster_tweets
KG_07880,"0nPzp mhtw4fnet

Officials :  Alabama Home Quarantined Over Possible Ebola Case  -  ABC News",kaggle_nlp_disaster_tweets
KG_07881,Alabama home quarantined over possible  # Ebola case :  An ambulance sat outside the University of Alabama at,kaggle_nlp_disaster_tweets
KG_07887,Ebola :  Alabama Home Quarantined Over Possible Ebola Case .  Related Articles :,kaggle_nlp_disaster_tweets
KG_07888,"oc73x mhtw4fnet

Officials :  Alabama home quarantined over possible Ebola case  -  Washington Post",kaggle_nlp_disaster_tweets
KG_07897,I liked a  @ YouTube video  US CANADA RADIATION UPDATE EMERGENCY FISHING CLOSURES,kaggle_nlp_disaster_tweets
KG_07898,WIPP emergency activated because of slightly elevated levels of radiation .   # sejorg,kaggle_nlp_disaster_tweets
KG_07902,Some of worst radiation exposure from Fukushima meltdown happened 47km northwest - Proof that small emergency planning zones dont cut it,kaggle_nlp_disaster_tweets
KG_07905,Radioactive Box Quarantined  -  Israels Ashdod Port was evacuated when emergency teams discovered radiation emittin .,kaggle_nlp_disaster_tweets
KG_07906,Radiation emergency  # preparedness starts with knowing to :  get inside stay inside and stay tuned  via  @ Centers for Disease Control and Prevention,kaggle_nlp_disaster_tweets
KG_07910,"Rainstorm downtown Gloucester
 # gloucester  # capeann  # seagulls  # triciaoneill  # triciaoneillphoto",kaggle_nlp_disaster_tweets
KG_07913,Wow what beauty lies within every storm .  Taken today after a rainstorm at A & B Pipeliners,kaggle_nlp_disaster_tweets
KG_07914,Rainstorm Destroys 600 Houses in Yobe State :  Rainstorm Destroys 600 Houses in Yobe State .   [ Daily Trust ]  Damatu .,kaggle_nlp_disaster_tweets
KG_07918,' Three  # people were  # killed when a severe  # rainstorm in the  # Italian  # Alps caused a  # landslide ',kaggle_nlp_disaster_tweets
KG_07923,Landslide in Italian Alps kills three :  ROME  ( Reuters )   -  Three people were killed when a severe rainstorm in th .,kaggle_nlp_disaster_tweets
KG_07924,Rainstorm Destroys 600 Houses In Yobe  |  iReporter  via  @ sharethis,kaggle_nlp_disaster_tweets
KG_07929,major rainstorm happening !  I am gonna lie down and drift away to the storming around me for a little while .  bebacksoon .,kaggle_nlp_disaster_tweets
KG_07930,Landslide in Italian Alps kills three  -  ROME  ( Reuters )   -  Three people were killed when a severe rainstorm in the I .,kaggle_nlp_disaster_tweets
KG_07935,Rainstorm Update :  Further North or Further South ?,kaggle_nlp_disaster_tweets
KG_07936,Nigeria :  Rainstorm Destroys 600 Houses in Yobe State :   [ Daily Trust ]  Damaturu  - Over 600,kaggle_nlp_disaster_tweets
KG_07940,Tomorrow ' s evening commute receives a RED LIGHT .  A rainstorm impacting the region will push it is way in late evening .,kaggle_nlp_disaster_tweets
KG_07941,That rainstorm did not last nearly long enough,kaggle_nlp_disaster_tweets
KG_07944,lizzie363  @ CstSmith I drove thru deep water in a flash flood - rainstorm repair cost  $ 14000 .  25 yrs later people still thnk cars float !,kaggle_nlp_disaster_tweets
KG_07952,Yay I can feel the wind gearing up for a rainstorm in  # Vancouver !  Bring it on  # drought  # deadgrassandflowers  # wildfires,kaggle_nlp_disaster_tweets
KG_07954,' The way you move is like a full on rainstorm and I am a house of cards ',kaggle_nlp_disaster_tweets
KG_07955,Rainstorm Destroys 600 Houses in Yobe State,kaggle_nlp_disaster_tweets
KG_07958,Landslide caused by severe rainstorm kills 3 in ItalianAlps,kaggle_nlp_disaster_tweets
KG_07960,The Latest :  More Homes Razed by Northern California Wildfire  -  ABC News,kaggle_nlp_disaster_tweets
KG_07962,TENSION IN ABIA AS INEC OFFICES RAZED GOVERNOR IKPEAZU PDP APGA REACT,kaggle_nlp_disaster_tweets
KG_07963,The Latest :  More homes razed by Northern California wildfire :  The latest on wildfires burning in California and,kaggle_nlp_disaster_tweets
KG_07965,The Latest :  More homes razed by Northern California wildfire  -,kaggle_nlp_disaster_tweets
KG_07970,The Latest :  More homes razed by Northern California wildfire  -  Lynchburg News and Advance,kaggle_nlp_disaster_tweets
KG_07971,# News  :  The Latest :  More Homes Razed by Northern California Wildfire  -  New York Times   # TAFS  # FB100 %,kaggle_nlp_disaster_tweets
KG_07984,@ David Vonderhaar At least you were sincere  ?,kaggle_nlp_disaster_tweets
KG_07990,More homes razed by Northern Calif .  wildfire   # sandiego,kaggle_nlp_disaster_tweets
KG_07991,George Njenga the hero saved his burning friend from a razing wildfire,kaggle_nlp_disaster_tweets
KG_07994,The Latest :  More Homes Razed by Northern California Wildfire  -  ABC News   # GN,kaggle_nlp_disaster_tweets
KG_08001,The Latest :  More homes razed by  # NorthernCalifornia wildfire   # Zipped News,kaggle_nlp_disaster_tweets
KG_08003,George Njenga the hero saved his burning friend from a razing wildfire .,kaggle_nlp_disaster_tweets
KG_08009,This just - married Turkish couple gave 4000 Syrian refugees an incredible gift  Fed them instead of family  &  friends .,kaggle_nlp_disaster_tweets
KG_08010,Police Monitoring 200 Jihadis in Poland  via  @ freedomoutpost,kaggle_nlp_disaster_tweets
KG_08013,This just - married Turkish couple gave 4000 Syrian refugees an incredible gift  # WashingtonPost,kaggle_nlp_disaster_tweets
KG_08016,# retweet Cameroon repatriating about 12000 Nigerian refugees due to Boko Haram,kaggle_nlp_disaster_tweets
KG_08018,wowo -  =  12000 Nigerian refugees repatriated from Cameroon,kaggle_nlp_disaster_tweets
KG_08019,.  /  . hmm 12000 Nigerian refugees repatriated from Cameroon   /  (,kaggle_nlp_disaster_tweets
KG_08020,.  /  /  .  /  /  whao .  12000 Nigerian refugees repatriated from Cameroon,kaggle_nlp_disaster_tweets
KG_08024,reaad /  plsss 12000 Nigerian refugees repatriated from Cameroon,kaggle_nlp_disaster_tweets
KG_08026,Refugee Connections Indiegogo campaign will be going live tomorrow !  Support us and help launch the only online community for  # refugees .,kaggle_nlp_disaster_tweets
KG_08028,you all read 12000 Nigerian refugees repatriated from Cameroon,kaggle_nlp_disaster_tweets
KG_08029,Short of throwing them overboard himself I do not think any other leader could do much worse by  # refugees than  @ Tony Abbott worst pm ever !,kaggle_nlp_disaster_tweets
KG_08030,Cameroon Repatriated 12000 Nigerian Refugees,kaggle_nlp_disaster_tweets
KG_08034,How One Couple Is Using Drones to Save Refugees at the World ' s Deadliest Border,kaggle_nlp_disaster_tweets
KG_08038,"@ fadelurker  @ dalinthanelan  <  right now . 

Even after two years there were still refugees camped just south of Redcliffe village and Aidan  >",kaggle_nlp_disaster_tweets
KG_08040,In Photos :  The Young Refugees Forced to Flee Burundi ' s Violence  |  VICE News  see more,kaggle_nlp_disaster_tweets
KG_08045,Newlyweds feed thousands of Syrian refugees instead of hosting a banquet wedding dinner  -    via  @ smh,kaggle_nlp_disaster_tweets
KG_08049,recap /  12000 Nigerian refugees repatriated from Cameroon,kaggle_nlp_disaster_tweets
KG_08057,The 46 returned refugees  -  what were they fleeing from  &  how will the Vietnamese Govt treat them now they are returned ?   # Dutton  # presser,kaggle_nlp_disaster_tweets
KG_08058,CHPSRE :  RT :  Refugees :  For our followers in Paris do visit  ' A Dream of Humanity '  exhibition by rezaphotography,kaggle_nlp_disaster_tweets
KG_08060,Policyholders object to Clico rescue plan,kaggle_nlp_disaster_tweets
KG_08064,UD :  Rescue  ( Structural Collapse )   -  Scott Road  @  Ypres Road York  ( 14 Trucks ),kaggle_nlp_disaster_tweets
KG_08085,Flood - zone  :  General Raheel Sharif visits Chitral :  He  also lauded the efforts of  FWO army troops and army aviation in rescue opera .,kaggle_nlp_disaster_tweets
KG_08089,Officials rescue 367 migrants off Libya ;  25 bodies found  -  Fox News   # News,kaggle_nlp_disaster_tweets
KG_08094,@ Zak_Bagans this is Sabrina my dad rescued her from some dude who kept her in a cage .  We have had her since I was 4,kaggle_nlp_disaster_tweets
KG_08095,Britons rescued amid Himalaya floods  (  ),kaggle_nlp_disaster_tweets
KG_08096,4 kidnapped ladies rescued by police in Enugu  |  Nigerian Tribune,kaggle_nlp_disaster_tweets
KG_08097,Rescued Med migrants arrive in Sicily,kaggle_nlp_disaster_tweets
KG_08103,10 - Month - Old Baby Girl was Rescued by Coastguard after She Floated HALF A MILE Out to Sea !   # social news,kaggle_nlp_disaster_tweets
KG_08110,18 bovines rescued 3 smugglersnabbed,kaggle_nlp_disaster_tweets
KG_08113,# news Britons rescued amid Himalaya floods,kaggle_nlp_disaster_tweets
KG_08119,@ BrittanyPetko breaking news tonight kids were rescued from play room after a week with no food or water do to parents sex life haha,kaggle_nlp_disaster_tweets
KG_08122,Rescued Med migrants arrive in Sicily :  Hundreds of migrants rescued,kaggle_nlp_disaster_tweets
KG_08125,Why were not they taken back to Africa once rescued ?   # c4 news,kaggle_nlp_disaster_tweets
KG_08126,Migrants Rescued After Boat Capsizes Off Libya,kaggle_nlp_disaster_tweets
KG_08128,Young children among those rescued from capsized boat off Libya  via  @ IrishTimesWorld,kaggle_nlp_disaster_tweets
KG_08129,Heroes !  A Springer Spaniel  &  her dog dad rescued a stranded baby dolphin :,kaggle_nlp_disaster_tweets
KG_08131,Three beached whales rescued in Kerry  -,kaggle_nlp_disaster_tweets
KG_08140,Photo :  Hundreds of rescued migrants await disembarkment from an Irish naval vessel at Palermo Italy  -   @ tconnellyR,kaggle_nlp_disaster_tweets
KG_08142,VIDEO :   ' We are picking up bodies from water '  :  Rescuers are searching for hundreds of migrants in  .    # Africa  # News,kaggle_nlp_disaster_tweets
KG_08143,VIDEO :   ' We are picking up bodies from water '  :  Rescuers are searching for hundreds of migrants in the Mediterran .,kaggle_nlp_disaster_tweets
KG_08147,VIDEO :   ' We are picking up bodies from water '   -  Rescuers are searching for hundreds of migrants in the Mediterranean .,kaggle_nlp_disaster_tweets
KG_08149,# world Fears over missing migrants in Med :  Rescuers search for survivors after a boat carrying as many a .    # news,kaggle_nlp_disaster_tweets
KG_08150,@ Durban_Knight Rescuers are searching for hundreds of migrants in the Mediterranean after a boat carr .    @ Nosy_Be,kaggle_nlp_disaster_tweets
KG_08155,# RoddyPiperAutos Fears over missing migrants in Med :  Rescuers search for survivors after a boat carrying as ma .,kaggle_nlp_disaster_tweets
KG_08158,VIDEO :   ' We are picking up bodies from water '  :  Rescuers are searching for hundreds of migrants in the Mediterranean after a boat carryi .,kaggle_nlp_disaster_tweets
KG_08159,Womans GPS app guides rescuers to injured biker in Marin County,kaggle_nlp_disaster_tweets
KG_08169,"# WorldNews
 VIDEO :   ' We are picking up bodies from water '   -  BBC News  -  Home : 
Rescuers are searching for hundreds of .",kaggle_nlp_disaster_tweets
KG_08171,VIDEO :   ' We are picking up bodies from water '  :  Rescuers are searching for hundreds,kaggle_nlp_disaster_tweets
KG_08172,AH - Mazing story of the power animal rescuers have !  A starving homeless dog with no future was rescued by a person .,kaggle_nlp_disaster_tweets
KG_08175,Rescuers are searching for hundreds of migrants in the Mediterranean after a boat carrying as many as 600 people capsized off the coast of,kaggle_nlp_disaster_tweets
KG_08176,# News :   ' Many deaths '  in shipwreck :  Rescuers are trying to save hundreds of migrants after the .   via  @ TheNewsHype,kaggle_nlp_disaster_tweets
KG_08181,When Rescuers Found Him He Was Barely Alive .  But They Had No Idea He Was Allergic To THIS !,kaggle_nlp_disaster_tweets
KG_08182,Fears over missing migrants in Med :  Rescuers search for survivors after a boat carrying as many as 600 migrant .,kaggle_nlp_disaster_tweets
KG_08184,Woman ' s GPS app guides rescuers to injured biker in Marin County  -  SFGate,kaggle_nlp_disaster_tweets
KG_08187,Fears over missing migrants in Med :  Rescuers search for survivors after a boat carrying as many as 600 migrants,kaggle_nlp_disaster_tweets
KG_08188,Rescuers find survivors of Nepal earthquake buried  .,kaggle_nlp_disaster_tweets
KG_08189,Rescuers recover body of 37 - year - old Calgary man from lake near Vulcan,kaggle_nlp_disaster_tweets
KG_08191,VIDEO :   ' We are picking up bodies from water '  :  Rescuers are searching for hundreds of migrants in the .    # BBC  # News,kaggle_nlp_disaster_tweets
KG_08201,@ PipRhys I predict a riot .,kaggle_nlp_disaster_tweets
KG_08211,@ Live_Workshop selfie at booth or riot Kappa,kaggle_nlp_disaster_tweets
KG_08218,To All The Meat Loving Feminists Of The World Riot Grill Has Arrived,kaggle_nlp_disaster_tweets
KG_08234,@ DavidJordan88  @ Stephanenny Except we do not know who started the riot or if it even makes sense to credit any particular individuals .,kaggle_nlp_disaster_tweets
KG_08237,Sweetpea ' s are running riot at the allotment  -  and brightening up a rainy day,kaggle_nlp_disaster_tweets
KG_08239,Riot police intervene after Southampton and Vitesse Arnhem supporters clash :   Fans clash in buildup to second .,kaggle_nlp_disaster_tweets
KG_08242,But the government will not care .  Police will stop rioting eventually of protestors .  Eventually some skyscrapers become plant - covered  .,kaggle_nlp_disaster_tweets
KG_08244,Eric Clapton shot the sheriff in 1974 and guess how many people were rioting ?  Right none .,kaggle_nlp_disaster_tweets
KG_08246,' Money cannot buy happiness '  is just a lie we tell poor people to keep them from rioting .,kaggle_nlp_disaster_tweets
KG_08247,Bloody hell it is already been upgraded to  ' rioting '  .   # hyperbole  # saintsfc,kaggle_nlp_disaster_tweets
KG_08250,Twitter is doing a count down to the rioting and financial collapse of Brazil  # Rio2016,kaggle_nlp_disaster_tweets
KG_08254,Cindy Noonan @ Cindy Noonan - Heartbreak in  # Baltimore  # Rioting  # YAHIstorical  # Underground Railraod,kaggle_nlp_disaster_tweets
KG_08256,Leeds fan .  rioting in Embra at a lower tier /  league cup final  .  dee dum,kaggle_nlp_disaster_tweets
KG_08257,Still rioting in a couple of hours left until I have to be up for class .,kaggle_nlp_disaster_tweets
KG_08259,"@ evacide The Ferguson RIOTS worked .  This of this the next time you say RIOTING does not change anything . 

There fixed it for you .",kaggle_nlp_disaster_tweets
KG_08261,` bbc news The Ass .  of British Insurers says rioting will cost insurers   &  # 163 ; 163 ; millions .  But police numbers are reduced by blind fat contr,kaggle_nlp_disaster_tweets
KG_08262,# BHRAMABULL Watch Run The Jewels Use Facts to Defend Rioting in Ferguson :  The socially minded duo takes on the .,kaggle_nlp_disaster_tweets
KG_08266,@ BLutz10 People are not rioting because justice has been served and that murderer is behind bars .  Simple !  No justice = no peace Justice = peace .,kaggle_nlp_disaster_tweets
KG_08270,@ jasalhad  @ brianboru67  @ Jimskiv92  @ hijinks1967 Rioting .,kaggle_nlp_disaster_tweets
KG_08274,RT  :  Why Sweden is not Venezuela :  There have been a few days of rioting in Venezuela with the riots directed at gr,kaggle_nlp_disaster_tweets
KG_08278,@ aelinrhee a group of mascara smeared girls rioting will be horrific I think,kaggle_nlp_disaster_tweets
KG_08279,The last time a high profile name was due to be signing for  # nffc the City was rioting !  Wesley Verhoek now a household name !   # do notpanic,kaggle_nlp_disaster_tweets
KG_08283,@ halljh1720 .  I am so sick of criminals parents and friends rioting when they are killed by police .  You do not give a Damn when officer is .,kaggle_nlp_disaster_tweets
KG_08284,@ BLutz10 But the rioting began prior to the decision for the indictment so you are not really making sense at this point,kaggle_nlp_disaster_tweets
KG_08285,The Ashes Test match is currently more interesting than stupid Congress rioting .,kaggle_nlp_disaster_tweets
KG_08286,"people rioting everywhere and I think I would be one of them .  ' 

Usami - san love",kaggle_nlp_disaster_tweets
KG_08287,Football hooligan jailed for rioting before game in Scotland was already banned from matches in England  # UkNews,kaggle_nlp_disaster_tweets
KG_08289,AM  ` bbc news The Ass British Insurers says rioting will cost insurers163 ; millions .  But police numbers are reduced by blind fat controllers .,kaggle_nlp_disaster_tweets
KG_08291,@ fa07af174a71408 I have lived  &  my family have lived in countries where looters were shot on sight where rioting was not tolerated .  Why here,kaggle_nlp_disaster_tweets
KG_08296,@ accionempresa China ' s stock market crash this summer has sparked interest from bargain hunt .    @ gerenciatodos,kaggle_nlp_disaster_tweets
KG_08309,# forbes  # europe China ' s Stock Market Crash :  Are There Gems In The Rubble ?,kaggle_nlp_disaster_tweets
KG_08311,@ JasonPope2  @ JohnFugelsang again I did not say it was .  I was referring to the main 2 buildings .  7 was hit by rubble,kaggle_nlp_disaster_tweets
KG_08314,# 360WiseNews  :  China ' s Stock Market Crash :  Are There Gems In The Rubble ?,kaggle_nlp_disaster_tweets
KG_08315,Jun 2015 .  Yemenis search for survivors under the rubble of houses in the old city of Sana following an .,kaggle_nlp_disaster_tweets
KG_08317,China ' s Stock Market Crash :  Are There Gems In The Rubble ?    # forbesasia,kaggle_nlp_disaster_tweets
KG_08318,Steve Buscemi was a firefightr B4 fame  &  workd 12hr shifts diggin thru WTC rubble lookg 4 survivors .,kaggle_nlp_disaster_tweets
KG_08329,# TNN :  China ' s Stock Market Crash :  Are There Gems In The Rubble ?,kaggle_nlp_disaster_tweets
KG_08330,China ' s Stock Market Crash :  Are There Gems In The Rubble ?    # ROIMentor  # yycwalks,kaggle_nlp_disaster_tweets
KG_08363,Four Things That May Ruin Your Personal Injury Accident Claim,kaggle_nlp_disaster_tweets
KG_08393,Watch This Airport Get Swallowed Up By A Sandstorm In Under A Minute,kaggle_nlp_disaster_tweets
KG_08406,A sandstorm in Jordan has coated the Middle Easts largest refugee camp in a layer of grit,kaggle_nlp_disaster_tweets
KG_08408,SANDSTORM !  WOO HOO !,kaggle_nlp_disaster_tweets
KG_08415,SocialWOTS :  GLOBI_inclusion :  RT NRC_MiddleEast :  Sandstorm engulfs caravans and tents in the  # Zaatari refugee camp,kaggle_nlp_disaster_tweets
KG_08434,"Come out to Sandstorm tryouts Aug 15th at Lower Woodland ! 
MS Tryout :  3 - 4 : 30pm
HS Tryout :  4 : 30 - 6pm",kaggle_nlp_disaster_tweets
KG_08448,@ GodOf_Mischief_  - of Loki ' s daggers she pulled it out and jammed it into Mina ' s thigh .  When Mina screamed and grabbed at her leg sif -,kaggle_nlp_disaster_tweets
KG_08450,"OMFG ? 
Didnt expect Drag Me Down to be the first song Pandora played 

OMFG I SCREAMED SO LOUD
My coworker is scared",kaggle_nlp_disaster_tweets
KG_08472,Vacation update :  my great aunt just killed a spider with her bare hand after I screamed in fear .   # fierce,kaggle_nlp_disaster_tweets
KG_08489,I JUST SCREAMED  @ toddyrockstar,kaggle_nlp_disaster_tweets
KG_08500,@ camila cabello Internally and externally screaming,kaggle_nlp_disaster_tweets
KG_08528,"# NoChillLukeHammings
IM SCREAMING",kaggle_nlp_disaster_tweets
KG_08545,/  / screams in the distance /  /,kaggle_nlp_disaster_tweets
KG_08577,@ OllyMursAus I do feel sorry for him !  He is not a piece of meat !  He is a nice guy .  People do not need to rush him and screams in his face !,kaggle_nlp_disaster_tweets
KG_08578,I agree with certain cultural appropriation things but honestly if u looked at my house it screams appropriation bc Buddhas and stuff -,kaggle_nlp_disaster_tweets
KG_08584,When you go to a concert and someone screams in your ear .  Does it look like I wanna loose my hearing anytime soon ?,kaggle_nlp_disaster_tweets
KG_08586,The little girl next to me sees the spot lights in the sky and screams  '  mom !  Look I see Angels in the sky !  '   ?,kaggle_nlp_disaster_tweets
KG_08595,Oil and Gas Exploration,kaggle_nlp_disaster_tweets
KG_08598,SEISMIC RISK :  a COMPARISON between 2 case studies :  CALABRIA AND MALTA,kaggle_nlp_disaster_tweets
KG_08606,Exploration takes seismic shift in  # Gabon to  # Somalia,kaggle_nlp_disaster_tweets
KG_08609,The 08 / 06 / 2015 AlabamaQuake seismic summary with  # earthquake  # news  &  history,kaggle_nlp_disaster_tweets
KG_08615,# Sismo Detected  # Japan  [ Report 1 ]  01 : 01 : 56 Okinawa Island region M4 . 0 Depth 10km Maximum seismic intensity 3 JST  #  ?,kaggle_nlp_disaster_tweets
KG_08620,[ Report 5 ]  18 : 22 : 45 Ibaraki Prefecture offing M5 . 5 Depth 60km Maximum seismic intensity 4  # Earthquake,kaggle_nlp_disaster_tweets
KG_08623,Oil and Gas Exploration Takes Seismic Shift in Gabon to Somalia  -  Bloomberg   #  ?   # Somalia,kaggle_nlp_disaster_tweets
KG_08625,# Sismo Detected  # Japan  [ Report 3 ]  01 : 02 : 17 Okinawa Island region M3 . 8 Depth 10km Maximum seismic intensity 3 JST  #  ?,kaggle_nlp_disaster_tweets
KG_08631,# OilandGas Exploration Takes Seismic Shift in  # Gabon to  # Somalia  via  @ business,kaggle_nlp_disaster_tweets
KG_08633,Exploration Takes Seismic Shift in  # Gabon to  # Somalia,kaggle_nlp_disaster_tweets
KG_08636,Panoramic Resources cuts jobs after seismic event,kaggle_nlp_disaster_tweets
KG_08638,A subcontractor working for French seismic survey group CGG has been kidnapped in Cairo and is held by Islamic State the company said on W,kaggle_nlp_disaster_tweets
KG_08640,# Sismo Detected  # Japan 06 : 32 : 43 Miyagi Estimated seismic intensity 0 JST  #  ?,kaggle_nlp_disaster_tweets
KG_08643,MRW when a sinkhole opens up beneath my friends and I .   # gif  # funny  # lol  # comedy  # iFunny  # video  # image  # RT,kaggle_nlp_disaster_tweets
KG_08647,Large sinkhole swallows entire pond in Lowndes County Georgia :  Large sinkhole   # Occasion2B,kaggle_nlp_disaster_tweets
KG_08648,10News  ?  Water main break disrupts trolley service,kaggle_nlp_disaster_tweets
KG_08650,Sinkhole closes Falmer Drive in Bethlehem Township,kaggle_nlp_disaster_tweets
KG_08651,A sinkhole grows in Brooklyn :  six - meter crater swallows street,kaggle_nlp_disaster_tweets
KG_08654,Gaping sinkhole opens up in Brooklyn New York,kaggle_nlp_disaster_tweets
KG_08655,@ FDNY :  This morning  # FDNY responded to a sinkhole in  # Brooklyn .  Units remain on - scene with  @ NYCBuildings  &  others .,kaggle_nlp_disaster_tweets
KG_08656,"150 - Foot Sinkhole Opens in Lowndes County Residential Area
WCTV - 35 minutes ago",kaggle_nlp_disaster_tweets
KG_08657,Large sinkhole swallows entire pond in Lowndes County Georgia   # YoNews,kaggle_nlp_disaster_tweets
KG_08661,150 - Foot Sinkhole Opens in Lowndes County Residential Area,kaggle_nlp_disaster_tweets
KG_08662,# SanDiego  # News Sinkhole Disrupts Downtown Trolley Service :  The incident happened Wed .    # Algeria  #  ?,kaggle_nlp_disaster_tweets
KG_08663,beforeitsnews  :  A sinkhole grows in Brooklyn :  six - meter crater swallows street   ),kaggle_nlp_disaster_tweets
KG_08664,Massive Sinkhole Emerges In Brooklyn,kaggle_nlp_disaster_tweets
KG_08665,# LoMasVisto THOUSANDS OF HIPSTERS FEARED LOST :  Giant Sinkhole Devours Brooklyn Intersectio .    # CadenaDeSeguidores,kaggle_nlp_disaster_tweets
KG_08667,150 - Foot Sinkhole Opens In Lowndes County Residential Area,kaggle_nlp_disaster_tweets
KG_08668,Sinkhole Disrupts Downtown Trolley Service  # SanDiego  -,kaggle_nlp_disaster_tweets
KG_08669,Sinkhole swallows Brooklyn intersection  video,kaggle_nlp_disaster_tweets
KG_08673,Damn that sinkhole on sunset ?,kaggle_nlp_disaster_tweets
KG_08674,Water main break disrupts trolley service   # sandiego,kaggle_nlp_disaster_tweets
KG_08676,RT twit_san_diego  ' Possible sinkhole disrupts trolley service :  A depression in a portion of asphalt in downtown Sa  ',kaggle_nlp_disaster_tweets
KG_08680,Some Evansville residents told to limit water usage due to sinkhole construction :  Some Evansville residents have,kaggle_nlp_disaster_tweets
KG_08683,Sinkhole on west side damaging cars via  @ WEWS,kaggle_nlp_disaster_tweets
KG_08684,Georgia sinkhole closes road swallows whole pond,kaggle_nlp_disaster_tweets
KG_08686,"Sinkhole leaking sewage opens in housing estate
Irish Independent - 3 Aug 2015",kaggle_nlp_disaster_tweets
KG_08689,# MTSAlert Orange  &  Blue Line riders :  Expect delays downtown due to a sinkhole that is developed in the vicinity of 4th  &  C Street .,kaggle_nlp_disaster_tweets
KG_08690,There is a sinkhole in Brooklyn  ?  !,kaggle_nlp_disaster_tweets
KG_08691,Share Large sinkhole swallows entire pond in Lowndes County Georgia A large   # YoNews,kaggle_nlp_disaster_tweets
KG_08693,After a Few Years Afloat Pension Plans Start Sinking Again,kaggle_nlp_disaster_tweets
KG_08698,that horrible sinking feeling when you have been at home on your phone for a while and you realise its been on 3G this whole time,kaggle_nlp_disaster_tweets
KG_08704,4 equipment ego break upon dig your family internet hoke excepting versus a sinking term :  dfLJEV,kaggle_nlp_disaster_tweets
KG_08710,"@ AP 
 Too slow report the sinking boat in the Mediterranean sea what a shame",kaggle_nlp_disaster_tweets
KG_08721,Do you feel like you are sinking in low self - image ?  Take the quiz :,kaggle_nlp_disaster_tweets
KG_08735,That horrible sinking feeling when you have been at home on your phone for a while and you realise its been on 3G this whole time,kaggle_nlp_disaster_tweets
KG_08738,The  # Tribe just keeps sinking everyday it seems faster .  As for this year it is been a titanic disaster .,kaggle_nlp_disaster_tweets
KG_08747,' Amateur Night '  Actress Reprises Role for  ' Siren '   -  HorrorMovies . ca  # horror,kaggle_nlp_disaster_tweets
KG_08761,There is a weird siren going off here . I hope Hunterston is not in the process of blowing itself to smithereens .,kaggle_nlp_disaster_tweets
KG_08762,@ tomarse99 they all are intending to go .  Just waiting for winds to drop .  Siren just gone off to signal they allowed to leave arena . none gone,kaggle_nlp_disaster_tweets
KG_08780,The real question is why is the tornado siren going off in Dyersburg ?,kaggle_nlp_disaster_tweets
KG_08786,@ SoonerMagic_ I mean I am a fan but I do not need a girl sounding off like a damn siren,kaggle_nlp_disaster_tweets
KG_08793,Reasons I should have gone to Warped today :  tony played issues showed up sleeping w sirens played attila is there issues issues issues,kaggle_nlp_disaster_tweets
KG_08795,"Thu Aug 06 2015 01 : 20 : 32 GMT + 0000  ( UTC ) 
 # millcityio  # 20150613
theramin sirens",kaggle_nlp_disaster_tweets
KG_08802,my dad said I look thinner than usual but really im over here like,kaggle_nlp_disaster_tweets
KG_08810,@ KIRO7Seattle Just saw a Bomb Squad car heading north on Elliott with sirens on  -  any word on where they are headed ?,kaggle_nlp_disaster_tweets
KG_08816,@ TravelElixir Any idea what is going on ?  I hear no sirens but this damn helo is flying so low my apt is shaking !,kaggle_nlp_disaster_tweets
KG_08825,Photoset :  hakogaku :   ? I am a kurd .  i was born on a battlefield .  raised on a battlefield .  gunfire sirens .,kaggle_nlp_disaster_tweets
KG_08832,"connor franta :  damn sirens I hope everyone is okay .  

dan howell :  can you PLEASE get MURDERED on ANOTHER STREET",kaggle_nlp_disaster_tweets
KG_08863,@ PianoHands You do not know because you do not smoke .  The way to make taxis and buses come is to light a cigarette to smoke while you wait .,kaggle_nlp_disaster_tweets
KG_08872,@ BillMcCabe  sky looks clear .  No smoke from the fires .  Enjoy your time in Tahoe .  One of my favorite places !,kaggle_nlp_disaster_tweets
KG_08880,I get to smoke my shit in peace,kaggle_nlp_disaster_tweets
KG_08893,Manuel hoping for an early Buffalo snowstorm so his accuracy improves .,kaggle_nlp_disaster_tweets
KG_08902,Sassy city girl country hunk stranded in Smoky Mountain snowstorm  # AoMS   # I book love  # book boost,kaggle_nlp_disaster_tweets
KG_08905,New  # photo Oak in a snowstorm  taken in  # winter on the  # South Downs  # Hampshire  # photography  # art  # tree  # treeporn,kaggle_nlp_disaster_tweets
KG_08908,@ Habbo bring back games from the past .  Snowstorm .  Tic tac toe .  Battleships .  Fast food .  Matchwood .,kaggle_nlp_disaster_tweets
KG_08913,"@ dirk_trossen 

I have still got some of the snowstorm / hailstorm !",kaggle_nlp_disaster_tweets
KG_08916,"@ LordBrathwaite :  Everyone Here :  Ahh I hate snow ! 

Me :  Lol u call this a snowstorm .  ? 

 # growingupincolorado",kaggle_nlp_disaster_tweets
KG_08923,Transportation panel showing a video of a pileup of 18 - wheelers in a snowstorm in WY .  Crash crash crash Make it stop !   # AMSsummer,kaggle_nlp_disaster_tweets
KG_08926,@ PyrBliss ah I remember those days .  In a snowstorm too .,kaggle_nlp_disaster_tweets
KG_08934,I liked a  @ YouTube video  Boeing 737 takeoff in snowstorm .  HD cockpit view  +  ATC audio  -  Episode 18,kaggle_nlp_disaster_tweets
KG_08935,Photo :  mothernaturenetwork :  What is thundersnow ?  Hearing thunder during a snowstorm is extremely uncommon .,kaggle_nlp_disaster_tweets
KG_08936,# Lake Effect  # Snowstorm Twill Denim Jackets    *  ALL MY PROCEEDS FOR ITEMS WITH THIS DESIGN WILL GO,kaggle_nlp_disaster_tweets
KG_08939,@ PrablematicLA  @ Adweek I am actually currently dressed for a snowstorm . despite being in the middle of a Texas summer .  Thanks office A / C .,kaggle_nlp_disaster_tweets
KG_08945,Typhoon Soudelor was captured in this incredible NASA photo on it is way to Taiwan !,kaggle_nlp_disaster_tweets
KG_08946,So this storm just came out of no where .   . fuck me its cool,kaggle_nlp_disaster_tweets
KG_08949,How to prepare your  # property for a  # storm :,kaggle_nlp_disaster_tweets
KG_08952,kesabaran membuahkan hasil indah pada saat tepat !  life is not about waiting for the storm to pass it is about learning to dance in the rain .,kaggle_nlp_disaster_tweets
KG_08953,@ Jenniferarri_ comeeeee !   . but why is it bout to storm tho,kaggle_nlp_disaster_tweets
KG_08957,Is it bad to say that I am kinda afraid of storms and we are in a storm ?  help,kaggle_nlp_disaster_tweets
KG_08959,Looks like a perfect storm - free evening coming up .   Check out the outdoor happenings featured at   # EventsPalmBeach .,kaggle_nlp_disaster_tweets
KG_08961,Crazy storm hit and I am trapped inside a Hobby Lobby AMA,kaggle_nlp_disaster_tweets
KG_08966,What tropical storm ?   # guillermo by hawaiianpaddlesports,kaggle_nlp_disaster_tweets
KG_08971,The Storm Prediction Center has expanded the  ' Slight Risk '  area to include more of central NC .   # TWCNews  # ncwx,kaggle_nlp_disaster_tweets
KG_08972,' Calgarians stunned by storm insurance companies busy handling calls '   # Alberta Storm,kaggle_nlp_disaster_tweets
KG_08974,Ready for this storm,kaggle_nlp_disaster_tweets
KG_08976,Severe T - storm Warning for Union County ~3 : 45pm .  Top threats include heavy rain lightning  &  damaging winds .,kaggle_nlp_disaster_tweets
KG_08979,"NASA Hurricane ?  EASTERN PACIFIC  * Full Update *  Satellite Sees Formation of Eastern Pacific ' s Tropical Storm Hilda
Th",kaggle_nlp_disaster_tweets
KG_08985,# NASA announced that a massive  # solar storm is headed straight for us :,kaggle_nlp_disaster_tweets
KG_08986,My last two weather pics from the storm on August 2nd .  People packed up real fast after the temp dropped and winds picked up .,kaggle_nlp_disaster_tweets
KG_08987,Doves  -  The Storm  +  Greatest Denier  ( Electric Proms Pt4 ),kaggle_nlp_disaster_tweets
KG_08989,Todays storm will pass ;  let tomorrows light greet you with a kiss .  Bask in this loving warmth ;  let your soul return to bliss .,kaggle_nlp_disaster_tweets
KG_09029,Keep shape your shoes  ?  # Amazon  # foot  # adjust  # shape  # shoe Mini Shoe Tree Stretcher Shaper Width Extender Adjustable,kaggle_nlp_disaster_tweets
KG_09034,Scary stuff in San Antonio .  Stars head coach Dan Hughes was run into on the sidelines and fell over chairs onto the floor .  Stretcher now out,kaggle_nlp_disaster_tweets
KG_09040,@ Stretcher  @ witter  @ Rexyy  @ Towel show me a picture of it,kaggle_nlp_disaster_tweets
KG_09042,1 )   ' Investigators say a Virgin Galactic spaceship crash was caused by structural failure after the co - pilot unlocked a braking system early ',kaggle_nlp_disaster_tweets
KG_09044,SpaceX Founder Musk :  Structural Failure Took Down Falcon 9,kaggle_nlp_disaster_tweets
KG_09047,Virgin galactic crash :  early unlocking of brakes triggered structural failure,kaggle_nlp_disaster_tweets
KG_09051,VIDEO :  Virgin Galactic crash :  Brakes blamed :  Investigators have said a Virgin Galactic spaceship crash was caused by structural failure,kaggle_nlp_disaster_tweets
KG_09052,Investigators have said a Virgin Galactic spaceship crash was caused by structural failure after the co - pilot  .,kaggle_nlp_disaster_tweets
KG_09053,Investigators say a fatal Virgin Galactic spaceship crash last year was caused by structural failure after the .,kaggle_nlp_disaster_tweets
KG_09057,The result of failure in correcting structural problems with West ' s financial markets collapse,kaggle_nlp_disaster_tweets
KG_09059,Virgin galactic crash :  early unlocking of brakes triggered structural failure  -  Irish Examiner,kaggle_nlp_disaster_tweets
KG_09061,Investigators say a fatal Virgin Galactic spaceship crash last year was caused by structural failure after the co,kaggle_nlp_disaster_tweets
KG_09064,Rightways :  Building structural integrity  &  failure :  inspections damages defects testing  repair  via  @ Richard Tan,kaggle_nlp_disaster_tweets
KG_09067,NTSB :  Virgin Galactic ' s SpaceshipTwo crash due to structural failure when braking system unlocked early  via  @ KPCC  @ AP,kaggle_nlp_disaster_tweets
KG_09072,Investigators rule catastrophic structural failure resulted in 2014  .,kaggle_nlp_disaster_tweets
KG_09075,Investigators have said a Virgin Galactic spaceship crash was caused by structural failure after the co - pilot unlocked a braking system,kaggle_nlp_disaster_tweets
KG_09082,Slums are a manifestation state failure to provide housing to citizens .  Illegality discourse confounds structural problems .   # stopevictions,kaggle_nlp_disaster_tweets
KG_09085,"' Jet fuel cant melt steel ' 
 ' The structural failure is illogical ' 
 ' The second plane crashing into the building is fake ' 
 ' It was a bomb '",kaggle_nlp_disaster_tweets
KG_09087,Virgin galactic crash :  early unlocking of brakes triggered structural failure :  The crash of a Virgin Galactic  .,kaggle_nlp_disaster_tweets
KG_09088,Investigators rule catastrophic structural failure resulted in 2014 Virg .  Related Articles :,kaggle_nlp_disaster_tweets
KG_09089,NTSB :  Virgin Galactic crash caused by structural failure triggered when brakes unlocked early,kaggle_nlp_disaster_tweets
KG_09090,Investigators say a fatal Virgin Galactic spaceship crash last year was caused by structural failure after the co - pilot unlocked a braking,kaggle_nlp_disaster_tweets
KG_09095,# bestnaijamade :  16 year old PKK suicide bomber who detonated bomb in  .   bestnaijamade bestnaijamade bestnaijamade be,kaggle_nlp_disaster_tweets
KG_09096,Pic of 16 year old PKK suicide bomber who detonated bomb in Turkey Army trench released,kaggle_nlp_disaster_tweets
KG_09099,@ AlfaPedia It might have come out ONLY too burst as a Bomb making him suicide bomber,kaggle_nlp_disaster_tweets
KG_09102,.  /  /  .  /  /  whao .  Pic of 16 year old PKK suicide bomber who detonated bomb in Turkey Army trench released,kaggle_nlp_disaster_tweets
KG_09103,Look at the previous battles .  Citizens were committing suicide so to not be under American control .  The bomb was the only way .   @ NBCNews,kaggle_nlp_disaster_tweets
KG_09110,See the 16 year old PKK suicide bomber who detonated bomb in Turkey Army trench  via  @ MsOreo_,kaggle_nlp_disaster_tweets
KG_09112,/  /  .  /  .  /  .  Pic of 16 year old PKK suicide bomber who detonated bomb in Turkey Army trench released   -  /,kaggle_nlp_disaster_tweets
KG_09118,recap /  Pic of 16 year old PKK suicide bomber who detonated bomb in Turkey Army trench released,kaggle_nlp_disaster_tweets
KG_09119,11 soldiers killed in ISIS suicide bomb in air base east Homs SYRIA NEWS  |  ZAMAN ALWSL   -     # ISIS  # Homs,kaggle_nlp_disaster_tweets
KG_09120,16 year old PKK suicide bomber who detonated bomb in Turkey Army trench released,kaggle_nlp_disaster_tweets
KG_09126,wo Pic of 16 year old PKK suicide bomber who detonated bomb in Turkey Army trench released   /  '  /  '  /  /,kaggle_nlp_disaster_tweets
KG_09130,Iraq  -  Hashd Shaabi Theft ISIS Suicide Car bomb   # ISIS,kaggle_nlp_disaster_tweets
KG_09131,ll /  / ll =  Pic of 16 year old PKK suicide bomber who detonated bomb in Turkey Army trench released   /,kaggle_nlp_disaster_tweets
KG_09134,# GR updates Pic of 16 year old PKK suicide bomber who detonated bomb in Turkey Army trench released  -  >,kaggle_nlp_disaster_tweets
KG_09137,?  19th Day Since 17 - Jul - 2015  -  Nigeria :  Suicide Bomb Attacks Killed 64 People ;  Blamed :  Boko Haram  [ L . A .  Times / AP ]   |,kaggle_nlp_disaster_tweets
KG_09139,16 year old boy pic PKK suicide bomber who detonated bomb in Turkey Army trench,kaggle_nlp_disaster_tweets
KG_09141,New post :  Pic of 16 year old PKK suicide bomber who detonated bomb in Turkey Army trench released,kaggle_nlp_disaster_tweets
KG_09142,Suicide bomber kills 15 in Saudi security site mosque   # mercados,kaggle_nlp_disaster_tweets
KG_09143,Suicide Bomber Kills 13 At Saudi Mosque   # Saudi  # Tripoli  # Libya,kaggle_nlp_disaster_tweets
KG_09144,Six people were killed Thursday when a Taliban suicide bomber detonated an explosives - rigged truck outside a police compound in eastern,kaggle_nlp_disaster_tweets
KG_09145,ISIS claims responsibility for Saudi mosque suicide bombing,kaggle_nlp_disaster_tweets
KG_09146,Suicide bomber kills 15 in Saudi security site mosque,kaggle_nlp_disaster_tweets
KG_09148,# ISIS claims responsibility for Saudi suicide bombing,kaggle_nlp_disaster_tweets
KG_09149,Islamic State claims suicide bombing at Saudi Arabian mosque :  Ten members of emergency service .   via  @ josephjett,kaggle_nlp_disaster_tweets
KG_09151,# saudiarabia 13 confirmed dead as suicide bomber attacks Saudi Arabian mosque  -  The I .    -,kaggle_nlp_disaster_tweets
KG_09154,Suicide bomber kills 15 in Saudi security site mosque  -  Reuters Canada :  Reuters CanadaSuicide bomber kills 15  .,kaggle_nlp_disaster_tweets
KG_09156,Suicide bomber kills 15 in Saudi security site mosque  via  @ Reuters,kaggle_nlp_disaster_tweets
KG_09157,News :   ' Islamic State claims suicide bombing at Saudi Arabian mosque ',kaggle_nlp_disaster_tweets
KG_09159,"17 killed in SArabia mosque suicide bombing

A suicide bomber attacked a mosque in Aseer south - western Saudi .",kaggle_nlp_disaster_tweets
KG_09161,Mosque bombing strikes Saudi special forces ;  at least 15 people dead :  A suicide bomber struck a mosque i .    # news,kaggle_nlp_disaster_tweets
KG_09162,Suicide bomber  ' hits Saudi mosque ',kaggle_nlp_disaster_tweets
KG_09164,Suicide bomber detonates in Saudi Arabia mosque 17 reportedly killed,kaggle_nlp_disaster_tweets
KG_09166,Suicide bomber kills 15 in Saudi security site mosque  -  A suicide bomber killed at least 15 people in an attack on .,kaggle_nlp_disaster_tweets
KG_09169,Suicide bomber kills 15 in Saudi security site mosque  -  Reuters,kaggle_nlp_disaster_tweets
KG_09171,#  ?   #  ?   #  ?   #  ?  Suicide bomber kills 15 in Saudi security site mosque  -  Reuters,kaggle_nlp_disaster_tweets
KG_09172,"@ Abu_Baraa1 Suicide bomber targets Saudi mosque at least 13 dead  -  Suicide bomber targets Saudi mosque at least 13 dead
This is ridiculous",kaggle_nlp_disaster_tweets
KG_09174,# deai  #  ?   #  ?   #  ?  Suicide bomber kills 15 in Saudi security site mosque  -  Reuters,kaggle_nlp_disaster_tweets
KG_09175,Suicide Bomber Kills More Than a Dozen in Saudi Mosque :  Saudi Arabia have started experiencing some terrorist  .,kaggle_nlp_disaster_tweets
KG_09177,Suicide Bomber Kills 13 At SaudiMosque,kaggle_nlp_disaster_tweets
KG_09180,IS claims suicide bombing against Saudi police :  An Islamic State group suicide bomber on Thursday detonated an .,kaggle_nlp_disaster_tweets
KG_09181,@ bbclaurak Why is no one talking about the risk of a suicide bomber hiding amongst the migrants stowing aboard the Eurotunnel  trains ?,kaggle_nlp_disaster_tweets
KG_09183,IS claims suicide bombing against Saudi police :  RIYADH  ( AFP )   -  An Islamic State group suicide bomber on Thursd .,kaggle_nlp_disaster_tweets
KG_09187,Suicide bomber kills 15 in Saudi security site mosque   # world  # news,kaggle_nlp_disaster_tweets
KG_09192,I was taught at school in the 1970s that piracy slavery and suicide - bombing were purely historical .  No one then expected them to re - occur,kaggle_nlp_disaster_tweets
KG_09193,After a suicide bombing in Sanliurfa that killed 32 people Turkey launches airstrikes against ISIL and Kurdistan Workers '  Party camps in Iraq .,kaggle_nlp_disaster_tweets
KG_09194,@ daisycuttertz  @ GROGParty  @ Tony_Burke He is been having lessons in suicide bombing from his imam !,kaggle_nlp_disaster_tweets
KG_09195,@ sonofbobBOB  @ Shimmyfab  @ trickxie usually I would agree .  Once the whole chopping heads off throwing gays off rooftops  &  suicide bombing start,kaggle_nlp_disaster_tweets
KG_09197,"Suicide bombing for Da ' esh is  ( rightly )  despicable .  Suicide bombing for Ocalan /  Marxism ? 

 =  They share  ' our values '  .",kaggle_nlp_disaster_tweets
KG_09203,<  25 Dead In Kuwait Mosque Suicide Bombing Claimed By ISIS Offshoot on,kaggle_nlp_disaster_tweets
KG_09206,Suicide bombing is just the fear of dying alone,kaggle_nlp_disaster_tweets
KG_09207,' Suicide bombing at  [ location named ]  .  '   # premonitions,kaggle_nlp_disaster_tweets
KG_09208,@ JewhadiTM It is almost amazing to think someone thought suicide bombing would actually be a good idea .,kaggle_nlp_disaster_tweets
KG_09209,13 security personnel killed in Iraq suicide bombing  |,kaggle_nlp_disaster_tweets
KG_09210,Turkish troops killed in Kurdish militant  ' suicide attack ',kaggle_nlp_disaster_tweets
KG_09211,Remembering Rebecca Roga 40 of the Philippines .  murdered by Hamas terrorists in the suicide bombing of Egged bus No .  361,kaggle_nlp_disaster_tweets
KG_09212,INFOGRAPHIC :  At least 20 Turkish security officials killed in PKK and ISIS terror attacks since Sanliurfa suicide bombing,kaggle_nlp_disaster_tweets
KG_09215,Malik Saadthe best police officer produced by KPdied in a suicide bombing on 27 Jan 2007he was more than a brother to me .   # KPPolice .,kaggle_nlp_disaster_tweets
KG_09216,bout to go suicide bombing,kaggle_nlp_disaster_tweets
KG_09217,<  Suicide Bombing Of European Union Car Kills At Least Three In Kabul on,kaggle_nlp_disaster_tweets
KG_09218,@ RayquazaErk There are Christian terrorists to be sure but I do not suicide bombing is employed often as it is in Islamic groups .,kaggle_nlp_disaster_tweets
KG_09221,Alleged driver in  # Kuwait attack  ' joined ISIS just a day before the June 26 suicide bombing '  he confesses in court,kaggle_nlp_disaster_tweets
KG_09222,@ Haji_Hunter762  @ MiddleEastEye maybe some muzzies will spontaneously combust !  It is like Allah suicide bombing them as payback  ?,kaggle_nlp_disaster_tweets
KG_09223,The number of security officials killed by PKK in terror attacks since the Sanliurfa suicide bombing has reached 22,kaggle_nlp_disaster_tweets
KG_09226,Erdogan ' s Bloody Gambit :  on July 20 a suicide bombing in Turkey took the lives of 31 socialists in Sanliurfa   @ Shareaholic,kaggle_nlp_disaster_tweets
KG_09230,Kurd Suicide Attack Kills 2 Turkish Soldiers,kaggle_nlp_disaster_tweets
KG_09231,@ NBCPolitics RUSSIA AND THAT BACK FIRED NOW 2015 look what happened 911bombing of marine barracks  suicide bombers attacks on world sites,kaggle_nlp_disaster_tweets
KG_09233,"Imagine a school where suicide bombing Is being taught the teachers would say to the students . 

 ' Please pay .",kaggle_nlp_disaster_tweets
KG_09237,9 )   ' Without the bombing you would have to do hara - kiri you know commit suicide '  .   Hiroshima 70 years ago .,kaggle_nlp_disaster_tweets
KG_09238,Remembering Mordechai Yehuda Friedman 24 of Ramat Beit Shemesh ;  murdered by Hamas terrorists in the suicide bombing of Egged bus No .  361,kaggle_nlp_disaster_tweets
KG_09239,Remembering Marlene Menahem 22 of Moshav Safsufa ;   murdered by Hamas terrorists in the suicide bombing of Egged bus No .  361,kaggle_nlp_disaster_tweets
KG_09240,1 of the major reason of suicide bombing is the absence of sexual interactions .,kaggle_nlp_disaster_tweets
KG_09242,why was not this warship sunk ?       CNN :  First on CNN :  Iranian warship points weapon at U . S .  helicopter official says,kaggle_nlp_disaster_tweets
KG_09247,British diver Neil Anthony Fears found dead by the wreck of a steamship  -  Daily Mail,kaggle_nlp_disaster_tweets
KG_09248,Near them on the sand half sunk a shattered visage lies .,kaggle_nlp_disaster_tweets
KG_09249,Aquarium Ornament Wreck Sailing Boat Sunk Ship Destroyer Fish Tank Cave Decor  -  Full read,kaggle_nlp_disaster_tweets
KG_09255,Japan FUSO Class Battleship YAMASHIRO Naval Cover 1999 PHOTO Cachet SUNK WWII,kaggle_nlp_disaster_tweets
KG_09263,@ SaintRobinho86 someone has to be at the bottom of every league .  Tonight clearly demonstrated why the Lions are where they are  -  sunk !,kaggle_nlp_disaster_tweets
KG_09286,@ UnrealTouch fuck sake john Jesus my heart just sunk .,kaggle_nlp_disaster_tweets
KG_09290,The Seven Seas  -  Wreck of the Giannis D .  sunk after hitting a submerged reef in the,kaggle_nlp_disaster_tweets
KG_09301,So much shit has happened today wtf idk how I survive thruuu it all,kaggle_nlp_disaster_tweets
KG_09314,A country Chim can survive !,kaggle_nlp_disaster_tweets
KG_09315,I Will Survive by Gloria Gaynor  ( with Oktaviana Devi ),kaggle_nlp_disaster_tweets
KG_09317,"Escaping her captors was the 1st step .  Now she must survive a deadly storm  &  a wild - looking recluse . 
BETRAYED

 # books",kaggle_nlp_disaster_tweets
KG_09337,# Autoinsurance industry clueless on driverless cars  :   # healthinsurance,kaggle_nlp_disaster_tweets
KG_09343,"Update :  I survived .  No canoe .  

May have been the fastest feed out in history though .",kaggle_nlp_disaster_tweets
KG_09348,Meet the man who survived both Hiroshima and Nagasaki,kaggle_nlp_disaster_tweets
KG_09351,It is a miracle that mankind survived 70 years since one of the worst days in its history .  All bets are off if it will survive the next 70 .,kaggle_nlp_disaster_tweets
KG_09355,@ TheSmallClark  ' He ' ll kill me instead if he survived the shot .  I do not exactly know .  I fled the scene and pulled the trigger with -,kaggle_nlp_disaster_tweets
KG_09361,@ rjkrraj  @ KarnakaranK  @ vimvith whether pressure or not NON wud not survived even if thalapathi did not release,kaggle_nlp_disaster_tweets
KG_09375,' Planted 390 years ago '  it was moved to U - S .  This Bonsai Survived Hiroshima But Its Story Was Nearly Lost  via  @ NatGeo,kaggle_nlp_disaster_tweets
KG_09376,Only one man Tsutomi Yamaguchi is said to have survived both atomic bomb blasts at  # Hiroshima and  # Nagasaki .   # OTD,kaggle_nlp_disaster_tweets
KG_09382,Well said Sir .  My cousin was a POW .  Brutally treated .  Survived but never talked about it .  The bombing was justified,kaggle_nlp_disaster_tweets
KG_09385,RT THR  ' RT THRArchives :  1928 :  When Leo the MGM Lion Survived a Plane Crash  # TBT   ',kaggle_nlp_disaster_tweets
KG_09391,@ BBCWomansHour :  Setsuko Thurlow survived the  # Hiroshima bomb .  This is her story :,kaggle_nlp_disaster_tweets
KG_09393,The Cafe Run by Acid Attack Survivors in  # India,kaggle_nlp_disaster_tweets
KG_09396,Hiroshima survivors fight nuclear industry in Brazil Ì¢ ?  video,kaggle_nlp_disaster_tweets
KG_09397,"Tricycle toddler atomic bomb
 In a fraction of a second Our decisions change the landscape of humanity .",kaggle_nlp_disaster_tweets
KG_09401,Patient - reported outcomes in long - term survivors of metastatic colorectal cancer  -  British Journal of Surgery,kaggle_nlp_disaster_tweets
KG_09402,Dear  @ POTUS In the name of humanityI apologized to  # Hiroshima Survivors . R u ready to do so ?  # Japan  # nuclearweapons,kaggle_nlp_disaster_tweets
KG_09403,# coppednews Haunting memories drawn by survivors,kaggle_nlp_disaster_tweets
KG_09404,RT  @ kotowsa :  South Sudans war on women :  survivors say rape has become  ' just a normal thing ',kaggle_nlp_disaster_tweets
KG_09405,Haunting memories drawn by survivors,kaggle_nlp_disaster_tweets
KG_09406,Hiroshima survivors fight nuclear industry in Brazil  video,kaggle_nlp_disaster_tweets
KG_09410,"# WorldNews
 Fears over missing migrants in Med  -  BBC News  -  Home : 
Rescuers search for survivors after a boat carr .",kaggle_nlp_disaster_tweets
KG_09416,Breaking news :  Haunting memories drawn by survivors,kaggle_nlp_disaster_tweets
KG_09420,As Anniversary Nears Atomic Bomb Survivors Speak Out Against Nuclear Power  -,kaggle_nlp_disaster_tweets
KG_09422,The second part which focuses on the survivors is really difficult to watch but at the same time is really powerful .,kaggle_nlp_disaster_tweets
KG_09425,@ Arovolturi3000 survived because of magic  she is searching the wood for survivors outside of London,kaggle_nlp_disaster_tweets
KG_09430,@ FedPorn I feel your pain .  Survivors will look back on this period as most absurd in human history .  Satire indistinguishable from reality .,kaggle_nlp_disaster_tweets
KG_09431,Faceless body belonged to my sister :   # Hiroshima  # Nagasaki  # nuke survivors recall horrors 70 years on  RT News,kaggle_nlp_disaster_tweets
KG_09435,@ LawfulSurvivor T - Dog had been holed up in an apartment store with several other survivors Glenn Morales Andrea Jacqui and Merle .  -,kaggle_nlp_disaster_tweets
KG_09436,Stemming from my  # Cubs talk -  the team rosters 2 cancer survivors in  @ ARizzo44  &   @ JLester34 .  @ Cubs fans :  help another,kaggle_nlp_disaster_tweets
KG_09441,Remembrance    # Hiroshima,kaggle_nlp_disaster_tweets
KG_09446,News786 - UK Islamist Cleric Anjem Choudary Charged Under Terrorism Act :,kaggle_nlp_disaster_tweets
KG_09448,@ RobPulseNews  @ huyovoeTripolye Phillips should be charged for assisting terrorism .  LDNR - terrorists '  organizations .,kaggle_nlp_disaster_tweets
KG_09449,"Truth . 

 # News
 # BBC
 # CNN
 # Islam
 # Truth
 # god
 # ISIS
 # terrorism
 # Quran
 # Lies",kaggle_nlp_disaster_tweets
KG_09450,Preacher faces UK terrorism charges,kaggle_nlp_disaster_tweets
KG_09451,Woman sneaks into airplane cockpit ;  terrorism not suspected,kaggle_nlp_disaster_tweets
KG_09452,NC Senate follows House on legal action on terrorism damages  -  Winston,kaggle_nlp_disaster_tweets
KG_09453,# Politics Democracys hatred for hate :   Dawabsha threaten to erode Israeli democracy .  Homegrown terrorism ha .,kaggle_nlp_disaster_tweets
KG_09456,Cross - border terrorism :  Pakistan caught red - handed again,kaggle_nlp_disaster_tweets
KG_09457,CTD arrest three vital criminals from Orangi :  KARACHI :  Counter - Terrorism Department  ( CTD )  of the Sindh Police  .,kaggle_nlp_disaster_tweets
KG_09458,Still domestic terrorism,kaggle_nlp_disaster_tweets
KG_09460,DireTube Information  Egypt Cyprus and Greece agreed to fightterrorism,kaggle_nlp_disaster_tweets
KG_09465,Perspectives on Terrorism  -  Understanding Jihadi Proto - States :,kaggle_nlp_disaster_tweets
KG_09466,DHS Refuses to Call Chattanooga Islamic Terrorism out of respect for MUSLIMS  .   via  @ po . st,kaggle_nlp_disaster_tweets
KG_09467,Pakistan ' s Supreme Court rules to allow military trials for suspects in terrorism cases,kaggle_nlp_disaster_tweets
KG_09469,A good piece on Israeli incitement and Jewish terrorism by Beinart :,kaggle_nlp_disaster_tweets
KG_09472,In  # islam saving a person is equal in reward to saving all humans !  Islam is the opposite of terrorism !,kaggle_nlp_disaster_tweets
KG_09474,@ AdamNibloe Arrest report :  Affiliation with Terrorism,kaggle_nlp_disaster_tweets
KG_09481,Really cannot condemn an entire group based on the actions of a few .  A heart - warming unity against terrorism .,kaggle_nlp_disaster_tweets
KG_09484,@ Kurt Schlichter  He is already done it by negotiating with the  # 1 state of terrorism in the World .  What was his hurry in trying to get a deal,kaggle_nlp_disaster_tweets
KG_09488,Pakistan Supreme Court endorses military courts for terrorism cases,kaggle_nlp_disaster_tweets
KG_09491,Cross - border terrorism :  Pakistan caught red - handed again  -  The Times of India,kaggle_nlp_disaster_tweets
KG_09492,Captured terrorist Naved not registered as our citizen :  Pakistan,kaggle_nlp_disaster_tweets
KG_09496,Signing a petition to seek mercy on a death punishment for a convivted terrorist is a job well done in India .  But asking a foreign govt 1 / n,kaggle_nlp_disaster_tweets
KG_09499,Heres how media in Pakistan covered the capture of terrorist Mohammed Naved,kaggle_nlp_disaster_tweets
KG_09500,Update on Pulwama encounter that began earlier today :  2nd terrorist killed by security forces .  Security forces .,kaggle_nlp_disaster_tweets
KG_09502,Fresh encounter in Pulwama of J & amp ; K one terrorist killed others holed up inside a house,kaggle_nlp_disaster_tweets
KG_09503,' The Terrorist Tried to Get Out of the Car ;  I Shot Him ',kaggle_nlp_disaster_tweets
KG_09504,Me pulling over and fighting the hoes that called Zayn a terrorist,kaggle_nlp_disaster_tweets
KG_09505,Udhampur terror attack :  NIA takes over probe Pakistani terrorist quizzed ;  Pak denies link     # Elections  # AcheDin  #,kaggle_nlp_disaster_tweets
KG_09507,@ Narendra Modi  @ bjpsamvad Hiroshima is now beautiful on the ashes of the old .  So could be a terrorist Pakistan .,kaggle_nlp_disaster_tweets
KG_09509,@ rahulkanwal why  Jammu is soft target for terrorist,kaggle_nlp_disaster_tweets
KG_09510,Anyone missing their license plate ?  Two stolen ones found on terrorist ' s car .,kaggle_nlp_disaster_tweets
KG_09511,Pakistan Disowned Kasab Now Disowns Naved :  State of Denial ?  :  Naved the terrorist captured alive after an,kaggle_nlp_disaster_tweets
KG_09513,The Pak terrorist who has been caught alive must be tried fast not delayed as KasabWe must send very hard message to Pak instead of Biryani,kaggle_nlp_disaster_tweets
KG_09522,@ SwiftyCommissh  @ TaoistInsight  @ ImmortalTech Some jewish ppl agree tht Israel is a bully nd a terrorist state killin palestine kids nd women,kaggle_nlp_disaster_tweets
KG_09525,RT Abbs Winston :   # Zionist  # Terrorist Demolish Tire Repair Shop Structure in  # Bethlehem,kaggle_nlp_disaster_tweets
KG_09526,Three Israeli soldiers wounded in West Bank terrorist attack  -  Haaretz,kaggle_nlp_disaster_tweets
KG_09529,Three Israeli soldiers wounded in West Bank terrorist attack via  / r / worldnews,kaggle_nlp_disaster_tweets
KG_09531,RT Abbs Winston :   # Zionist  # Terrorist kidnapped 15  # Palestinians in overnight terror on Palestinian Villages,kaggle_nlp_disaster_tweets
KG_09533,# UdhampurAgain 2 terrorist shot dead .   # Udhampur,kaggle_nlp_disaster_tweets
KG_09537,@ lovemywife1983  @ Fox News like shedid on 9 / 11 4the public facts I am not a journalist the Bush ' s washard on stopping more than just terrorist,kaggle_nlp_disaster_tweets
KG_09538,is not it ironic that on the anniversary of Hiroshima our current President is helping a terrorist nation acquire nuclear weapons .   # TRAITOR,kaggle_nlp_disaster_tweets
KG_09556,@ dmassa5 Definite triple crown threat .  Him and Harper both .,kaggle_nlp_disaster_tweets
KG_09557,Meek Mill responds to Drakes OVO Fest set with wedgie threat,kaggle_nlp_disaster_tweets
KG_09571,Random wind gust just came through  # Gander .   Probably some convection outflow .   Have not heard any thunder yet but a few spits of rain  # nlwx,kaggle_nlp_disaster_tweets
KG_09574,@ Funko  @ Spencers THUNDER BUDDYS !  THUNDER BUDDYS !,kaggle_nlp_disaster_tweets
KG_09580,Heavy rain frequent thunder and gusty winds moving into parts of Uptown and Midtown .    -  CN,kaggle_nlp_disaster_tweets
KG_09582,Thunder lightening torrential rain and a power cut !,kaggle_nlp_disaster_tweets
KG_09586,The thunder shook my house woke my sister and made car alarms go off  ?,kaggle_nlp_disaster_tweets
KG_09589,I hear lightening and see thunder,kaggle_nlp_disaster_tweets
KG_09590,I was over here dreaming peacefully then that loud ass thunder wanted to scare me .   ?,kaggle_nlp_disaster_tweets
KG_09593,@ AsimTanvir  @ NemesisK_PES  @ KevR_7  Snow ?  Thunder and lightning ?,kaggle_nlp_disaster_tweets
KG_09595,"Oh shit its rly sheeting
Aaaaaand there is the thunder and lightning
I missed summer storms",kaggle_nlp_disaster_tweets
KG_09598,suddenly it is off  &  on gloomy  &  thunder so loud it shakes the windows ?  Not ever on the Bay Area .  Miss me withthat lol,kaggle_nlp_disaster_tweets
KG_09600,# thunder outside my house this afternoon  # Georgia Weather  ?,kaggle_nlp_disaster_tweets
KG_09607,@ HaydnExists so glad i saved them all at once then didnt want you stealing my thunder  : P,kaggle_nlp_disaster_tweets
KG_09608,Severe Thunderstorm Warning for Oklahoma County until 10 : 30 PM .  Radar here :    # Oklahoma City Weather,kaggle_nlp_disaster_tweets
KG_09609,NIggas playing in the thunderstorm .   ' HOPE THE LORR BLESS EM '   ?,kaggle_nlp_disaster_tweets
KG_09611,# United States National Weather Service Special Weather Statement issued August 05 at 10 : 40 PM EDT by NWS :   . STRONG THUNDERSTORM WILL IMPACT .,kaggle_nlp_disaster_tweets
KG_09612,Severe Thunderstorm Warning issued August 05 at 9 : 31PM CDT until August 05 at 10 : 15 PM CDT by NWS,kaggle_nlp_disaster_tweets
KG_09613,OUN cancels Severe Thunderstorm Warning for Lincoln Logan Oklahoma  [ OK ]     # WX,kaggle_nlp_disaster_tweets
KG_09616,# United States National Weather Service Severe Weather Statement issued August 05 at 10 : 38 PM EDT by NWS :   . THE SEVERE THUNDERSTORM WARNING  .,kaggle_nlp_disaster_tweets
KG_09617,@ museawayfic  @ beenghosting  @ xylodemon ok ok what if I make the close quarters an abandoned cabin in the woods IN A THUNDERSTORM,kaggle_nlp_disaster_tweets
KG_09620,NWS has Continued a Severe Thunderstorm Warning for Oklahoma - OK until 10 : 30 PM,kaggle_nlp_disaster_tweets
KG_09625,THE NATIONAL WEATHER SERVICE IN LITTLE ROCK HAS ISSUED A  *  SEVERE THUNDERSTORM WARNING FOR .  VAN BUREN COUNTY IN,kaggle_nlp_disaster_tweets
KG_09627,iNWS Alert SPSGSP from 2015 - 08 - 05 10 : 40 PM to 11 : 15 PM EDT for Pickens County :  STRONG THUNDERSTORM WILL IMPACT .,kaggle_nlp_disaster_tweets
KG_09629,Severe Thunderstorm Warnings have been cancelled in central Oklahoma .  Still expect 50 mph winds penny sized hail,kaggle_nlp_disaster_tweets
KG_09634,Severe Weather Statement issued August 05 at 9 : 33PM CDT by NWS :   . THE SEVERE THUNDERSTORM WARN .    # Skywarn  # OKwx,kaggle_nlp_disaster_tweets
KG_09636,Severe Thunderstorm Warning including Russellville AR Clarksville AR Dardanelle AR until 10 : 15 PM CDT,kaggle_nlp_disaster_tweets
KG_09638,RT  @ Living Safely :  NWS posts Severe  # Thunderstorm Warnings for parts of  # AR  # NC  # OK .  Seek strong shelter if at risk :,kaggle_nlp_disaster_tweets
KG_09639,Severe Thunderstorm Warning for Oklahoma County until 10 : 30 PM .    # Oklahoma City Weather,kaggle_nlp_disaster_tweets
KG_09642,Strong Thunderstorm 4 Miles East of Pickens Moving NE At 20 MPH .  Pea Size Hail and Wind Gusts Up to 40 MPH .   # South Carolina Weather,kaggle_nlp_disaster_tweets
KG_09643,Severe Thunderstorm Warning for Oklahoma County in OK until 10 : 30 PM CDT .   # Oklahoma City Weather,kaggle_nlp_disaster_tweets
KG_09644,OUN continues Severe Thunderstorm Warning for Oklahoma  [ OK ]  till 10 : 30 PM CDT,kaggle_nlp_disaster_tweets
KG_09645,Severe Thunderstorm Warning including Midwest City OK Del City OK Choctaw OK until 10 : 30 PM CDT,kaggle_nlp_disaster_tweets
KG_09646,Severe Thunderstorm pictures from across the Mid - South,kaggle_nlp_disaster_tweets
KG_09650,[ HIGH PRIORITY ]  SEVERE THUNDERSTORM WATCH ENDED Issued for Lethbridge  [ Updated :  Aug 05th 20 : 29 MDT ],kaggle_nlp_disaster_tweets
KG_09651,A STRONG THUNDERSTORM WILL AFFECT CENTRAL HALIFAX COUNTY THROUGH 1145 PM EDT for Halifax  [ VA ]  till 11 : 45 PM EDT,kaggle_nlp_disaster_tweets
KG_09652,"Thunderstorm in Helsinki
 # thunder  # lightning  # lightningstrike  # thunderstorm  # nature  # Helsinki",kaggle_nlp_disaster_tweets
KG_09653,9 : 35 pm .  Thunderstorm .  No rain .  90 degrees .  This weather weird .,kaggle_nlp_disaster_tweets
KG_09655,NWS has issued a Severe Thunderstorm Warning for Oklahoma - OK until 10 : 30 PM,kaggle_nlp_disaster_tweets
KG_09667,73rd GOODE Water Ski National Championships will go on as planned next week   .   ( Event with damage from a tornado on Mon ),kaggle_nlp_disaster_tweets
KG_09669,( AR )   Severe Thunderstorm Warning issued August 05 at 9 : 12PM CDT until August 05 at 9 : 45PM CDT by NWS   # Arkansas Weather,kaggle_nlp_disaster_tweets
KG_09670,Second tornado confirmed in Sundays storm,kaggle_nlp_disaster_tweets
KG_09673,( OK )   Severe Thunderstorm Warning issued August 05 at 8 : 29PM CDT until August 05 at 9 : 15 PM CDT by NWS   # Oklahoma City Weather,kaggle_nlp_disaster_tweets
KG_09674,I liked a  @ YouTube video  Lexi Belle for Oklahoma tornado victims,kaggle_nlp_disaster_tweets
KG_09675,@ SakhalinTribune Calgary area tornado warnings end as thunderstorms move eastward,kaggle_nlp_disaster_tweets
KG_09681,Environment Canada confirms 2nd tornado touched down last weekend,kaggle_nlp_disaster_tweets
KG_09683,Pizza and beer in a tornado in Austin .  Windy af right now,kaggle_nlp_disaster_tweets
KG_09684,Still cannot get over the thunderstorm / tornado we were woken up to yesterday .  Half the street is still in the dark !,kaggle_nlp_disaster_tweets
KG_09686,"@ kunalkapoor Photo of the Day :  Storm
Chaser

 # photography  # pod",kaggle_nlp_disaster_tweets
KG_09690,@ Rebelmage2 I am glad you got away XD But My  ' be safe '  was in reference to a tornado near calgary and drum heller at around 4  : O,kaggle_nlp_disaster_tweets
KG_09695,Weak but distinct rotation fully condenses near Villa Ridge MO today near MCV center .   A  ' sub - tornado ?  '  Video :,kaggle_nlp_disaster_tweets
KG_09699,Calgary area tornado warnings end as thunderstorms move eastward  -  CBC . ca :  CBC . ca Calgary area tornado warnings end,kaggle_nlp_disaster_tweets
KG_09703,Maybe that is what happens when a tornado meets a volcano,kaggle_nlp_disaster_tweets
KG_09704,I feel like a tornado,kaggle_nlp_disaster_tweets
KG_09708,Rly tragedy in MP :  Some live to recount horror   # TopStories  # India timesofindia,kaggle_nlp_disaster_tweets
KG_09709,shit is hard to get over but sometimes the tragedy means it is over soulja .,kaggle_nlp_disaster_tweets
KG_09716,Rly tragedy in MP :  Some live to recount horror :  When I saw coaches of my train plunging into water I called  .,kaggle_nlp_disaster_tweets
KG_09723,Railways caught unawares by MP tragedy ;  Accident spot never marked as  ' vulnerable '   -  Times of   # News,kaggle_nlp_disaster_tweets
KG_09728,Railways caught unawares by MP tragedy ;  Accident spot never marked as vulnerable,kaggle_nlp_disaster_tweets
KG_09729,"@ TOIIndiaNews ofcourse 

Just 8 minute b4 tragedy another train had crossed this place 

N a flash flood caued washing of tracks .",kaggle_nlp_disaster_tweets
KG_09730,# Modi Ministry Rly tragedy in MP :  Some live to recount horror,kaggle_nlp_disaster_tweets
KG_09734,DTN India :  Rly tragedy in MP :  Some live to recount horror :  When I saw coaches of my train plunging into water .,kaggle_nlp_disaster_tweets
KG_09737,# breakingnews Rly tragedy in MP :  Some live to recount horror :  When I saw coaches of my train plunging into wa .,kaggle_nlp_disaster_tweets
KG_09738,@ itss_selenaluna like a beautiful ass tragedy lol,kaggle_nlp_disaster_tweets
KG_09745,Robert Gagnon reviews the catastrophe of imposing same - sex marriage and how Christians should respond,kaggle_nlp_disaster_tweets
KG_09746,Rly tragedy in MP :  Some live to recount horror :  When I saw coaches of my train plunging into water I called my,kaggle_nlp_disaster_tweets
KG_09750,Rly tragedy in MP :  Some live to recount horror :  When I saw coaches of my train plunging into water I called my daughters and said t .,kaggle_nlp_disaster_tweets
KG_09755,Rt hirochii0 :  There is no country that making fun of Hiroshima  ' s tragedy but Korea .    # Indonesia  # Malaysia  # Jamaica  #,kaggle_nlp_disaster_tweets
KG_09757,@ CSAresu   American Tragedy,kaggle_nlp_disaster_tweets
KG_09759,"Leitchfield KY : 

 Bella Edward  &  Rosalie need rescue / adoption / local foster home ( s )  / sponsorships . 

 Trapped  &  .",kaggle_nlp_disaster_tweets
KG_09764,@ onihimedesu the whole city is trapped !  You cannot leave the city !  This was supposed to be a normal sports manga wit a love triangle  ( c ),kaggle_nlp_disaster_tweets
KG_09765,Bomb head ?  Explosive decisions dat produced more dead children than dead bodies trapped tween buildings on that day in September there,kaggle_nlp_disaster_tweets
KG_09775,(  ? Eudry Lantiqua ?  )  Hollywood Movie About Trapped Miners Released in Chile :   ' The 33 '  Holly .    (  ? Eudry Lantiqua ?  ),kaggle_nlp_disaster_tweets
KG_09780,Literally trapped in my room Cuz my bathroom being remodeled .  The only exit is through a window,kaggle_nlp_disaster_tweets
KG_09783,Hollywood Movie About Trapped Miners Released in Chile,kaggle_nlp_disaster_tweets
KG_09791,@ BoyInAHorsemask its a panda trapped in a dogs body,kaggle_nlp_disaster_tweets
KG_09794,Hollywood Movie About Trapped Miners Released in Chile :   ' The 33 '  Hollywood movie about trapped miners starring .,kaggle_nlp_disaster_tweets
KG_09808,Photo :  lavender poetry cafe :  Trauma memories are encoded in images as trauma is a more sensory than cognitive .,kaggle_nlp_disaster_tweets
KG_09813,# NissanNews  :  Trauma Alert and 1 Child Among 6 Hospitalized After 2 - Car Wreck on A1A Near Bing ' s Landing :  The  .,kaggle_nlp_disaster_tweets
KG_09820,@ PTSD_Chat Yes .  I feel the root of that is Shame  -  which can be found in the rubble of most trauma .   # PTSDchat,kaggle_nlp_disaster_tweets
KG_09822,Hiroshima :  They told me to paint my story :  Eighty - nine year old man recalls the terror and the trauma when the .,kaggle_nlp_disaster_tweets
KG_09823,Photo :  lavender poetry cafe :  The Forgotten History of Sexual Trauma Hysteria was an affliction seen primarily .,kaggle_nlp_disaster_tweets
KG_09826,Trauma injuries involving kids and sport usually cycling related  -  CBC . ca,kaggle_nlp_disaster_tweets
KG_09828,Butt Trauma Extraordinaire,kaggle_nlp_disaster_tweets
KG_09834,Blood Memory :  Intragenerational Trauma and the Death of Sandra Bland,kaggle_nlp_disaster_tweets
KG_09838,Esteemed journalist recalls tragic effects of unaddressed  # childhood  # trauma .   @ keithboykin  @ RandallPinkston  @ pozarmy,kaggle_nlp_disaster_tweets
KG_09841,Trauma can happen anywhere  -  school home etc .   -  at any time .  Learn the ABC ' s of trauma and how to parent .,kaggle_nlp_disaster_tweets
KG_09854,80  @ UChicago faculty members pushing university to overturn ban of trauma center protesters,kaggle_nlp_disaster_tweets
KG_09868,@ PyramidHead76 one good thing came out of watching the film .   Was too traumatised to watch show so started Halt  &  Catch Fire on Amazon .   : D,kaggle_nlp_disaster_tweets
KG_09883,@ disneyIrh so traumatised im  ?,kaggle_nlp_disaster_tweets
KG_09912,@ lucysforsale funny cause my dumb ass was the young one to get n trouble the most lol,kaggle_nlp_disaster_tweets
KG_09916,@ canagal Good to hear it is back .  that storm ' s been given you guys trouble though  :  (   ^ SJ,kaggle_nlp_disaster_tweets
KG_09931,OH MY GOD RYANS IN TROUBLE,kaggle_nlp_disaster_tweets
KG_09933,Strawberries are in big trouble .  Scientists race to find solution .,kaggle_nlp_disaster_tweets
KG_09940,@ cspan  # Prez .  Mr .  President you are the biggest terrorist and trouble maker in the world .  You create terrorist you sponsor terrorist .,kaggle_nlp_disaster_tweets
KG_09960,So did we have a hurricane tornado tsunami ?  Someone please tell me what the hell happened  # nopower,kaggle_nlp_disaster_tweets
KG_09961,@ helene_yancey God ' s Love  &   # thank you my sister Helene for RT of NEW VIDEO  The Coming Apocalyptic US Earthquake  &  Tsunami,kaggle_nlp_disaster_tweets
KG_09972,"Crptotech tsunami and banks . 
   # Banking  # tech  # bitcoing  # blockchain",kaggle_nlp_disaster_tweets
KG_09976,An optical illusion  -  clouds rolling in over the mountains looks like a Tsunami  -  Geneva  -  Switzerland,kaggle_nlp_disaster_tweets
KG_09978,Earthquake and tsunami that occurred in Japan  ' free speech '  is also swallowed .,kaggle_nlp_disaster_tweets
KG_09985,"?  # FUKUSHIMA ?  # TEPCO ? 
Mountains of debris from the Japanese tsunami have floated to the West Coast",kaggle_nlp_disaster_tweets
KG_09988,@ slone did the First World War Ever Truly End ?  The Ripples Are With Still and have been compound into low level Tsunami,kaggle_nlp_disaster_tweets
KG_09989,I hope this tsunami clears b4 i have to walk outside to my car  ?,kaggle_nlp_disaster_tweets
KG_09991,@ author_mike Amen today is the Day of Salvation .  THX brother Mike for your great encouragement .   -   Coming US Tsunami,kaggle_nlp_disaster_tweets
KG_09992,and i dont get waves of missing you anymore theyre more like tsunami tides in my eyesss,kaggle_nlp_disaster_tweets
KG_10001,Meet Brinco your own personal earthquake snd tsunami early warning beacon .,kaggle_nlp_disaster_tweets
KG_10008,It is alil twister at Tha end to !  I was like oh nah  ?,kaggle_nlp_disaster_tweets
KG_10009,Gail and Russell saw lots of hail at their Dalroy home  -  they have video of twister 1 / 2 mile from their home  # yyc,kaggle_nlp_disaster_tweets
KG_10012,"950 .  If a landslide tumbles down todayI am on your side

And if a twister sweeps it all away - 

YOU ' RE ON YOUR OWN BITCH !  * runs into distance *",kaggle_nlp_disaster_tweets
KG_10034,Crazy Mom Threw Teen Daughter a NUDE Twister Sex Party According To Her Friend50  =  >,kaggle_nlp_disaster_tweets
KG_10040,Tornadoes :  El Nino may give Canada ' s twister season a boost  # Toronto,kaggle_nlp_disaster_tweets
KG_10058,# Breaking144 Obama Declares Disaster for Typhoon Devastated Saipan :  Obama signs disaster declarat .    # AceNewsDesk,kaggle_nlp_disaster_tweets
KG_10059,Map :  Typhoon Soudelor ' s predicted path as it approaches Taiwan ;  expected to make landfall over southern China by S,kaggle_nlp_disaster_tweets
KG_10060,Find out how your fund was used for Typhoon Haiyan in the Philippines .  See  @ DevPeace Haiyan Relief Funds Report,kaggle_nlp_disaster_tweets
KG_10061,Global precipitation measurement satellite captures 3 - D image of Typhoon Soudelor  -  NASA Hurricane .  Visit :,kaggle_nlp_disaster_tweets
KG_10066,# breaking  # news Global precipitation measurement satellite captures 3 - D image of Typhoon Soudelor  -   @ NASA Hurricane,kaggle_nlp_disaster_tweets
KG_10070,@ Fox News let me report it to u people instead Mr . Obama just declares CNMI federal disaster area post typhoon soudelor .  U guys 2slow2report .,kaggle_nlp_disaster_tweets
KG_10072,Typhoon Soudelor :  When will it hit Taiwan  and how bad will it be ?   # GeneralNews,kaggle_nlp_disaster_tweets
KG_10074,RT America :  RT RT_com :  Eye of Super Typhoon Soudelor seen from space  ( TIME - LAPSE ),kaggle_nlp_disaster_tweets
KG_10076,Global precipitation measurement satellite captures 3 - D image of Typhoon Soudelor  -   @ NASA Hurricane,kaggle_nlp_disaster_tweets
KG_10077,Obama Declares Disaster for Typhoon Devastated Saipan   # international,kaggle_nlp_disaster_tweets
KG_10079,nbanews Soudelor Typhoon Soudelor is taking dead aim at Taiwan and is expected to make landfall Friday according to the Joint Typhoon,kaggle_nlp_disaster_tweets
KG_10083,Obama Declares Disaster for Typhoon Devastated Saipan,kaggle_nlp_disaster_tweets
KG_10085,Price of vegetables rises on Typhoon Soudelor concerns,kaggle_nlp_disaster_tweets
KG_10087,Map :  Typhoon Soudelor ' s predicted path as it approaches Taiwan ;  expected to make landfall over southern China by .,kaggle_nlp_disaster_tweets
KG_10088,Obama Declares Disaster for Typhoon Devastated Saipan :  Obama signs disaster declaration for Northern Marians after typhoon hits US territory,kaggle_nlp_disaster_tweets
KG_10089,Photos :  Typhoon Soudelor Has Its Aim Set on Taiwan andChina,kaggle_nlp_disaster_tweets
KG_10091,Massive Typhoon heads toward Taiwan .,kaggle_nlp_disaster_tweets
KG_10092,A GPM satellite  ' bullseye '  in Typhoon Soudelor,kaggle_nlp_disaster_tweets
KG_10100,"4Yygb mhtw4fnet

Thousands evacuated as Taiwan prepares for strongest typhoon of 2015  -  ABC Online",kaggle_nlp_disaster_tweets
KG_10101,I think a Typhoon just passed through here lol,kaggle_nlp_disaster_tweets
KG_10102,Please recover from the Typhoon .   ?,kaggle_nlp_disaster_tweets
KG_10105,# ABCNews Obama Declares Disaster for Typhoon Devastated Saipan :  Obama signs disaster declaration for No .    # World,kaggle_nlp_disaster_tweets
KG_10127,"How long O Lord  ( Study 3 ) 
 The sixth seal opens the events of Revelation 12 .  The political upheaval in the Roman .",kaggle_nlp_disaster_tweets
KG_10130,Ancient Mayan Tablet Found in Jungle Temple,kaggle_nlp_disaster_tweets
KG_10142,A Look at State Actions a Year after Fergusons Upheaval  MD is mentioned in the last group for a  ' reporting '  bill,kaggle_nlp_disaster_tweets
KG_10147,A Look at State Actions a Year After  # Ferguson ' s Upheaval,kaggle_nlp_disaster_tweets
KG_10153,"@ nytimes 
Due to upheaval created by the west in Iraq Syria Libya etc .",kaggle_nlp_disaster_tweets
KG_10156,A look at state actions a year after Ferguson ' s upheaval,kaggle_nlp_disaster_tweets
KG_10159,Terrifying POV footage captures violent landing from inside a passenger jet during a storm in Amsterdam   # travel,kaggle_nlp_disaster_tweets
KG_10163,Rather violent storm .  Possibility of no stream tonight .,kaggle_nlp_disaster_tweets
KG_10164,Violent Storm Causes Damage Flooding in Watertown  -,kaggle_nlp_disaster_tweets
KG_10168,"Thunder pounds north goes black
a deep bruise on the sky ' s chest
wind cries its pain .   
A summer storm has a tough life
short violent .",kaggle_nlp_disaster_tweets
KG_10169,# stormchase Violent Record Breaking EF - 5 El Reno Oklahoma Tornado Nearly Runs Over  .   -,kaggle_nlp_disaster_tweets
KG_10171,# Amsterdam POV video captures violent landing at Amsterdam Airport Schiphol during a st .,kaggle_nlp_disaster_tweets
KG_10172,Storm batters Auckland and Northland :  A violent overnight storm has battered Auckland and Northland uprooting .,kaggle_nlp_disaster_tweets
KG_10175,After a violent afternoon storm more severe weather heads for Chicago tonight .  Details  -  >,kaggle_nlp_disaster_tweets
KG_10177,I do not understand  ' taking '  ANY life as a trophy .  It is violent killing .    # Cecil The Lion  # BADChoices  # BANTROPHYHUNTING,kaggle_nlp_disaster_tweets
KG_10179,"Violent Forces Radio :  Now Playing Acid Storm  -  Scourgue Of The Gods
TuneIn Player  @",kaggle_nlp_disaster_tweets
KG_10182,"U . S . PACIFIC COMMAND . 
I can see it ! 
They gave their all in the peace unity festival
It disappears when freedom
A Violent Storm hit Sea",kaggle_nlp_disaster_tweets
KG_10184,@ Vickie627 Desert Storm was an unqualified victory a treaty was signed .   Under Clinton the situation only got worse and more violent .   # tcot,kaggle_nlp_disaster_tweets
KG_10186,POV footage captures violent landing from inside plane during storm,kaggle_nlp_disaster_tweets
KG_10191,Dramatic Video Shows Plane Landing During Violent Storm  -,kaggle_nlp_disaster_tweets
KG_10192,Dramatic Video Shows Plane Landing During Violent Storm,kaggle_nlp_disaster_tweets
KG_10194,POV video captures violent landing at Amsterdam Airport Schiphol during a storm  .,kaggle_nlp_disaster_tweets
KG_10195,Storm blitzes Traverse City disrupts Management Briefing Seminars :  A violent summer storm blitzed through Tra .,kaggle_nlp_disaster_tweets
KG_10197,This is one violent and belligerent storm .  I am enjoying watching it unfold,kaggle_nlp_disaster_tweets
KG_10198,@ iateyourfood yikes .   Poor pup .   What a weird violent storm .,kaggle_nlp_disaster_tweets
KG_10199,A brief violent storm swept through the Chicago area Sunday afternoon leading to one death and an evacuation of Lollapalooza and more,kaggle_nlp_disaster_tweets
KG_10201,Storm batters top half of North Island :  A violent overnight storm has battered the upper North Island uprootin .,kaggle_nlp_disaster_tweets
KG_10202,Slow clap for this pilot .  Dramatic Video Shows Plane Landing During Violent Storm,kaggle_nlp_disaster_tweets
KG_10203,If you were the NWS wth a rotating storm with a report of a  ' HUGE '   /   ' MASSIVE '   /   ' VIOLENT '  tornado what would you do ?,kaggle_nlp_disaster_tweets
KG_10206,POV video captures violent landing at Amsterdam Airport Schiphol during a storm  -  Daily Mail   # Amsterdam  # News,kaggle_nlp_disaster_tweets
KG_10207,"Violent video :  Ukraine rioters brutally beat police storm local admin building
WE ' RE ALL FIGHTING BACK",kaggle_nlp_disaster_tweets
KG_10208,Jetstar and Virgin forced to cancel Bali flights again because of ash from Mount Raung volcano,kaggle_nlp_disaster_tweets
KG_10209,"nside a Dragon ' s belly .  Or an ice cave under
a volcano in Kamchatka  |  Photography by
å©Daniel Korzhonov",kaggle_nlp_disaster_tweets
KG_10210,"Japan Aogashima Volcano .  By Unknown  -  Check It Out !  
  # Aogashima  # Japan  # photography  # Volcano",kaggle_nlp_disaster_tweets
KG_10212,# Earthquake  # Sismo M 1 . 9  -  5km S of Volcano Hawaii :  Time 2015 - 08 - 06 01 : 04 : 01 UTC 2015 - 08 - 05 15 : 04 : 01  - 10 : 00 at  .,kaggle_nlp_disaster_tweets
KG_10214,1 . 94 earthquake occurred 5km S of Volcano Hawaii at 01 : 04 UTC !   # earthquake  # Volcano,kaggle_nlp_disaster_tweets
KG_10215,1 . 9  # Earthquake in 5Km S Of Volcano Hawaii  # iPhone users download the Earthquake app for more information,kaggle_nlp_disaster_tweets
KG_10217,Eruption of Indonesian volcano sparks transport chaos :  In this picture done from video Mount Raung in   ?,kaggle_nlp_disaster_tweets
KG_10222,USGS EQ :  M 1 . 9  -  5km S of Volcano Hawaii :  Time 2015 - 08 - 06 01 : 04 : 01 UTC 2015 - 08 - 05 15 : 04 : 01  - 10 : 00 a .    # EarthQuake,kaggle_nlp_disaster_tweets
KG_10223,# USGS M 1 . 9  -  5km S of Volcano Hawaii :  Time 2015 - 08 - 06 01 : 04 : 01 UTC 2015 - 08 - 05 15 : 04 : 01  - 10 : 00 at epicenter .    # SM,kaggle_nlp_disaster_tweets
KG_10224,@ MrMikeEaton  @ Muazimus_Prime hill hill mountain volcano of hell mountain hill hil .,kaggle_nlp_disaster_tweets
KG_10229,M1 . 94  [ 01 : 04 UTC ]  ? 5km S of Volcano Hawaii .,kaggle_nlp_disaster_tweets
KG_10236,I added a video to a  @ YouTube playlist  Doc :  Volcanoes and Earthquakes  -  Inside the Volcano,kaggle_nlp_disaster_tweets
KG_10237,Not only does he know the latest research the kiddo ' s GI specialist sang the volcano number from Inside Out .  Now THAT is whole person care .,kaggle_nlp_disaster_tweets
KG_10239,@ alextucker VOLCANO BOWL DRINK,kaggle_nlp_disaster_tweets
KG_10244,Zeal is a volcano the peak of which the grass of indecisiveness does not grow,kaggle_nlp_disaster_tweets
KG_10246,@ volcano_tornado live somewhere else for a while and Da Mill am not too bad son !   # perspective,kaggle_nlp_disaster_tweets
KG_10247,# Sismo M 1 . 9  -  5km S of Volcano Hawaii :  Time 2015 - 08 - 06 01 : 04 : 01 UTC 2015 - 08 - 05 15 : 04 : 01  - 10 : 00 at ep .    # CSismica,kaggle_nlp_disaster_tweets
KG_10255,Thank you to  @ scegnews !  Our neighborhood looks like a war zone but we had power back in 4 hours !,kaggle_nlp_disaster_tweets
KG_10265,the war on drugs has turned the U . S .  into a WAR zone .,kaggle_nlp_disaster_tweets
KG_10268,# debate questions we want to hear If U start another war would U B willing 2 go 2 the war - zone yourself or send UR sons and / or daughters 2 fight ?,kaggle_nlp_disaster_tweets
KG_10270,# WorldWatchesFerguson  # Florida  @ GovJayNixon  @ clairecmc How dare you turn our streets into a war zone  - a war against CITIZENS ?,kaggle_nlp_disaster_tweets
KG_10274,Looks and sounds like a war zone,kaggle_nlp_disaster_tweets
KG_10283,THIS IS A ONE DIRECTION CONCERT NOT A WAR ZONE WHAT IS THIS  # OTRAMETLIFE,kaggle_nlp_disaster_tweets
KG_10284,Looks like a war zone outside .  What is going on ?,kaggle_nlp_disaster_tweets
KG_10286,70 years ago today the U . S .   dropped a nuclear weapon on Japan .  Here are some articles that share my opinion on that decision,kaggle_nlp_disaster_tweets
KG_10288,Abe government said the missiles were not  ' weapon '  so JSDF could provide them to the ally when collective self defense right was exercised .,kaggle_nlp_disaster_tweets
KG_10289,Please allow me to reiterate it is not the weapon it is the mindset of the individual !   # professional  # help !   - LEGION !,kaggle_nlp_disaster_tweets
KG_10296,Cat Of Nine Irons XII :  This nightmarishly brutal weapon is used in ritualistic country club de,kaggle_nlp_disaster_tweets
KG_10304,Iranian warship points weapon at U . S .  helicopter official says   # tcot,kaggle_nlp_disaster_tweets
KG_10307,@ abcnews A nuclear bomb is a terrible weapon !,kaggle_nlp_disaster_tweets
KG_10310,Rare insight into  # terror and How to fight it   # Cameroon  # USA  # Whitehouse  # ES  # FR  # Nigeria  # UK  # Africa  # DE  # CA  # AU  # JP,kaggle_nlp_disaster_tweets
KG_10315,Abe ' s government made clear that grenades were not  ' weapon .  ',kaggle_nlp_disaster_tweets
KG_10318,Even if u have your weapon and your badge we gonna put them choppas on your ass ?,kaggle_nlp_disaster_tweets
KG_10330,That day remember the nuclear weapon power . Hiroshima 70th,kaggle_nlp_disaster_tweets
KG_10331,03 / 08 / 11 :  Police stop a 41 - year - old in the Bronx citing  ' casing a victim or location .  '  No weapon is found .,kaggle_nlp_disaster_tweets
KG_10332,"Lol
Look how tough some people talk that live in some of the most gang infested cities in America
Your mouth is not a weapon
You fucking wimp",kaggle_nlp_disaster_tweets
KG_10334,Iranian warship points weapon at American helicopter .,kaggle_nlp_disaster_tweets
KG_10337,Agreed there  -  especially on automatic weapons .  There is no legitimate reason for needing one  @ Argus_99  @ HeidiA1438,kaggle_nlp_disaster_tweets
KG_10339,I am sorry but if you have to resort to weapons to settle something you are a pussy win or lose take your shit like a man  &  leave it at that,kaggle_nlp_disaster_tweets
KG_10340,Incredulous at continued outcry of welfare being a waste of taxpayers money but never similar objection to å£100bn on nuclear weapons,kaggle_nlp_disaster_tweets
KG_10341,Since the chemical - weapons  ' red line '  warning on 20 August 2012 LCC have confirmed that at least 96355 people have been killed in  # Syria .,kaggle_nlp_disaster_tweets
KG_10344,Friendly reminder that the only country to ever use nuclear weapons is the U . S .  And it was against civilians .,kaggle_nlp_disaster_tweets
KG_10349,Hiroshima and Nagasaki I remember all those killed in alleged US war crimes using nuclear weapons   # USWarCrimes,kaggle_nlp_disaster_tweets
KG_10355,@ NRO Except when ordered not to carry unauthorized weapons while on duty or in military uniforms .  THATS THE RULE FOOL,kaggle_nlp_disaster_tweets
KG_10358,Ukraine argues for US weapons during Pelosi ' s visit to Kiev,kaggle_nlp_disaster_tweets
KG_10365,@ eyecuts  @ Erasuterism I love 96 Gal Deco to death even if it is a bit trickier to be great with .  Glad more weapons are getting Splash Wall,kaggle_nlp_disaster_tweets
KG_10366,# Battlefield 1942 forgotten hope secret weapons,kaggle_nlp_disaster_tweets
KG_10367,WWII Memories Plus Lessons of Hiroshima We Still Need Nuclear Weapons   # denver  # billings  # Rapid City  # seattle  # cheyenne,kaggle_nlp_disaster_tweets
KG_10371,PM Abe pledged to make every effort to seek a world without nuclear weapons .,kaggle_nlp_disaster_tweets
KG_10374,I will adamantly opposed to nuclear weapons .,kaggle_nlp_disaster_tweets
KG_10382,Navy :  No charges against officer for weapons violations in Chattanooga attack,kaggle_nlp_disaster_tweets
KG_10383,' The Reagan Administration had arranged for Israeli weapons to be sent to the Guatemalan Army,kaggle_nlp_disaster_tweets
KG_10384,In memory of the victims of Hiroshima and Nagasaki .  Never again !  Ban nuclear weapons !   :,kaggle_nlp_disaster_tweets
KG_10390,A quarter whirlwind .  They do not see it coming .,kaggle_nlp_disaster_tweets
KG_10394,Weather forecast for Thailand  A Whirlwind is coming  . 2 september,kaggle_nlp_disaster_tweets
KG_10396,"life can wild when .  
you are caught in a whirlwind  ?",kaggle_nlp_disaster_tweets
KG_10406,Back from Seattle Tacoma and Portland .  Whirlwind !,kaggle_nlp_disaster_tweets
KG_10409,I moved to England five years ago today .  What a whirlwind of time it has been !,kaggle_nlp_disaster_tweets
KG_10410,Whirlwind Medusa Audio Snake :  16 microphone inputs 0 returns 150 ft,kaggle_nlp_disaster_tweets
KG_10412,@ byuwnbeki The sad eyes and tacit stories in your heart that night in which the whirlwind was raging,kaggle_nlp_disaster_tweets
KG_10414,Whirlwind that has lasted for more than an hour and still strong .  A standstill in parts of middle east .,kaggle_nlp_disaster_tweets
KG_10418,Two hours to get to a client meeting .  Whirlwind of emotions with this  # tube strike,kaggle_nlp_disaster_tweets
KG_10420,Feel like I have got no control of anything that goes on in my life at the minute .   # whirlwind  # drained,kaggle_nlp_disaster_tweets
KG_10421,Richard returns after whirlwind few days   # MLB,kaggle_nlp_disaster_tweets
KG_10426,@ ckosova Read Whirlwind about this subject amongst others .  The bomb saved millions of lives yes that is true .,kaggle_nlp_disaster_tweets
KG_10433,This past week has been an absolute whirlwind .  Athens bound,kaggle_nlp_disaster_tweets
KG_10434,WIN :  Lisowski whitewashes the Whirlwind 5 - 0 in round 2 of Shanghai Masters Quals !   |     # snooker,kaggle_nlp_disaster_tweets
KG_10436,As wild fires blacken northern California parched Harris County becomes tinder box .,kaggle_nlp_disaster_tweets
KG_10439,Collection of Articals and Video of West Coast Wild Fires by  @ ABC,kaggle_nlp_disaster_tweets
KG_10441,My brother - n - law riooooos got the call to head up north and fight the wild fires .  Dudes a beast at,kaggle_nlp_disaster_tweets
KG_10443,Several wild fires have burned a lot of land in California .  Here is one of the larger fires .,kaggle_nlp_disaster_tweets
KG_10444,Map shows where all of California ' s wild # fires are burning :  This map created by CAL FIRE,kaggle_nlp_disaster_tweets
KG_10445,Some great footage of STRONG work from San Bernardino County Fire who is also working the wild fires right now .,kaggle_nlp_disaster_tweets
KG_10446,God forbid this is true  # California has enough problems with severe  # drought  &   # wild fires .    # Nuclear Power  # SanOnofre,kaggle_nlp_disaster_tweets
KG_10448,Firefighters Headed To California To Fight Wild Fires,kaggle_nlp_disaster_tweets
KG_10449,# FOXDebateQuestions :   To what degree has Obama ' s efforts to institute Sharia Law exacerbated the California wild fires ?,kaggle_nlp_disaster_tweets
KG_10450,PRAYERS FOR MY COUSIN !  He is in California helping with the wild fires .,kaggle_nlp_disaster_tweets
KG_10451,Catastrophic wild fires threatening U . S .  Mid west  &  Republicans fighting new climate change rules I guess this is the ultimate in Darwinism,kaggle_nlp_disaster_tweets
KG_10455,@ Jennife29916207 I was thinking about you today when I was reading about the wild fires,kaggle_nlp_disaster_tweets
KG_10456,@ cnni  @ PrisonPlanet Climate Change CNN weather  ' specialist '  warning : wild fires rain flooding noting about the sun ?,kaggle_nlp_disaster_tweets
KG_10457,@ SenFeinstein   Thanks Sen .  Feinstein now hurry home because California is a huge uncontrolled wild fire .  Lightening is starting new fires .,kaggle_nlp_disaster_tweets
KG_10458,Wild fires freak me the fuck out .  Like hell no,kaggle_nlp_disaster_tweets
KG_10461,Man !  What I would give to be in CA right now to help with the wild fires .,kaggle_nlp_disaster_tweets
KG_10462,In Europe nature is kind while in US they have tornados hurricanes wild fires earthquakes flash floods mega snow droughts .,kaggle_nlp_disaster_tweets
KG_10466,Firefighters from Connecticut are headed to California to fight wild fires,kaggle_nlp_disaster_tweets
KG_10467,These wild fires out west are crazy .,kaggle_nlp_disaster_tweets
KG_10468,DEEP crew to help with California wild fires  via  @ thedayct,kaggle_nlp_disaster_tweets
KG_10470,@ Aria Ahrary  @ TheTawniest The out of control wild fires in California even in the Northern part of the state .  Very troubling .,kaggle_nlp_disaster_tweets
KG_10471,Full Episode :   WN 08 / 02 / 15 :  California Wild Fires Force 12000 to Evacuate  # Worldnews,kaggle_nlp_disaster_tweets
KG_10473,@ randerson62 Watching news of wild fires and hope all is ok .,kaggle_nlp_disaster_tweets
KG_10479,@ EnzasBargains A5 Donated some fruit snacks  &  handi wipes to our fire fighters battling wild fires !   # ProfitToThePeople,kaggle_nlp_disaster_tweets
KG_10481,Wild land fires .  Here I come .   ?,kaggle_nlp_disaster_tweets
KG_10483,My heart goes out to all those effected by the wild fires in Cali ?,kaggle_nlp_disaster_tweets
KG_10484,Wild fires in California .  Must be Global Warming .  Cannot just be extreme heat combined with dry foliage ignited by some douchebag hiker .,kaggle_nlp_disaster_tweets
KG_10485,Does the  # FingerRockFire make you wonder  ' am I prepared for a wildfire '  .  Find out at   # Arizona Weather,kaggle_nlp_disaster_tweets
KG_10486,"kc5kH mhtw4fnet

Crews gaining on huge Northern California wildfire  -  CBS News",kaggle_nlp_disaster_tweets
KG_10487,Fire in Pisgah National Forest grows to 375 acres  -  WSOC Charlotte,kaggle_nlp_disaster_tweets
KG_10488,Route Complex AM Fire Update  ( Route Complex Wildfire )  :  FIRE UPDATE :  ROUTE COMPLEX Thursday Morning Aug .    # CAFire,kaggle_nlp_disaster_tweets
KG_10489,Parker Ridge Fact Sheet Aug 6 2015  ( Parker Ridge Wildfire )  :  Information Phone :  208 - 267 - 6773 Email :  pa .    # Idaho Fire,kaggle_nlp_disaster_tweets
KG_10492,' Some hearths they burn like a wildfire '   by Bees Knees,kaggle_nlp_disaster_tweets
KG_10498,Drones Under Fire :  Officials Offer  $ 75000 Reward Leading To Pilots Who Flew Over Wildfire   # photography  # arts,kaggle_nlp_disaster_tweets
KG_10499,Be ember aware !,kaggle_nlp_disaster_tweets
KG_10500,California wildfire destroys more homes but crews advance  Free tool online,kaggle_nlp_disaster_tweets
KG_10502,# Idaho Fire Parker Ridge Fact Sheet Aug 6 2015  ( Parker Ridge Wildfire )  :  Information Phone :  208 - 267 - 6773 Email :  pa .,kaggle_nlp_disaster_tweets
KG_10503,Is LA at Risk for a Giant Wildfire ?   -  Which Way L . A .  ?  on KCRW,kaggle_nlp_disaster_tweets
KG_10505,California is battling its scariest 2015 wildfire so far .,kaggle_nlp_disaster_tweets
KG_10506,Wildfire Burns On California U . s .  China Economic Net   :,kaggle_nlp_disaster_tweets
KG_10508,Dr .  Bengston on  # wildfire management :  numbers and size of fires areas affected and costs of fighting them all show upward trend .   # smem,kaggle_nlp_disaster_tweets
KG_10511,The Latest :  Washington  # Wildfire misses town ;  evacuations end  -  KHQ Right Now,kaggle_nlp_disaster_tweets
KG_10515,PHOTOS :  The Rocky Fire has grown into California ' s most destructive wildfire this year .,kaggle_nlp_disaster_tweets
KG_10516,Wildfire near Columbia River town is 50 percent contained   # FireNews  # WA,kaggle_nlp_disaster_tweets
KG_10517,!  Residents Return To Destroyed Homes As Washington Wildfire Burns on,kaggle_nlp_disaster_tweets
KG_10518,California is battling its scariest 2015 wildfire so far  -  the Rocky Fire,kaggle_nlp_disaster_tweets
KG_10519,Solitude Fire Update August 6 2015  ( Solitude Wildfire )  :  Summary :  This lightning - caused fire is being  .    # UTFire,kaggle_nlp_disaster_tweets
KG_10520,The Latest :  More homes razed by Northern California wildfire  -  LancasterOnline   # Lancaster,kaggle_nlp_disaster_tweets
KG_10521,Reuters Top News :  PHOTOS :  The Rocky Fire has grown into California ' s most  .   -    # News In Tweets,kaggle_nlp_disaster_tweets
KG_10522,This machine really captured my attention .   # helicopter  # firefighting  # wildfire  # oregon  # Eastern Oregon,kaggle_nlp_disaster_tweets
KG_10524,For those impacted by the  # CalWildfires here are some great recovery tips to help you in the aftermath,kaggle_nlp_disaster_tweets
KG_10525,# Idaho Fire Cherokee Road and Road 22  ( Three Sisters Wildfire )  :  There are two roads closed to the general public :   .,kaggle_nlp_disaster_tweets
KG_10527,Oregon ' s biggest wildfire slows growth  via  @ katunews,kaggle_nlp_disaster_tweets
KG_10529,Media Release  -  Firefighters Ask Hikers to Sign - in at Local Trailheads  ( Parker Ridge Wildfire )  :  Parker .    # Idaho Fire,kaggle_nlp_disaster_tweets
KG_10533,The Latest :   # Wildfire destroys more homes but crews advance  -  WQOW TV News 18,kaggle_nlp_disaster_tweets
KG_10534,# California  # wildfire destroys more homes but crews advance .,kaggle_nlp_disaster_tweets
KG_10536,Windstorm lastingness perquisite  -  acquiesce in a twister retreat :  ZiUW,kaggle_nlp_disaster_tweets
KG_10540,Reality Training :  Train falls off elevated tracks during windstorm   # Paramedic  # EMS,kaggle_nlp_disaster_tweets
KG_10543,IJ :  Texas Seeks Comment on Rules for Changes to Windstorm Insurer,kaggle_nlp_disaster_tweets
KG_10544,* looks outside at the windstorm *  niiiice,kaggle_nlp_disaster_tweets
KG_10545,Texas Seeks Comment on Rules for Changes to Windstorm Insurer,kaggle_nlp_disaster_tweets
KG_10550,NEMA Ekiti distributed relief materials to affected victims of Rain / Windstorm disaster at Ode - Ekiti in Gbonyin LGA .,kaggle_nlp_disaster_tweets
KG_10551,Reality Training :  Train falls off elevated tracks during windstorm,kaggle_nlp_disaster_tweets
KG_10552,# Insurance Texas Seeks Comment on Rules for Changes to Windstorm Insurer :  The Texas Department of Insurance is .,kaggle_nlp_disaster_tweets
KG_10555,Reality Training :  Train falls off elevated tracks during windstorm   # fire  # ems,kaggle_nlp_disaster_tweets
KG_10563,My precious olive tree lost this battle . another crazy windstorm in  # yyc !   @ weather network,kaggle_nlp_disaster_tweets
KG_10568,NW Michigan  # Wind Storm  ( Sheer )  Recovery Updates :  Leelanau  &  Grand Traverse  -  State of Emergency 2b extended   # BeSafe,kaggle_nlp_disaster_tweets
KG_10574,Damn . was wondering where my drone ended up after the freak windstorm .  ?,kaggle_nlp_disaster_tweets
KG_10575,@ blakeshelton DO NOT be a FART  ? in a WINDSTORM . FOLLOW ME ALREADY .  JEEZ .,kaggle_nlp_disaster_tweets
KG_10582,@ rangerkaitimay had major windstorm thunder and some rain down here near Jackson . calm now .,kaggle_nlp_disaster_tweets
KG_10583,TWIA board approves 5 percent rate hike :  The Texas Windstorm Insurance Association  ( TWIA )  Board of Directors v .,kaggle_nlp_disaster_tweets
KG_10585,Gunmen kill four in El Salvador bus attack :  Suspected Salvadoran gang members killed four people and wounded s .,kaggle_nlp_disaster_tweets
KG_10587,Police Officer Wounded Suspect Dead After Exchanging Shots,kaggle_nlp_disaster_tweets
KG_10590,Gunmen open fire on bus near El Salvador ' s capital killing 4 a week after gang attacks killed 8 bus drivers :   bit,kaggle_nlp_disaster_tweets
KG_10591,Officer Wounded Suspect Killed in Exchange of Gunfire :  Richmond police officer wounded suspect killed in exc .,kaggle_nlp_disaster_tweets
KG_10592,One man fatally shot another wounded on Vermont Street  # Buffalo  -,kaggle_nlp_disaster_tweets
KG_10593,Richmond police officer wounded suspect killed,kaggle_nlp_disaster_tweets
KG_10598,"Prince Phillip said of the numbers of those murdered by the British at Amritsar . 

Thats a bit exaggerated it must include the wounded .",kaggle_nlp_disaster_tweets
KG_10599,California cops have sketch of gunman who killed one wounded two deputies via the  @ Fox News app,kaggle_nlp_disaster_tweets
KG_10600,Police Officer Wounded Suspect Dead After Exchanging Shots :  Richmond police officer wounded suspect killed after exchange of gunfire,kaggle_nlp_disaster_tweets
KG_10601,Let us not forget our wounded female veterans .,kaggle_nlp_disaster_tweets
KG_10611,Police officer wounded suspect dead after exchanging shots :  RICHMOND Va .   ( AP )   A Richmond police officer wa .,kaggle_nlp_disaster_tweets
KG_10612,Police Officer Wounded Suspect Dead After Exchanging Shots  -,kaggle_nlp_disaster_tweets
KG_10613,Police Officer Wounded Suspect Dead After Exchanging Shots   # ABC  # News  # AN247,kaggle_nlp_disaster_tweets
KG_10615,@ wocowae Police Officer Wounded Suspect Dead After Exchanging Shots  ushed,kaggle_nlp_disaster_tweets
KG_10616,The Police Chief assured the crowd that this officer - related shooting would be investigated :   .,kaggle_nlp_disaster_tweets
KG_10620,Police Officer Wounded Suspect Dead After Exchanging Shots :  Richmond police officer wounded suspect killed a .,kaggle_nlp_disaster_tweets
KG_10625,Officer wounded suspect killed in exchange of gunfire :  Richmond police say an officer has been wounded and a  .,kaggle_nlp_disaster_tweets
KG_10626,.  @ wwp is serving more than 75k veterans .  52k OIF / OEF vets have physical wounds ;  many more have invisible ones   # client,kaggle_nlp_disaster_tweets
KG_10627,[  # Latest news ]  Police officer wounded suspect dead after exchanging shots :  RICHMOND Va .   ( AP )   A Richmond pol .,kaggle_nlp_disaster_tweets
KG_10628,ABC News :  Police Officer Wounded Suspect Dead After Exchanging Shots .  More  # news  -,kaggle_nlp_disaster_tweets
KG_10631,@ wocowae Officer Wounded Suspect Killed in Exchange of Gunfire  ushed,kaggle_nlp_disaster_tweets
KG_10636,Gunshot wound  # 9 is in the bicep .  The only one of the ten wounds that is not in the chest / torso area .    # Kerrick Trial  # Jonathan Ferrell,kaggle_nlp_disaster_tweets
KG_10641,Read ~ THE unhealed WOUNDS OF AN UNENDING CONFLICT  # Kashmir  # Pakistan  # India   # End Occupation  # End Conflict  # Free Kashmir,kaggle_nlp_disaster_tweets
KG_10647,Acc to the study conducted by SKIMS morethan 50 %  population in  # Kashmir suffer psychiatric disorders   # Kashmir Conflict,kaggle_nlp_disaster_tweets
KG_10657,Dr .  Owen says four of Ferrell ' s ten bullet wounds were  ' rapidly lethal '   # Kerrick Trial  # TWCNewsCLT,kaggle_nlp_disaster_tweets
KG_10667,Woodlawn Shooting Wounds 79 - Year - Old Woman Teen  -  Woodlawn  -   Chicago,kaggle_nlp_disaster_tweets
KG_10676,@ IcyMagistrate her upper arm those  / friggin /  icicle projectiles and leg from various other wounds the girl looks like a miniature more,kaggle_nlp_disaster_tweets
KG_10677,Explosion in Gaza Strip kills four wounds 30 ;  cause unknown  via  @ Reuters,kaggle_nlp_disaster_tweets
KG_10680,"Crawling in my skin
These wounds they will not hea",kaggle_nlp_disaster_tweets
KG_10681,Driver rams car into Israeli soldiers wounds 3 :  military :  A driver rammed a car into a group of Israeli soldi .,kaggle_nlp_disaster_tweets
KG_10682,Sorrower   -  Fresh Wounds Over Old Scars   ( 2015 Death Metal ),kaggle_nlp_disaster_tweets
KG_10686,@ Captainn_Morgan car wreck  ?,kaggle_nlp_disaster_tweets
KG_10692,Watertown Gazette owner charged in wreck,kaggle_nlp_disaster_tweets
KG_10702,the sunset boys wreck my bed   original 1979 usa gimp label  vinyl 7 '  45  newave,kaggle_nlp_disaster_tweets
KG_10711,@ George Foster and The Wreck of the Edmund Fitzgerald,kaggle_nlp_disaster_tweets
KG_10715,Wreck with road blockage Woodward Avenue Northbound at Davison in M . S .   # shoals traffic,kaggle_nlp_disaster_tweets
KG_10722,Greer man dies in wreck,kaggle_nlp_disaster_tweets
KG_10729,Omg if Cain dies i will be an emotional wreck  # emmerdale,kaggle_nlp_disaster_tweets
KG_10735,Wreckage  ' Conclusively Confirmed '  as From Malaysia Airlines Flight 370 :  Malaysia PM :  Investigators and the families of those who were .,kaggle_nlp_disaster_tweets
KG_10736,Wreckage Confirmed As Part of Missing Malaysia Airlines Flight Malaysia Airlines Flight 370   ( VICE News ),kaggle_nlp_disaster_tweets
KG_10739,Malaysia Airlines Flight 370 victim ' s family furious the media was told about wreckage confirmation first,kaggle_nlp_disaster_tweets
KG_10743,# Australia  # News  ;  RT janeenorman :   ' High probability '  aircraft wreckage is from  # Malaysia Airlines Flight 370 according to Deputy Prime,kaggle_nlp_disaster_tweets
KG_10746,KUALA LUMPUR  ( Reuters )   -  A piece of a wing that washed up on an Indian Ocean island beach last week was part of the wreckage of Malaysian A,kaggle_nlp_disaster_tweets
KG_10747,# science Now that a piece of wreckage from flight Malaysia Airlines Flight 370 has been confirmed on Reunion Island is it possible t .,kaggle_nlp_disaster_tweets
KG_10748,Malaysia PM confirms wreckage belongs to Malaysia Airlines Flight 370,kaggle_nlp_disaster_tweets
KG_10751,CIA plot !   * rolling eyes *  RT  @ ajabrown :  Chinese relatives of Malaysia Airlines Flight 370 victims say reunion island wreckage was planted,kaggle_nlp_disaster_tweets
KG_10754,Wreckage  ' Conclusively Confirmed '  as From Malaysia Airlines Flight 370 :  Malaysia PM,kaggle_nlp_disaster_tweets
KG_10755,"Related News :  

Plane Wreckage Found Is Part Of Missing Malaysia Airlines Flight 370 Malaysia Prime Minister ? Says
  -  World  -  BuzzFeed  |",kaggle_nlp_disaster_tweets
KG_10759,Malaysian prime minister says Reunion Island wreckage is from Malaysia Airlines Flight 370 :   via  @ slate,kaggle_nlp_disaster_tweets
KG_10763,The first piece of wreckage from the first - ever lost Boeing 777 which vanished back in early March along with the 239 people on board has,kaggle_nlp_disaster_tweets
KG_10768,"Wreckage is Malaysia Airlines Flight 370 :  Najib
  # Malaysia Airlines Flight 370  # najibrazak  # Malaysia Airlines",kaggle_nlp_disaster_tweets
KG_10769,Check out  ' Malaysia Confirms Plane Wreckage Is From Flight Malaysia Airlines Flight 370 '  at,kaggle_nlp_disaster_tweets
KG_10774,Wreckage  ' conclusively confirmed '  as from Malaysia Airlines Flight 370 :  Malaysia PM   |,kaggle_nlp_disaster_tweets
KG_10783,Wreckage  ' conclusively confirmed '  as from missing flight Malaysia Airlines Flight 370 via  @ Yahoo News Digest,kaggle_nlp_disaster_tweets
KG_10795,Israel wrecked my home .  Now it wants my land .,kaggle_nlp_disaster_tweets
KG_10808,300K exotic car wrecked in train accident,kaggle_nlp_disaster_tweets
KG_10823,@ Kirafrog  @ mount_wario Did you get wrecked again ?,kaggle_nlp_disaster_tweets
KG_10839,Calgary Police Flood Road Closures in Calgary .,kaggle_nlp_disaster_tweets
KG_10840,# Sismo Detected  # Japan 15 : 41 : 07 Seismic intensity 0 Iwate Miyagi JST  #  ?,kaggle_nlp_disaster_tweets
KG_10842,BREAKING :   # ISIS claims responsibility for mosque attack in Saudi Arabia that killed 13,kaggle_nlp_disaster_tweets
KG_10843,Omg earthquake,kaggle_nlp_disaster_tweets
KG_10844,SEVERE WEATHER BULLETIN No .  5 FOR :  TYPHOON  # Typhoon Hanna  ( Soudelor )  TROPICAL CYCLONE :  WARNING ISSUED AT 5 : 00 PM 06 .,kaggle_nlp_disaster_tweets
KG_10846,Heat wave warning aa ?  Ayyo dei .  Just when I plan to visit friends after a year .,kaggle_nlp_disaster_tweets
KG_10847,An IS group suicide bomber detonated an explosives - packed vest in a mosque inside a Saudi special forces headquarters killing 15 people .,kaggle_nlp_disaster_tweets
KG_10849,A gas thing just exploded and I heard screams and now the whole street smells of gas  .   ?,kaggle_nlp_disaster_tweets
KG_10850,NWS :  Flash Flood Warning Continued for Shelby County until 08 : 00 PM Wednesday .    # Tennessee Weather,kaggle_nlp_disaster_tweets
KG_10851,RT  @ Living Safely :   # NWS issues Severe  # Thunderstorm Warnings for parts of  # AR  # NC  # OK .  Expect more trauma cases :,kaggle_nlp_disaster_tweets
KG_10853,Father - of - three Lost Control of Car After Overtaking and Collided  # Bath and North East Somerset,kaggle_nlp_disaster_tweets
KG_10854,1 . 3  # Earthquake in 9Km Ssw Of Anza California  # iPhone users download the Earthquake app for more information,kaggle_nlp_disaster_tweets
KG_10859,# breaking  # LA Refugio oil spill may have been costlier bigger than projected,kaggle_nlp_disaster_tweets
KG_10860,a siren just went off and it was not the Forney tornado warning  ?,kaggle_nlp_disaster_tweets
KG_10862,Officials say a quarantine is in place at an Alabama home over a possible Ebola case after developing symptoms .,kaggle_nlp_disaster_tweets
KG_10864,on the flip side I am at Walmart and there is a bomb and everyone had to evacuate so stay tuned if I blow up or not,kaggle_nlp_disaster_tweets
KG_10866,Suicide bomber kills 15 in Saudi security site mosque  -  Reuters via World  -  Google News  -  Wall  .,kaggle_nlp_disaster_tweets
HI_0001,Bahut tez barish ho rahi hai Yamuna bridge ke paas paani aa gaya help chahiye,manual_hinglish
HI_0002,Flood in Sector 12 Noida please send boats urgently log fase mein atke hain,manual_hinglish
HI_0003,SOS Gandhi Nagar mein ghar ke andar paani aa gaya rescue team bhejo please,manual_hinglish
HI_0004,Yamuna overflowing near Kalindi Kunj need immediate evacuation DelhiFloods,manual_hinglish
HI_0005,Chambal river flooding Morena district villages near Joura cut off need army,manual_hinglish
HI_0006,Barish ne rasta band kar diya ambulance nahi aa sakti medical help needed Kota,manual_hinglish
HI_0007,Brahmaputra flood in Majuli island 5000 people stranded boats aur food chahiye,manual_hinglish
HI_0008,Rescue needed at Vaishali Nagar Guwahati houses submerged AssamFloods,manual_hinglish
HI_0009,Need helicopter rescue from Bageshwar Uttarakhand road completely washed away,manual_hinglish
HI_0010,Srinagar Dal Lake area flooding send NDRF team to Hazratbal immediately,manual_hinglish
HI_0011,Bhookamp aa gaya Chamoli mein buildings gir gayi NDRF ko bulao jaldi,manual_hinglish
HI_0012,Tremors felt in Delhi NCR Noida Sector 62 mein cracks in buildings evacuating,manual_hinglish
HI_0013,People trapped under rubble in Joshimath after quake heavy equipment needed now,manual_hinglish
HI_0014,Factory mein aag lag gayi Okhla Industrial Area Phase 2 fire brigade call karo,manual_hinglish
HI_0015,Building fire in Dharavi slum people stuck on upper floors ladder truck needed,manual_hinglish
HI_0016,Massive fire in Anaj Mandi Delhi multiple casualties blood O+ urgently needed,manual_hinglish
HI_0017,Forest fire spreading near Nainital villages in Ramgarh at risk evacuation needed,manual_hinglish
HI_0018,Cyclone Biparjoy approaching Kutch coast fishing villages need immediate evacuation,manual_hinglish
HI_0019,Very heavy rain in Chennai Velachery area waterlogged need boats urgently,manual_hinglish
HI_0020,Storm in Odisha coast Puri district fishermen stuck at sea coast guard needed,manual_hinglish
HI_0021,Road accident on NH-8 near Gurgaon toll 3 injured need ambulance urgently,manual_hinglish
HI_0022,Child fell in borewell near Hisar Haryana NDRF team needed immediately,manual_hinglish
HI_0023,Landslide blocked NH-44 near Ramban JK 200 vehicles stranded need bulldozers,manual_hinglish
HI_0024,Multiple people injured after wall collapse in Bhiwandi send rescue immediately,manual_hinglish
HI_0025,Train derailment near Balasore Odisha many casualties blood donors needed urgently,manual_hinglish
HI_0026,Heatwave in Rajasthan 48 deg C in Churu elderly people collapsing medical camps,manual_hinglish
HI_0027,Gas leak in BHEL plant Haridwar workers evacuating fire brigade medical on way,manual_hinglish
HI_0028,Missing child 8 yr old lost near Kumbh Mela Prayagraj police help needed,manual_hinglish
HI_0029,Jal bhar gaya basement mein RK Puram sector 4 pump chalao please urgently,manual_hinglish
HI_0030,Nainital mein landslide road band water supply cut rescue teams bhejo immediately,manual_hinglish
HI_0031,Bus accident near Manali hill road 15 injured hospital 50km away send helicopter,manual_hinglish
HI_0032,Gas explosion near Sector 5 Noida industrial area injured people need ambulance,manual_hinglish
HI_0033,Earthquake in Manipur buildings collapsed near Imphal West send rescue teams,manual_hinglish
HI_0034,Cyclone warning coastal villages near Kakinada not yet evacuated need buses now,manual_hinglish
HI_0035,Stampede at Kumbh Mela Prayagraj many injured near Sangam ghat send medical,manual_hinglish
