avg_sentence_length,num_sentences,num_words,parse_tree_depth,type_token_ratio,passive_ratio,hedge_count,hedge_rate,discourse_count,discourse_rate,avg_word_length,punct_ratio,pct_noun,pct_verb,pct_adj,pct_adv,pct_pron,response_id,prompt_id,source_type,response_text
6.5,2,13,4.5,0.9230769230769231,0.0,0,0.0,0,0.0,4.3076923076923075,0.13333333333333333,0.15384615384615385,0.15384615384615385,0.15384615384615385,0.23076923076923078,0.15384615384615385,H_0001,P01,human,honestly i just make tiny goals. works better than fancy plans for me.
5.0,3,15,3.0,1.0,0.3333333333333333,0,0.0,1,0.06666666666666667,4.133333333333334,0.16666666666666666,0.13333333333333333,0.26666666666666666,0.06666666666666667,0.13333333333333333,0.06666666666666667,H_0002,P01,human,tbh sleep properly. also talk to a friend when stuck. not perfect but it helps.
5.0,3,15,3.3333333333333335,1.0,0.0,0,0.0,0,0.0,5.066666666666666,0.16666666666666666,0.13333333333333333,0.26666666666666666,0.06666666666666667,0.13333333333333333,0.13333333333333333,H_0003,P01,human,i usually keep a messy notebook. sometimes reward myself after finishing. depends on the day.
6.0,2,12,3.0,1.0,0.0,0,0.0,0,0.0,4.25,0.2,0.16666666666666666,0.16666666666666666,0.16666666666666666,0.0,0.16666666666666666,H_0004,P01,human,my tip is simple: study in short bursts. dont overcomplicate it.
6.5,2,13,4.5,0.9230769230769231,0.0,0,0.0,0,0.0,4.3076923076923075,0.13333333333333333,0.15384615384615385,0.15384615384615385,0.15384615384615385,0.23076923076923078,0.15384615384615385,H_0005,P02,human,honestly i just make tiny goals. works better than fancy plans for me.
5.0,3,15,3.0,1.0,0.3333333333333333,0,0.0,1,0.06666666666666667,4.133333333333334,0.16666666666666666,0.13333333333333333,0.26666666666666666,0.06666666666666667,0.13333333333333333,0.06666666666666667,H_0006,P02,human,tbh sleep properly. also talk to a friend when stuck. not perfect but it helps.
5.0,3,15,3.3333333333333335,1.0,0.0,0,0.0,0,0.0,5.066666666666666,0.16666666666666666,0.13333333333333333,0.26666666666666666,0.06666666666666667,0.13333333333333333,0.13333333333333333,H_0007,P02,human,i usually keep a messy notebook. sometimes reward myself after finishing. depends on the day.
6.0,2,12,3.0,1.0,0.0,0,0.0,0,0.0,4.25,0.2,0.16666666666666666,0.16666666666666666,0.16666666666666666,0.0,0.16666666666666666,H_0008,P02,human,my tip is simple: study in short bursts. dont overcomplicate it.
6.5,2,13,4.5,0.9230769230769231,0.0,0,0.0,0,0.0,4.3076923076923075,0.13333333333333333,0.15384615384615385,0.15384615384615385,0.15384615384615385,0.23076923076923078,0.15384615384615385,H_0009,P03,human,honestly i just make tiny goals. works better than fancy plans for me.
5.0,3,15,3.0,1.0,0.3333333333333333,0,0.0,1,0.06666666666666667,4.133333333333334,0.16666666666666666,0.13333333333333333,0.26666666666666666,0.06666666666666667,0.13333333333333333,0.06666666666666667,H_0010,P03,human,tbh sleep properly. also talk to a friend when stuck. not perfect but it helps.
5.0,3,15,3.3333333333333335,1.0,0.0,0,0.0,0,0.0,5.066666666666666,0.16666666666666666,0.13333333333333333,0.26666666666666666,0.06666666666666667,0.13333333333333333,0.13333333333333333,H_0011,P03,human,i usually keep a messy notebook. sometimes reward myself after finishing. depends on the day.
6.0,2,12,3.0,1.0,0.0,0,0.0,0,0.0,4.25,0.2,0.16666666666666666,0.16666666666666666,0.16666666666666666,0.0,0.16666666666666666,H_0012,P03,human,my tip is simple: study in short bursts. dont overcomplicate it.
6.5,2,13,4.5,0.9230769230769231,0.0,0,0.0,0,0.0,4.3076923076923075,0.13333333333333333,0.15384615384615385,0.15384615384615385,0.15384615384615385,0.23076923076923078,0.15384615384615385,H_0013,P04,human,honestly i just make tiny goals. works better than fancy plans for me.
5.0,3,15,3.0,1.0,0.3333333333333333,0,0.0,1,0.06666666666666667,4.133333333333334,0.16666666666666666,0.13333333333333333,0.26666666666666666,0.06666666666666667,0.13333333333333333,0.06666666666666667,H_0014,P04,human,tbh sleep properly. also talk to a friend when stuck. not perfect but it helps.
5.0,3,15,3.3333333333333335,1.0,0.0,0,0.0,0,0.0,5.066666666666666,0.16666666666666666,0.13333333333333333,0.26666666666666666,0.06666666666666667,0.13333333333333333,0.13333333333333333,H_0015,P04,human,i usually keep a messy notebook. sometimes reward myself after finishing. depends on the day.
6.0,2,12,3.0,1.0,0.0,0,0.0,0,0.0,4.25,0.2,0.16666666666666666,0.16666666666666666,0.16666666666666666,0.0,0.16666666666666666,H_0016,P04,human,my tip is simple: study in short bursts. dont overcomplicate it.
6.5,2,13,4.5,0.9230769230769231,0.0,0,0.0,0,0.0,4.3076923076923075,0.13333333333333333,0.15384615384615385,0.15384615384615385,0.15384615384615385,0.23076923076923078,0.15384615384615385,H_0017,P05,human,honestly i just make tiny goals. works better than fancy plans for me.
5.0,3,15,3.0,1.0,0.3333333333333333,0,0.0,1,0.06666666666666667,4.133333333333334,0.16666666666666666,0.13333333333333333,0.26666666666666666,0.06666666666666667,0.13333333333333333,0.06666666666666667,H_0018,P05,human,tbh sleep properly. also talk to a friend when stuck. not perfect but it helps.
5.0,3,15,3.3333333333333335,1.0,0.0,0,0.0,0,0.0,5.066666666666666,0.16666666666666666,0.13333333333333333,0.26666666666666666,0.06666666666666667,0.13333333333333333,0.13333333333333333,H_0019,P05,human,i usually keep a messy notebook. sometimes reward myself after finishing. depends on the day.
6.0,2,12,3.0,1.0,0.0,0,0.0,0,0.0,4.25,0.2,0.16666666666666666,0.16666666666666666,0.16666666666666666,0.0,0.16666666666666666,H_0020,P05,human,my tip is simple: study in short bursts. dont overcomplicate it.
6.5,2,13,4.5,0.9230769230769231,0.0,0,0.0,0,0.0,4.3076923076923075,0.13333333333333333,0.15384615384615385,0.15384615384615385,0.15384615384615385,0.23076923076923078,0.15384615384615385,H_0021,P06,human,honestly i just make tiny goals. works better than fancy plans for me.
5.0,3,15,3.0,1.0,0.3333333333333333,0,0.0,1,0.06666666666666667,4.133333333333334,0.16666666666666666,0.13333333333333333,0.26666666666666666,0.06666666666666667,0.13333333333333333,0.06666666666666667,H_0022,P06,human,tbh sleep properly. also talk to a friend when stuck. not perfect but it helps.
5.0,3,15,3.3333333333333335,1.0,0.0,0,0.0,0,0.0,5.066666666666666,0.16666666666666666,0.13333333333333333,0.26666666666666666,0.06666666666666667,0.13333333333333333,0.13333333333333333,H_0023,P06,human,i usually keep a messy notebook. sometimes reward myself after finishing. depends on the day.
6.0,2,12,3.0,1.0,0.0,0,0.0,0,0.0,4.25,0.2,0.16666666666666666,0.16666666666666666,0.16666666666666666,0.0,0.16666666666666666,H_0024,P06,human,my tip is simple: study in short bursts. dont overcomplicate it.
6.5,2,13,4.5,0.9230769230769231,0.0,0,0.0,0,0.0,4.3076923076923075,0.13333333333333333,0.15384615384615385,0.15384615384615385,0.15384615384615385,0.23076923076923078,0.15384615384615385,H_0025,P07,human,honestly i just make tiny goals. works better than fancy plans for me.
5.0,3,15,3.0,1.0,0.3333333333333333,0,0.0,1,0.06666666666666667,4.133333333333334,0.16666666666666666,0.13333333333333333,0.26666666666666666,0.06666666666666667,0.13333333333333333,0.06666666666666667,H_0026,P07,human,tbh sleep properly. also talk to a friend when stuck. not perfect but it helps.
5.0,3,15,3.3333333333333335,1.0,0.0,0,0.0,0,0.0,5.066666666666666,0.16666666666666666,0.13333333333333333,0.26666666666666666,0.06666666666666667,0.13333333333333333,0.13333333333333333,H_0027,P07,human,i usually keep a messy notebook. sometimes reward myself after finishing. depends on the day.
6.0,2,12,3.0,1.0,0.0,0,0.0,0,0.0,4.25,0.2,0.16666666666666666,0.16666666666666666,0.16666666666666666,0.0,0.16666666666666666,H_0028,P07,human,my tip is simple: study in short bursts. dont overcomplicate it.
6.5,2,13,4.5,0.9230769230769231,0.0,0,0.0,0,0.0,4.3076923076923075,0.13333333333333333,0.15384615384615385,0.15384615384615385,0.15384615384615385,0.23076923076923078,0.15384615384615385,H_0029,P08,human,honestly i just make tiny goals. works better than fancy plans for me.
5.0,3,15,3.0,1.0,0.3333333333333333,0,0.0,1,0.06666666666666667,4.133333333333334,0.16666666666666666,0.13333333333333333,0.26666666666666666,0.06666666666666667,0.13333333333333333,0.06666666666666667,H_0030,P08,human,tbh sleep properly. also talk to a friend when stuck. not perfect but it helps.
5.0,3,15,3.3333333333333335,1.0,0.0,0,0.0,0,0.0,5.066666666666666,0.16666666666666666,0.13333333333333333,0.26666666666666666,0.06666666666666667,0.13333333333333333,0.13333333333333333,H_0031,P08,human,i usually keep a messy notebook. sometimes reward myself after finishing. depends on the day.
6.0,2,12,3.0,1.0,0.0,0,0.0,0,0.0,4.25,0.2,0.16666666666666666,0.16666666666666666,0.16666666666666666,0.0,0.16666666666666666,H_0032,P08,human,my tip is simple: study in short bursts. dont overcomplicate it.
6.5,2,13,4.5,0.9230769230769231,0.0,0,0.0,0,0.0,4.3076923076923075,0.13333333333333333,0.15384615384615385,0.15384615384615385,0.15384615384615385,0.23076923076923078,0.15384615384615385,H_0033,P09,human,honestly i just make tiny goals. works better than fancy plans for me.
5.0,3,15,3.0,1.0,0.3333333333333333,0,0.0,1,0.06666666666666667,4.133333333333334,0.16666666666666666,0.13333333333333333,0.26666666666666666,0.06666666666666667,0.13333333333333333,0.06666666666666667,H_0034,P09,human,tbh sleep properly. also talk to a friend when stuck. not perfect but it helps.
5.0,3,15,3.3333333333333335,1.0,0.0,0,0.0,0,0.0,5.066666666666666,0.16666666666666666,0.13333333333333333,0.26666666666666666,0.06666666666666667,0.13333333333333333,0.13333333333333333,H_0035,P09,human,i usually keep a messy notebook. sometimes reward myself after finishing. depends on the day.
6.0,2,12,3.0,1.0,0.0,0,0.0,0,0.0,4.25,0.2,0.16666666666666666,0.16666666666666666,0.16666666666666666,0.0,0.16666666666666666,H_0036,P09,human,my tip is simple: study in short bursts. dont overcomplicate it.
6.5,2,13,4.5,0.9230769230769231,0.0,0,0.0,0,0.0,4.3076923076923075,0.13333333333333333,0.15384615384615385,0.15384615384615385,0.15384615384615385,0.23076923076923078,0.15384615384615385,H_0037,P10,human,honestly i just make tiny goals. works better than fancy plans for me.
5.0,3,15,3.0,1.0,0.3333333333333333,0,0.0,1,0.06666666666666667,4.133333333333334,0.16666666666666666,0.13333333333333333,0.26666666666666666,0.06666666666666667,0.13333333333333333,0.06666666666666667,H_0038,P10,human,tbh sleep properly. also talk to a friend when stuck. not perfect but it helps.
5.0,3,15,3.3333333333333335,1.0,0.0,0,0.0,0,0.0,5.066666666666666,0.16666666666666666,0.13333333333333333,0.26666666666666666,0.06666666666666667,0.13333333333333333,0.13333333333333333,H_0039,P10,human,i usually keep a messy notebook. sometimes reward myself after finishing. depends on the day.
6.0,2,12,3.0,1.0,0.0,0,0.0,0,0.0,4.25,0.2,0.16666666666666666,0.16666666666666666,0.16666666666666666,0.0,0.16666666666666666,H_0040,P10,human,my tip is simple: study in short bursts. dont overcomplicate it.
7.5,2,15,3.5,0.8666666666666667,0.0,0,0.0,0,0.0,4.4,0.11764705882352941,0.13333333333333333,0.13333333333333333,0.06666666666666667,0.2,0.2,H_0041,P11,human,ok so basically it is basically a process that repeats. thats the simple version.
7.5,2,15,4.0,1.0,0.0,0,0.0,1,0.06666666666666667,5.0,0.11764705882352941,0.2,0.2,0.13333333333333333,0.06666666666666667,0.2,H_0042,P11,human,from what i remember there are a few main parts. also people overcomplicate the definition.
7.0,2,14,3.0,0.9285714285714286,0.0,0,0.0,0,0.0,4.571428571428571,0.17647058823529413,0.35714285714285715,0.14285714285714285,0.21428571428571427,0.07142857142857142,0.0,H_0043,P11,human,short answer: the simple idea is cause and effect. longer answer gets messy lol.
6.0,2,12,4.0,1.0,0.0,1,0.08333333333333333,0,0.0,4.166666666666667,0.2,0.16666666666666666,0.16666666666666666,0.08333333333333333,0.08333333333333333,0.16666666666666666,H_0044,P11,human,i think it works through steps. not 100% sure on details though.
7.5,2,15,3.5,0.8666666666666667,0.0,0,0.0,0,0.0,4.4,0.11764705882352941,0.13333333333333333,0.13333333333333333,0.06666666666666667,0.2,0.2,H_0045,P12,human,ok so basically it is basically a process that repeats. thats the simple version.
7.5,2,15,4.0,1.0,0.0,0,0.0,1,0.06666666666666667,5.0,0.11764705882352941,0.2,0.2,0.13333333333333333,0.06666666666666667,0.2,H_0046,P12,human,from what i remember there are a few main parts. also people overcomplicate the definition.
7.0,2,14,3.0,0.9285714285714286,0.0,0,0.0,0,0.0,4.571428571428571,0.17647058823529413,0.35714285714285715,0.14285714285714285,0.21428571428571427,0.07142857142857142,0.0,H_0047,P12,human,short answer: the simple idea is cause and effect. longer answer gets messy lol.
6.0,2,12,4.0,1.0,0.0,1,0.08333333333333333,0,0.0,4.166666666666667,0.2,0.16666666666666666,0.16666666666666666,0.08333333333333333,0.08333333333333333,0.16666666666666666,H_0048,P12,human,i think it works through steps. not 100% sure on details though.
7.5,2,15,3.5,0.8666666666666667,0.0,0,0.0,0,0.0,4.4,0.11764705882352941,0.13333333333333333,0.13333333333333333,0.06666666666666667,0.2,0.2,H_0049,P13,human,ok so basically it is basically a process that repeats. thats the simple version.
7.5,2,15,4.0,1.0,0.0,0,0.0,1,0.06666666666666667,5.0,0.11764705882352941,0.2,0.2,0.13333333333333333,0.06666666666666667,0.2,H_0050,P13,human,from what i remember there are a few main parts. also people overcomplicate the definition.
7.0,2,14,3.0,0.9285714285714286,0.0,0,0.0,0,0.0,4.571428571428571,0.17647058823529413,0.35714285714285715,0.14285714285714285,0.21428571428571427,0.07142857142857142,0.0,H_0051,P13,human,short answer: the simple idea is cause and effect. longer answer gets messy lol.
6.0,2,12,4.0,1.0,0.0,1,0.08333333333333333,0,0.0,4.166666666666667,0.2,0.16666666666666666,0.16666666666666666,0.08333333333333333,0.08333333333333333,0.16666666666666666,H_0052,P13,human,i think it works through steps. not 100% sure on details though.
7.5,2,15,3.5,0.8666666666666667,0.0,0,0.0,0,0.0,4.4,0.11764705882352941,0.13333333333333333,0.13333333333333333,0.06666666666666667,0.2,0.2,H_0053,P14,human,ok so basically it is basically a process that repeats. thats the simple version.
7.5,2,15,4.0,1.0,0.0,0,0.0,1,0.06666666666666667,5.0,0.11764705882352941,0.2,0.2,0.13333333333333333,0.06666666666666667,0.2,H_0054,P14,human,from what i remember there are a few main parts. also people overcomplicate the definition.
7.0,2,14,3.0,0.9285714285714286,0.0,0,0.0,0,0.0,4.571428571428571,0.17647058823529413,0.35714285714285715,0.14285714285714285,0.21428571428571427,0.07142857142857142,0.0,H_0055,P14,human,short answer: the simple idea is cause and effect. longer answer gets messy lol.
6.0,2,12,4.0,1.0,0.0,1,0.08333333333333333,0,0.0,4.166666666666667,0.2,0.16666666666666666,0.16666666666666666,0.08333333333333333,0.08333333333333333,0.16666666666666666,H_0056,P14,human,i think it works through steps. not 100% sure on details though.
7.5,2,15,3.5,0.8666666666666667,0.0,0,0.0,0,0.0,4.4,0.11764705882352941,0.13333333333333333,0.13333333333333333,0.06666666666666667,0.2,0.2,H_0057,P15,human,ok so basically it is basically a process that repeats. thats the simple version.
7.5,2,15,4.0,1.0,0.0,0,0.0,1,0.06666666666666667,5.0,0.11764705882352941,0.2,0.2,0.13333333333333333,0.06666666666666667,0.2,H_0058,P15,human,from what i remember there are a few main parts. also people overcomplicate the definition.
7.0,2,14,3.0,0.9285714285714286,0.0,0,0.0,0,0.0,4.571428571428571,0.17647058823529413,0.35714285714285715,0.14285714285714285,0.21428571428571427,0.07142857142857142,0.0,H_0059,P15,human,short answer: the simple idea is cause and effect. longer answer gets messy lol.
6.0,2,12,4.0,1.0,0.0,1,0.08333333333333333,0,0.0,4.166666666666667,0.2,0.16666666666666666,0.16666666666666666,0.08333333333333333,0.08333333333333333,0.16666666666666666,H_0060,P15,human,i think it works through steps. not 100% sure on details though.
7.5,2,15,3.5,0.8666666666666667,0.0,0,0.0,0,0.0,4.4,0.11764705882352941,0.13333333333333333,0.13333333333333333,0.06666666666666667,0.2,0.2,H_0061,P16,human,ok so basically it is basically a process that repeats. thats the simple version.
7.5,2,15,4.0,1.0,0.0,0,0.0,1,0.06666666666666667,5.0,0.11764705882352941,0.2,0.2,0.13333333333333333,0.06666666666666667,0.2,H_0062,P16,human,from what i remember there are a few main parts. also people overcomplicate the definition.
7.0,2,14,3.0,0.9285714285714286,0.0,0,0.0,0,0.0,4.571428571428571,0.17647058823529413,0.35714285714285715,0.14285714285714285,0.21428571428571427,0.07142857142857142,0.0,H_0063,P16,human,short answer: the simple idea is cause and effect. longer answer gets messy lol.
6.0,2,12,4.0,1.0,0.0,1,0.08333333333333333,0,0.0,4.166666666666667,0.2,0.16666666666666666,0.16666666666666666,0.08333333333333333,0.08333333333333333,0.16666666666666666,H_0064,P16,human,i think it works through steps. not 100% sure on details though.
7.5,2,15,3.5,0.8666666666666667,0.0,0,0.0,0,0.0,4.4,0.11764705882352941,0.13333333333333333,0.13333333333333333,0.06666666666666667,0.2,0.2,H_0065,P17,human,ok so basically it is basically a process that repeats. thats the simple version.
7.5,2,15,4.0,1.0,0.0,0,0.0,1,0.06666666666666667,5.0,0.11764705882352941,0.2,0.2,0.13333333333333333,0.06666666666666667,0.2,H_0066,P17,human,from what i remember there are a few main parts. also people overcomplicate the definition.
7.0,2,14,3.0,0.9285714285714286,0.0,0,0.0,0,0.0,4.571428571428571,0.17647058823529413,0.35714285714285715,0.14285714285714285,0.21428571428571427,0.07142857142857142,0.0,H_0067,P17,human,short answer: the simple idea is cause and effect. longer answer gets messy lol.
6.0,2,12,4.0,1.0,0.0,1,0.08333333333333333,0,0.0,4.166666666666667,0.2,0.16666666666666666,0.16666666666666666,0.08333333333333333,0.08333333333333333,0.16666666666666666,H_0068,P17,human,i think it works through steps. not 100% sure on details though.
7.5,2,15,3.5,0.8666666666666667,0.0,0,0.0,0,0.0,4.4,0.11764705882352941,0.13333333333333333,0.13333333333333333,0.06666666666666667,0.2,0.2,H_0069,P18,human,ok so basically it is basically a process that repeats. thats the simple version.
7.5,2,15,4.0,1.0,0.0,0,0.0,1,0.06666666666666667,5.0,0.11764705882352941,0.2,0.2,0.13333333333333333,0.06666666666666667,0.2,H_0070,P18,human,from what i remember there are a few main parts. also people overcomplicate the definition.
7.0,2,14,3.0,0.9285714285714286,0.0,0,0.0,0,0.0,4.571428571428571,0.17647058823529413,0.35714285714285715,0.14285714285714285,0.21428571428571427,0.07142857142857142,0.0,H_0071,P18,human,short answer: the simple idea is cause and effect. longer answer gets messy lol.
6.0,2,12,4.0,1.0,0.0,1,0.08333333333333333,0,0.0,4.166666666666667,0.2,0.16666666666666666,0.16666666666666666,0.08333333333333333,0.08333333333333333,0.16666666666666666,H_0072,P18,human,i think it works through steps. not 100% sure on details though.
7.5,2,15,3.5,0.8666666666666667,0.0,0,0.0,0,0.0,4.4,0.11764705882352941,0.13333333333333333,0.13333333333333333,0.06666666666666667,0.2,0.2,H_0073,P19,human,ok so basically it is basically a process that repeats. thats the simple version.
7.5,2,15,4.0,1.0,0.0,0,0.0,1,0.06666666666666667,5.0,0.11764705882352941,0.2,0.2,0.13333333333333333,0.06666666666666667,0.2,H_0074,P19,human,from what i remember there are a few main parts. also people overcomplicate the definition.
7.0,2,14,3.0,0.9285714285714286,0.0,0,0.0,0,0.0,4.571428571428571,0.17647058823529413,0.35714285714285715,0.14285714285714285,0.21428571428571427,0.07142857142857142,0.0,H_0075,P19,human,short answer: the simple idea is cause and effect. longer answer gets messy lol.
6.0,2,12,4.0,1.0,0.0,1,0.08333333333333333,0,0.0,4.166666666666667,0.2,0.16666666666666666,0.16666666666666666,0.08333333333333333,0.08333333333333333,0.16666666666666666,H_0076,P19,human,i think it works through steps. not 100% sure on details though.
7.5,2,15,3.5,0.8666666666666667,0.0,0,0.0,0,0.0,4.4,0.11764705882352941,0.13333333333333333,0.13333333333333333,0.06666666666666667,0.2,0.2,H_0077,P20,human,ok so basically it is basically a process that repeats. thats the simple version.
7.5,2,15,4.0,1.0,0.0,0,0.0,1,0.06666666666666667,5.0,0.11764705882352941,0.2,0.2,0.13333333333333333,0.06666666666666667,0.2,H_0078,P20,human,from what i remember there are a few main parts. also people overcomplicate the definition.
7.0,2,14,3.0,0.9285714285714286,0.0,0,0.0,0,0.0,4.571428571428571,0.17647058823529413,0.35714285714285715,0.14285714285714285,0.21428571428571427,0.07142857142857142,0.0,H_0079,P20,human,short answer: the simple idea is cause and effect. longer answer gets messy lol.
6.0,2,12,4.0,1.0,0.0,1,0.08333333333333333,0,0.0,4.166666666666667,0.2,0.16666666666666666,0.16666666666666666,0.08333333333333333,0.08333333333333333,0.16666666666666666,H_0080,P20,human,i think it works through steps. not 100% sure on details though.
7.5,2,15,3.5,1.0,0.0,0,0.0,0,0.0,4.8,0.16666666666666666,0.13333333333333333,0.2,0.06666666666666667,0.2,0.2,H_0081,P21,human,alright here goes - a quiet street after rain. then suddenly someone finds what they lost.
7.0,2,14,3.0,1.0,0.0,0,0.0,0,0.0,4.857142857142857,0.17647058823529413,0.21428571428571427,0.21428571428571427,0.07142857142857142,0.14285714285714285,0.14285714285714285,H_0082,P21,human,picture this: two people share an awkward silence. later they laugh and talk anyway.
7.5,2,15,4.0,1.0,0.0,0,0.0,0,0.0,4.533333333333333,0.16666666666666666,0.26666666666666666,0.13333333333333333,0.2,0.13333333333333333,0.06666666666666667,H_0083,P21,human,tiny story: an old object waits somewhere. in the end its owner comes back surprised.
8.5,2,17,3.0,0.8823529411764706,0.0,1,0.058823529411764705,0,0.0,4.352941176470588,0.10526315789473684,0.23529411764705882,0.11764705882352941,0.17647058823529413,0.11764705882352941,0.0,H_0084,P21,human,hmm maybe the city feels tired and loud. and somehow one small kind moment changes the mood.
7.5,2,15,3.5,1.0,0.0,0,0.0,0,0.0,4.8,0.16666666666666666,0.13333333333333333,0.2,0.06666666666666667,0.2,0.2,H_0085,P22,human,alright here goes - a quiet street after rain. then suddenly someone finds what they lost.
7.0,2,14,3.0,1.0,0.0,0,0.0,0,0.0,4.857142857142857,0.17647058823529413,0.21428571428571427,0.21428571428571427,0.07142857142857142,0.14285714285714285,0.14285714285714285,H_0086,P22,human,picture this: two people share an awkward silence. later they laugh and talk anyway.
7.5,2,15,4.0,1.0,0.0,0,0.0,0,0.0,4.533333333333333,0.16666666666666666,0.26666666666666666,0.13333333333333333,0.2,0.13333333333333333,0.06666666666666667,H_0087,P22,human,tiny story: an old object waits somewhere. in the end its owner comes back surprised.
8.5,2,17,3.0,0.8823529411764706,0.0,1,0.058823529411764705,0,0.0,4.352941176470588,0.10526315789473684,0.23529411764705882,0.11764705882352941,0.17647058823529413,0.11764705882352941,0.0,H_0088,P22,human,hmm maybe the city feels tired and loud. and somehow one small kind moment changes the mood.
7.5,2,15,3.5,1.0,0.0,0,0.0,0,0.0,4.8,0.16666666666666666,0.13333333333333333,0.2,0.06666666666666667,0.2,0.2,H_0089,P23,human,alright here goes - a quiet street after rain. then suddenly someone finds what they lost.
7.0,2,14,3.0,1.0,0.0,0,0.0,0,0.0,4.857142857142857,0.17647058823529413,0.21428571428571427,0.21428571428571427,0.07142857142857142,0.14285714285714285,0.14285714285714285,H_0090,P23,human,picture this: two people share an awkward silence. later they laugh and talk anyway.
7.5,2,15,4.0,1.0,0.0,0,0.0,0,0.0,4.533333333333333,0.16666666666666666,0.26666666666666666,0.13333333333333333,0.2,0.13333333333333333,0.06666666666666667,H_0091,P23,human,tiny story: an old object waits somewhere. in the end its owner comes back surprised.
8.5,2,17,3.0,0.8823529411764706,0.0,1,0.058823529411764705,0,0.0,4.352941176470588,0.10526315789473684,0.23529411764705882,0.11764705882352941,0.17647058823529413,0.11764705882352941,0.0,H_0092,P23,human,hmm maybe the city feels tired and loud. and somehow one small kind moment changes the mood.
7.5,2,15,3.5,1.0,0.0,0,0.0,0,0.0,4.8,0.16666666666666666,0.13333333333333333,0.2,0.06666666666666667,0.2,0.2,H_0093,P24,human,alright here goes - a quiet street after rain. then suddenly someone finds what they lost.
7.0,2,14,3.0,1.0,0.0,0,0.0,0,0.0,4.857142857142857,0.17647058823529413,0.21428571428571427,0.21428571428571427,0.07142857142857142,0.14285714285714285,0.14285714285714285,H_0094,P24,human,picture this: two people share an awkward silence. later they laugh and talk anyway.
7.5,2,15,4.0,1.0,0.0,0,0.0,0,0.0,4.533333333333333,0.16666666666666666,0.26666666666666666,0.13333333333333333,0.2,0.13333333333333333,0.06666666666666667,H_0095,P24,human,tiny story: an old object waits somewhere. in the end its owner comes back surprised.
8.5,2,17,3.0,0.8823529411764706,0.0,1,0.058823529411764705,0,0.0,4.352941176470588,0.10526315789473684,0.23529411764705882,0.11764705882352941,0.17647058823529413,0.11764705882352941,0.0,H_0096,P24,human,hmm maybe the city feels tired and loud. and somehow one small kind moment changes the mood.
7.5,2,15,3.5,1.0,0.0,0,0.0,0,0.0,4.8,0.16666666666666666,0.13333333333333333,0.2,0.06666666666666667,0.2,0.2,H_0097,P25,human,alright here goes - a quiet street after rain. then suddenly someone finds what they lost.
7.0,2,14,3.0,1.0,0.0,0,0.0,0,0.0,4.857142857142857,0.17647058823529413,0.21428571428571427,0.21428571428571427,0.07142857142857142,0.14285714285714285,0.14285714285714285,H_0098,P25,human,picture this: two people share an awkward silence. later they laugh and talk anyway.
7.5,2,15,4.0,1.0,0.0,0,0.0,0,0.0,4.533333333333333,0.16666666666666666,0.26666666666666666,0.13333333333333333,0.2,0.13333333333333333,0.06666666666666667,H_0099,P25,human,tiny story: an old object waits somewhere. in the end its owner comes back surprised.
8.5,2,17,3.0,0.8823529411764706,0.0,1,0.058823529411764705,0,0.0,4.352941176470588,0.10526315789473684,0.23529411764705882,0.11764705882352941,0.17647058823529413,0.11764705882352941,0.0,H_0100,P25,human,hmm maybe the city feels tired and loud. and somehow one small kind moment changes the mood.
7.5,2,15,3.5,1.0,0.0,0,0.0,0,0.0,4.8,0.16666666666666666,0.13333333333333333,0.2,0.06666666666666667,0.2,0.2,H_0101,P26,human,alright here goes - a quiet street after rain. then suddenly someone finds what they lost.
7.0,2,14,3.0,1.0,0.0,0,0.0,0,0.0,4.857142857142857,0.17647058823529413,0.21428571428571427,0.21428571428571427,0.07142857142857142,0.14285714285714285,0.14285714285714285,H_0102,P26,human,picture this: two people share an awkward silence. later they laugh and talk anyway.
7.5,2,15,4.0,1.0,0.0,0,0.0,0,0.0,4.533333333333333,0.16666666666666666,0.26666666666666666,0.13333333333333333,0.2,0.13333333333333333,0.06666666666666667,H_0103,P26,human,tiny story: an old object waits somewhere. in the end its owner comes back surprised.
8.5,2,17,3.0,0.8823529411764706,0.0,1,0.058823529411764705,0,0.0,4.352941176470588,0.10526315789473684,0.23529411764705882,0.11764705882352941,0.17647058823529413,0.11764705882352941,0.0,H_0104,P26,human,hmm maybe the city feels tired and loud. and somehow one small kind moment changes the mood.
7.5,2,15,3.5,1.0,0.0,0,0.0,0,0.0,4.8,0.16666666666666666,0.13333333333333333,0.2,0.06666666666666667,0.2,0.2,H_0105,P27,human,alright here goes - a quiet street after rain. then suddenly someone finds what they lost.
7.0,2,14,3.0,1.0,0.0,0,0.0,0,0.0,4.857142857142857,0.17647058823529413,0.21428571428571427,0.21428571428571427,0.07142857142857142,0.14285714285714285,0.14285714285714285,H_0106,P27,human,picture this: two people share an awkward silence. later they laugh and talk anyway.
7.5,2,15,4.0,1.0,0.0,0,0.0,0,0.0,4.533333333333333,0.16666666666666666,0.26666666666666666,0.13333333333333333,0.2,0.13333333333333333,0.06666666666666667,H_0107,P27,human,tiny story: an old object waits somewhere. in the end its owner comes back surprised.
8.5,2,17,3.0,0.8823529411764706,0.0,1,0.058823529411764705,0,0.0,4.352941176470588,0.10526315789473684,0.23529411764705882,0.11764705882352941,0.17647058823529413,0.11764705882352941,0.0,H_0108,P27,human,hmm maybe the city feels tired and loud. and somehow one small kind moment changes the mood.
7.5,2,15,3.5,1.0,0.0,0,0.0,0,0.0,4.8,0.16666666666666666,0.13333333333333333,0.2,0.06666666666666667,0.2,0.2,H_0109,P28,human,alright here goes - a quiet street after rain. then suddenly someone finds what they lost.
7.0,2,14,3.0,1.0,0.0,0,0.0,0,0.0,4.857142857142857,0.17647058823529413,0.21428571428571427,0.21428571428571427,0.07142857142857142,0.14285714285714285,0.14285714285714285,H_0110,P28,human,picture this: two people share an awkward silence. later they laugh and talk anyway.
7.5,2,15,4.0,1.0,0.0,0,0.0,0,0.0,4.533333333333333,0.16666666666666666,0.26666666666666666,0.13333333333333333,0.2,0.13333333333333333,0.06666666666666667,H_0111,P28,human,tiny story: an old object waits somewhere. in the end its owner comes back surprised.
8.5,2,17,3.0,0.8823529411764706,0.0,1,0.058823529411764705,0,0.0,4.352941176470588,0.10526315789473684,0.23529411764705882,0.11764705882352941,0.17647058823529413,0.11764705882352941,0.0,H_0112,P28,human,hmm maybe the city feels tired and loud. and somehow one small kind moment changes the mood.
7.5,2,15,3.5,1.0,0.0,0,0.0,0,0.0,4.8,0.16666666666666666,0.13333333333333333,0.2,0.06666666666666667,0.2,0.2,H_0113,P29,human,alright here goes - a quiet street after rain. then suddenly someone finds what they lost.
7.0,2,14,3.0,1.0,0.0,0,0.0,0,0.0,4.857142857142857,0.17647058823529413,0.21428571428571427,0.21428571428571427,0.07142857142857142,0.14285714285714285,0.14285714285714285,H_0114,P29,human,picture this: two people share an awkward silence. later they laugh and talk anyway.
7.5,2,15,4.0,1.0,0.0,0,0.0,0,0.0,4.533333333333333,0.16666666666666666,0.26666666666666666,0.13333333333333333,0.2,0.13333333333333333,0.06666666666666667,H_0115,P29,human,tiny story: an old object waits somewhere. in the end its owner comes back surprised.
8.5,2,17,3.0,0.8823529411764706,0.0,1,0.058823529411764705,0,0.0,4.352941176470588,0.10526315789473684,0.23529411764705882,0.11764705882352941,0.17647058823529413,0.11764705882352941,0.0,H_0116,P29,human,hmm maybe the city feels tired and loud. and somehow one small kind moment changes the mood.
7.5,2,15,3.5,1.0,0.0,0,0.0,0,0.0,4.8,0.16666666666666666,0.13333333333333333,0.2,0.06666666666666667,0.2,0.2,H_0117,P30,human,alright here goes - a quiet street after rain. then suddenly someone finds what they lost.
7.0,2,14,3.0,1.0,0.0,0,0.0,0,0.0,4.857142857142857,0.17647058823529413,0.21428571428571427,0.21428571428571427,0.07142857142857142,0.14285714285714285,0.14285714285714285,H_0118,P30,human,picture this: two people share an awkward silence. later they laugh and talk anyway.
7.5,2,15,4.0,1.0,0.0,0,0.0,0,0.0,4.533333333333333,0.16666666666666666,0.26666666666666666,0.13333333333333333,0.2,0.13333333333333333,0.06666666666666667,H_0119,P30,human,tiny story: an old object waits somewhere. in the end its owner comes back surprised.
8.5,2,17,3.0,0.8823529411764706,0.0,1,0.058823529411764705,0,0.0,4.352941176470588,0.10526315789473684,0.23529411764705882,0.11764705882352941,0.17647058823529413,0.11764705882352941,0.0,H_0120,P30,human,hmm maybe the city feels tired and loud. and somehow one small kind moment changes the mood.
6.0,3,18,3.3333333333333335,0.9444444444444444,0.5,1,0.05555555555555555,1,0.05555555555555555,3.7777777777777777,0.14285714285714285,0.05555555555555555,0.2222222222222222,0.1111111111111111,0.2222222222222222,0.16666666666666666,H_0121,P31,human,i feel like it helps if used carefully. but also too much of it becomes noise. so mixed.
4.5,2,9,3.0,1.0,0.0,1,0.1111111111111111,0,0.0,6.222222222222222,0.18181818181818182,0.3333333333333333,0.2222222222222222,0.1111111111111111,0.2222222222222222,0.0,H_0122,P31,human,personally real life practice matters more. others might disagree.
5.333333333333333,3,16,3.0,0.75,0.0,0,0.0,0,0.0,5.0625,0.15789473684210525,0.25,0.0625,0.125,0.1875,0.125,H_0123,P31,human,depends. for me classroom focus is better for me. still flexibility is still useful matters though.
7.0,2,14,4.0,0.9285714285714286,0.0,0,0.0,0,0.0,4.0,0.125,0.21428571428571427,0.0,0.21428571428571427,0.0,0.07142857142857142,H_0124,P31,human,nah for me grades are not the full story. online takes can be dramatic.
6.0,3,18,3.3333333333333335,0.9444444444444444,0.5,1,0.05555555555555555,1,0.05555555555555555,3.7777777777777777,0.14285714285714285,0.05555555555555555,0.2222222222222222,0.1111111111111111,0.2222222222222222,0.16666666666666666,H_0125,P32,human,i feel like it helps if used carefully. but also too much of it becomes noise. so mixed.
4.5,2,9,3.0,1.0,0.0,1,0.1111111111111111,0,0.0,6.222222222222222,0.18181818181818182,0.3333333333333333,0.2222222222222222,0.1111111111111111,0.2222222222222222,0.0,H_0126,P32,human,personally real life practice matters more. others might disagree.
5.333333333333333,3,16,3.0,0.75,0.0,0,0.0,0,0.0,5.0625,0.15789473684210525,0.25,0.0625,0.125,0.1875,0.125,H_0127,P32,human,depends. for me classroom focus is better for me. still flexibility is still useful matters though.
7.0,2,14,4.0,0.9285714285714286,0.0,0,0.0,0,0.0,4.0,0.125,0.21428571428571427,0.0,0.21428571428571427,0.0,0.07142857142857142,H_0128,P32,human,nah for me grades are not the full story. online takes can be dramatic.
6.0,3,18,3.3333333333333335,0.9444444444444444,0.5,1,0.05555555555555555,1,0.05555555555555555,3.7777777777777777,0.14285714285714285,0.05555555555555555,0.2222222222222222,0.1111111111111111,0.2222222222222222,0.16666666666666666,H_0129,P33,human,i feel like it helps if used carefully. but also too much of it becomes noise. so mixed.
4.5,2,9,3.0,1.0,0.0,1,0.1111111111111111,0,0.0,6.222222222222222,0.18181818181818182,0.3333333333333333,0.2222222222222222,0.1111111111111111,0.2222222222222222,0.0,H_0130,P33,human,personally real life practice matters more. others might disagree.
5.333333333333333,3,16,3.0,0.75,0.0,0,0.0,0,0.0,5.0625,0.15789473684210525,0.25,0.0625,0.125,0.1875,0.125,H_0131,P33,human,depends. for me classroom focus is better for me. still flexibility is still useful matters though.
7.0,2,14,4.0,0.9285714285714286,0.0,0,0.0,0,0.0,4.0,0.125,0.21428571428571427,0.0,0.21428571428571427,0.0,0.07142857142857142,H_0132,P33,human,nah for me grades are not the full story. online takes can be dramatic.
6.0,3,18,3.3333333333333335,0.9444444444444444,0.5,1,0.05555555555555555,1,0.05555555555555555,3.7777777777777777,0.14285714285714285,0.05555555555555555,0.2222222222222222,0.1111111111111111,0.2222222222222222,0.16666666666666666,H_0133,P34,human,i feel like it helps if used carefully. but also too much of it becomes noise. so mixed.
4.5,2,9,3.0,1.0,0.0,1,0.1111111111111111,0,0.0,6.222222222222222,0.18181818181818182,0.3333333333333333,0.2222222222222222,0.1111111111111111,0.2222222222222222,0.0,H_0134,P34,human,personally real life practice matters more. others might disagree.
5.333333333333333,3,16,3.0,0.75,0.0,0,0.0,0,0.0,5.0625,0.15789473684210525,0.25,0.0625,0.125,0.1875,0.125,H_0135,P34,human,depends. for me classroom focus is better for me. still flexibility is still useful matters though.
7.0,2,14,4.0,0.9285714285714286,0.0,0,0.0,0,0.0,4.0,0.125,0.21428571428571427,0.0,0.21428571428571427,0.0,0.07142857142857142,H_0136,P34,human,nah for me grades are not the full story. online takes can be dramatic.
6.0,3,18,3.3333333333333335,0.9444444444444444,0.5,1,0.05555555555555555,1,0.05555555555555555,3.7777777777777777,0.14285714285714285,0.05555555555555555,0.2222222222222222,0.1111111111111111,0.2222222222222222,0.16666666666666666,H_0137,P35,human,i feel like it helps if used carefully. but also too much of it becomes noise. so mixed.
4.5,2,9,3.0,1.0,0.0,1,0.1111111111111111,0,0.0,6.222222222222222,0.18181818181818182,0.3333333333333333,0.2222222222222222,0.1111111111111111,0.2222222222222222,0.0,H_0138,P35,human,personally real life practice matters more. others might disagree.
5.333333333333333,3,16,3.0,0.75,0.0,0,0.0,0,0.0,5.0625,0.15789473684210525,0.25,0.0625,0.125,0.1875,0.125,H_0139,P35,human,depends. for me classroom focus is better for me. still flexibility is still useful matters though.
7.0,2,14,4.0,0.9285714285714286,0.0,0,0.0,0,0.0,4.0,0.125,0.21428571428571427,0.0,0.21428571428571427,0.0,0.07142857142857142,H_0140,P35,human,nah for me grades are not the full story. online takes can be dramatic.
6.0,3,18,3.3333333333333335,0.9444444444444444,0.5,1,0.05555555555555555,1,0.05555555555555555,3.7777777777777777,0.14285714285714285,0.05555555555555555,0.2222222222222222,0.1111111111111111,0.2222222222222222,0.16666666666666666,H_0141,P36,human,i feel like it helps if used carefully. but also too much of it becomes noise. so mixed.
4.5,2,9,3.0,1.0,0.0,1,0.1111111111111111,0,0.0,6.222222222222222,0.18181818181818182,0.3333333333333333,0.2222222222222222,0.1111111111111111,0.2222222222222222,0.0,H_0142,P36,human,personally real life practice matters more. others might disagree.
5.333333333333333,3,16,3.0,0.75,0.0,0,0.0,0,0.0,5.0625,0.15789473684210525,0.25,0.0625,0.125,0.1875,0.125,H_0143,P36,human,depends. for me classroom focus is better for me. still flexibility is still useful matters though.
7.0,2,14,4.0,0.9285714285714286,0.0,0,0.0,0,0.0,4.0,0.125,0.21428571428571427,0.0,0.21428571428571427,0.0,0.07142857142857142,H_0144,P36,human,nah for me grades are not the full story. online takes can be dramatic.
6.0,3,18,3.3333333333333335,0.9444444444444444,0.5,1,0.05555555555555555,1,0.05555555555555555,3.7777777777777777,0.14285714285714285,0.05555555555555555,0.2222222222222222,0.1111111111111111,0.2222222222222222,0.16666666666666666,H_0145,P37,human,i feel like it helps if used carefully. but also too much of it becomes noise. so mixed.
4.5,2,9,3.0,1.0,0.0,1,0.1111111111111111,0,0.0,6.222222222222222,0.18181818181818182,0.3333333333333333,0.2222222222222222,0.1111111111111111,0.2222222222222222,0.0,H_0146,P37,human,personally real life practice matters more. others might disagree.
5.333333333333333,3,16,3.0,0.75,0.0,0,0.0,0,0.0,5.0625,0.15789473684210525,0.25,0.0625,0.125,0.1875,0.125,H_0147,P37,human,depends. for me classroom focus is better for me. still flexibility is still useful matters though.
7.0,2,14,4.0,0.9285714285714286,0.0,0,0.0,0,0.0,4.0,0.125,0.21428571428571427,0.0,0.21428571428571427,0.0,0.07142857142857142,H_0148,P37,human,nah for me grades are not the full story. online takes can be dramatic.
6.0,3,18,3.3333333333333335,0.9444444444444444,0.5,1,0.05555555555555555,1,0.05555555555555555,3.7777777777777777,0.14285714285714285,0.05555555555555555,0.2222222222222222,0.1111111111111111,0.2222222222222222,0.16666666666666666,H_0149,P38,human,i feel like it helps if used carefully. but also too much of it becomes noise. so mixed.
4.5,2,9,3.0,1.0,0.0,1,0.1111111111111111,0,0.0,6.222222222222222,0.18181818181818182,0.3333333333333333,0.2222222222222222,0.1111111111111111,0.2222222222222222,0.0,H_0150,P38,human,personally real life practice matters more. others might disagree.
5.333333333333333,3,16,3.0,0.75,0.0,0,0.0,0,0.0,5.0625,0.15789473684210525,0.25,0.0625,0.125,0.1875,0.125,H_0151,P38,human,depends. for me classroom focus is better for me. still flexibility is still useful matters though.
7.0,2,14,4.0,0.9285714285714286,0.0,0,0.0,0,0.0,4.0,0.125,0.21428571428571427,0.0,0.21428571428571427,0.0,0.07142857142857142,H_0152,P38,human,nah for me grades are not the full story. online takes can be dramatic.
6.0,3,18,3.3333333333333335,0.9444444444444444,0.5,1,0.05555555555555555,1,0.05555555555555555,3.7777777777777777,0.14285714285714285,0.05555555555555555,0.2222222222222222,0.1111111111111111,0.2222222222222222,0.16666666666666666,H_0153,P39,human,i feel like it helps if used carefully. but also too much of it becomes noise. so mixed.
4.5,2,9,3.0,1.0,0.0,1,0.1111111111111111,0,0.0,6.222222222222222,0.18181818181818182,0.3333333333333333,0.2222222222222222,0.1111111111111111,0.2222222222222222,0.0,H_0154,P39,human,personally real life practice matters more. others might disagree.
5.333333333333333,3,16,3.0,0.75,0.0,0,0.0,0,0.0,5.0625,0.15789473684210525,0.25,0.0625,0.125,0.1875,0.125,H_0155,P39,human,depends. for me classroom focus is better for me. still flexibility is still useful matters though.
7.0,2,14,4.0,0.9285714285714286,0.0,0,0.0,0,0.0,4.0,0.125,0.21428571428571427,0.0,0.21428571428571427,0.0,0.07142857142857142,H_0156,P39,human,nah for me grades are not the full story. online takes can be dramatic.
6.0,3,18,3.3333333333333335,0.9444444444444444,0.5,1,0.05555555555555555,1,0.05555555555555555,3.7777777777777777,0.14285714285714285,0.05555555555555555,0.2222222222222222,0.1111111111111111,0.2222222222222222,0.16666666666666666,H_0157,P40,human,i feel like it helps if used carefully. but also too much of it becomes noise. so mixed.
4.5,2,9,3.0,1.0,0.0,1,0.1111111111111111,0,0.0,6.222222222222222,0.18181818181818182,0.3333333333333333,0.2222222222222222,0.1111111111111111,0.2222222222222222,0.0,H_0158,P40,human,personally real life practice matters more. others might disagree.
5.333333333333333,3,16,3.0,0.75,0.0,0,0.0,0,0.0,5.0625,0.15789473684210525,0.25,0.0625,0.125,0.1875,0.125,H_0159,P40,human,depends. for me classroom focus is better for me. still flexibility is still useful matters though.
7.0,2,14,4.0,0.9285714285714286,0.0,0,0.0,0,0.0,4.0,0.125,0.21428571428571427,0.0,0.21428571428571427,0.0,0.07142857142857142,H_0160,P40,human,nah for me grades are not the full story. online takes can be dramatic.
6.5,2,13,4.5,0.9230769230769231,0.0,0,0.0,0,0.0,4.3076923076923075,0.13333333333333333,0.15384615384615385,0.15384615384615385,0.15384615384615385,0.23076923076923078,0.15384615384615385,H_0161,P41,human,honestly i just make tiny goals. works better than fancy plans for me.
5.0,3,15,3.0,1.0,0.3333333333333333,0,0.0,1,0.06666666666666667,4.133333333333334,0.16666666666666666,0.13333333333333333,0.26666666666666666,0.06666666666666667,0.13333333333333333,0.06666666666666667,H_0162,P41,human,tbh sleep properly. also talk to a friend when stuck. not perfect but it helps.
5.0,3,15,3.3333333333333335,1.0,0.0,0,0.0,0,0.0,5.066666666666666,0.16666666666666666,0.13333333333333333,0.26666666666666666,0.06666666666666667,0.13333333333333333,0.13333333333333333,H_0163,P41,human,i usually keep a messy notebook. sometimes reward myself after finishing. depends on the day.
6.0,2,12,3.0,1.0,0.0,0,0.0,0,0.0,4.25,0.2,0.16666666666666666,0.16666666666666666,0.16666666666666666,0.0,0.16666666666666666,H_0164,P41,human,my tip is simple: study in short bursts. dont overcomplicate it.
7.5,2,15,3.5,0.8666666666666667,0.0,0,0.0,0,0.0,4.4,0.11764705882352941,0.13333333333333333,0.13333333333333333,0.06666666666666667,0.2,0.2,H_0165,P42,human,ok so basically it is basically a process that repeats. thats the simple version.
7.5,2,15,4.0,1.0,0.0,0,0.0,1,0.06666666666666667,5.0,0.11764705882352941,0.2,0.2,0.13333333333333333,0.06666666666666667,0.2,H_0166,P42,human,from what i remember there are a few main parts. also people overcomplicate the definition.
7.0,2,14,3.0,0.9285714285714286,0.0,0,0.0,0,0.0,4.571428571428571,0.17647058823529413,0.35714285714285715,0.14285714285714285,0.21428571428571427,0.07142857142857142,0.0,H_0167,P42,human,short answer: the simple idea is cause and effect. longer answer gets messy lol.
6.0,2,12,4.0,1.0,0.0,1,0.08333333333333333,0,0.0,4.166666666666667,0.2,0.16666666666666666,0.16666666666666666,0.08333333333333333,0.08333333333333333,0.16666666666666666,H_0168,P42,human,i think it works through steps. not 100% sure on details though.
7.5,2,15,3.5,1.0,0.0,0,0.0,0,0.0,4.8,0.16666666666666666,0.13333333333333333,0.2,0.06666666666666667,0.2,0.2,H_0169,P43,human,alright here goes - a quiet street after rain. then suddenly someone finds what they lost.
7.0,2,14,3.0,1.0,0.0,0,0.0,0,0.0,4.857142857142857,0.17647058823529413,0.21428571428571427,0.21428571428571427,0.07142857142857142,0.14285714285714285,0.14285714285714285,H_0170,P43,human,picture this: two people share an awkward silence. later they laugh and talk anyway.
7.5,2,15,4.0,1.0,0.0,0,0.0,0,0.0,4.533333333333333,0.16666666666666666,0.26666666666666666,0.13333333333333333,0.2,0.13333333333333333,0.06666666666666667,H_0171,P43,human,tiny story: an old object waits somewhere. in the end its owner comes back surprised.
8.5,2,17,3.0,0.8823529411764706,0.0,1,0.058823529411764705,0,0.0,4.352941176470588,0.10526315789473684,0.23529411764705882,0.11764705882352941,0.17647058823529413,0.11764705882352941,0.0,H_0172,P43,human,hmm maybe the city feels tired and loud. and somehow one small kind moment changes the mood.
6.0,3,18,3.3333333333333335,0.9444444444444444,0.5,1,0.05555555555555555,1,0.05555555555555555,3.7777777777777777,0.14285714285714285,0.05555555555555555,0.2222222222222222,0.1111111111111111,0.2222222222222222,0.16666666666666666,H_0173,P44,human,i feel like it helps if used carefully. but also too much of it becomes noise. so mixed.
4.5,2,9,3.0,1.0,0.0,1,0.1111111111111111,0,0.0,6.222222222222222,0.18181818181818182,0.3333333333333333,0.2222222222222222,0.1111111111111111,0.2222222222222222,0.0,H_0174,P44,human,personally real life practice matters more. others might disagree.
5.333333333333333,3,16,3.0,0.75,0.0,0,0.0,0,0.0,5.0625,0.15789473684210525,0.25,0.0625,0.125,0.1875,0.125,H_0175,P44,human,depends. for me classroom focus is better for me. still flexibility is still useful matters though.
7.0,2,14,4.0,0.9285714285714286,0.0,0,0.0,0,0.0,4.0,0.125,0.21428571428571427,0.0,0.21428571428571427,0.0,0.07142857142857142,H_0176,P44,human,nah for me grades are not the full story. online takes can be dramatic.
6.5,2,13,4.5,0.9230769230769231,0.0,0,0.0,0,0.0,4.3076923076923075,0.13333333333333333,0.15384615384615385,0.15384615384615385,0.15384615384615385,0.23076923076923078,0.15384615384615385,H_0177,P45,human,honestly i just make tiny goals. works better than fancy plans for me.
5.0,3,15,3.0,1.0,0.3333333333333333,0,0.0,1,0.06666666666666667,4.133333333333334,0.16666666666666666,0.13333333333333333,0.26666666666666666,0.06666666666666667,0.13333333333333333,0.06666666666666667,H_0178,P45,human,tbh sleep properly. also talk to a friend when stuck. not perfect but it helps.
5.0,3,15,3.3333333333333335,1.0,0.0,0,0.0,0,0.0,5.066666666666666,0.16666666666666666,0.13333333333333333,0.26666666666666666,0.06666666666666667,0.13333333333333333,0.13333333333333333,H_0179,P45,human,i usually keep a messy notebook. sometimes reward myself after finishing. depends on the day.
6.0,2,12,3.0,1.0,0.0,0,0.0,0,0.0,4.25,0.2,0.16666666666666666,0.16666666666666666,0.16666666666666666,0.0,0.16666666666666666,H_0180,P45,human,my tip is simple: study in short bursts. dont overcomplicate it.
10.666666666666666,3,32,4.666666666666667,0.9375,0.0,0,0.0,0,0.0,5.53125,0.13513513513513514,0.28125,0.15625,0.21875,0.0625,0.03125,AI_0001,P01,AI,"A practical approach is to set specific daily targets. In addition, review progress with a simple checklist. Consistency usually matters more than intensity, so track small progress and adjust your routine weekly."
10.333333333333334,3,31,4.333333333333333,0.967741935483871,0.5,0,0.0,1,0.03225806451612903,5.645161290322581,0.1388888888888889,0.3870967741935484,0.1935483870967742,0.16129032258064516,0.03225806451612903,0.06451612903225806,AI_0002,P01,AI,You can improve results by combining structure and recovery: protect consistent sleep hours. It also helps to use short focused study intervals. Clear priorities and adequate rest support long-term motivation.
8.25,4,33,4.5,0.9696969696969697,0.0,0,0.0,0,0.0,5.0,0.175,0.3333333333333333,0.18181818181818182,0.06060606060606061,0.06060606060606061,0.06060606060606061,AI_0003,P01,AI,"Start with manageable steps. First, reduce distractions during work blocks. Next, ask for feedback from peers. Review what worked at the end of each week and refine your plan without harsh self-judgment."
9.666666666666666,3,29,4.0,0.9655172413793104,0.0,0,0.0,0,0.0,6.551724137931035,0.12121212121212122,0.3793103448275862,0.13793103448275862,0.2413793103448276,0.034482758620689655,0.0,AI_0004,P01,AI,"Effective strategies often include planning and accountability. Try to break large tasks into smaller actions, and whenever possible schedule deliberate rest periods. Sustainable habits outperform short bursts of pressure."
10.666666666666666,3,32,4.666666666666667,0.9375,0.0,0,0.0,0,0.0,5.53125,0.13513513513513514,0.28125,0.15625,0.21875,0.0625,0.03125,AI_0005,P02,AI,"A practical approach is to set specific daily targets. In addition, review progress with a simple checklist. Consistency usually matters more than intensity, so track small progress and adjust your routine weekly."
10.333333333333334,3,31,4.333333333333333,0.967741935483871,0.5,0,0.0,1,0.03225806451612903,5.645161290322581,0.1388888888888889,0.3870967741935484,0.1935483870967742,0.16129032258064516,0.03225806451612903,0.06451612903225806,AI_0006,P02,AI,You can improve results by combining structure and recovery: protect consistent sleep hours. It also helps to use short focused study intervals. Clear priorities and adequate rest support long-term motivation.
8.25,4,33,4.5,0.9696969696969697,0.0,0,0.0,0,0.0,5.0,0.175,0.3333333333333333,0.18181818181818182,0.06060606060606061,0.06060606060606061,0.06060606060606061,AI_0007,P02,AI,"Start with manageable steps. First, reduce distractions during work blocks. Next, ask for feedback from peers. Review what worked at the end of each week and refine your plan without harsh self-judgment."
9.666666666666666,3,29,4.0,0.9655172413793104,0.0,0,0.0,0,0.0,6.551724137931035,0.12121212121212122,0.3793103448275862,0.13793103448275862,0.2413793103448276,0.034482758620689655,0.0,AI_0008,P02,AI,"Effective strategies often include planning and accountability. Try to break large tasks into smaller actions, and whenever possible schedule deliberate rest periods. Sustainable habits outperform short bursts of pressure."
10.666666666666666,3,32,4.666666666666667,0.9375,0.0,0,0.0,0,0.0,5.53125,0.13513513513513514,0.28125,0.15625,0.21875,0.0625,0.03125,AI_0009,P03,AI,"A practical approach is to set specific daily targets. In addition, review progress with a simple checklist. Consistency usually matters more than intensity, so track small progress and adjust your routine weekly."
10.333333333333334,3,31,4.333333333333333,0.967741935483871,0.5,0,0.0,1,0.03225806451612903,5.645161290322581,0.1388888888888889,0.3870967741935484,0.1935483870967742,0.16129032258064516,0.03225806451612903,0.06451612903225806,AI_0010,P03,AI,You can improve results by combining structure and recovery: protect consistent sleep hours. It also helps to use short focused study intervals. Clear priorities and adequate rest support long-term motivation.
8.25,4,33,4.5,0.9696969696969697,0.0,0,0.0,0,0.0,5.0,0.175,0.3333333333333333,0.18181818181818182,0.06060606060606061,0.06060606060606061,0.06060606060606061,AI_0011,P03,AI,"Start with manageable steps. First, reduce distractions during work blocks. Next, ask for feedback from peers. Review what worked at the end of each week and refine your plan without harsh self-judgment."
9.666666666666666,3,29,4.0,0.9655172413793104,0.0,0,0.0,0,0.0,6.551724137931035,0.12121212121212122,0.3793103448275862,0.13793103448275862,0.2413793103448276,0.034482758620689655,0.0,AI_0012,P03,AI,"Effective strategies often include planning and accountability. Try to break large tasks into smaller actions, and whenever possible schedule deliberate rest periods. Sustainable habits outperform short bursts of pressure."
10.666666666666666,3,32,4.666666666666667,0.9375,0.0,0,0.0,0,0.0,5.53125,0.13513513513513514,0.28125,0.15625,0.21875,0.0625,0.03125,AI_0013,P04,AI,"A practical approach is to set specific daily targets. In addition, review progress with a simple checklist. Consistency usually matters more than intensity, so track small progress and adjust your routine weekly."
10.333333333333334,3,31,4.333333333333333,0.967741935483871,0.5,0,0.0,1,0.03225806451612903,5.645161290322581,0.1388888888888889,0.3870967741935484,0.1935483870967742,0.16129032258064516,0.03225806451612903,0.06451612903225806,AI_0014,P04,AI,You can improve results by combining structure and recovery: protect consistent sleep hours. It also helps to use short focused study intervals. Clear priorities and adequate rest support long-term motivation.
8.25,4,33,4.5,0.9696969696969697,0.0,0,0.0,0,0.0,5.0,0.175,0.3333333333333333,0.18181818181818182,0.06060606060606061,0.06060606060606061,0.06060606060606061,AI_0015,P04,AI,"Start with manageable steps. First, reduce distractions during work blocks. Next, ask for feedback from peers. Review what worked at the end of each week and refine your plan without harsh self-judgment."
9.666666666666666,3,29,4.0,0.9655172413793104,0.0,0,0.0,0,0.0,6.551724137931035,0.12121212121212122,0.3793103448275862,0.13793103448275862,0.2413793103448276,0.034482758620689655,0.0,AI_0016,P04,AI,"Effective strategies often include planning and accountability. Try to break large tasks into smaller actions, and whenever possible schedule deliberate rest periods. Sustainable habits outperform short bursts of pressure."
10.666666666666666,3,32,4.666666666666667,0.9375,0.0,0,0.0,0,0.0,5.53125,0.13513513513513514,0.28125,0.15625,0.21875,0.0625,0.03125,AI_0017,P05,AI,"A practical approach is to set specific daily targets. In addition, review progress with a simple checklist. Consistency usually matters more than intensity, so track small progress and adjust your routine weekly."
10.333333333333334,3,31,4.333333333333333,0.967741935483871,0.5,0,0.0,1,0.03225806451612903,5.645161290322581,0.1388888888888889,0.3870967741935484,0.1935483870967742,0.16129032258064516,0.03225806451612903,0.06451612903225806,AI_0018,P05,AI,You can improve results by combining structure and recovery: protect consistent sleep hours. It also helps to use short focused study intervals. Clear priorities and adequate rest support long-term motivation.
8.25,4,33,4.5,0.9696969696969697,0.0,0,0.0,0,0.0,5.0,0.175,0.3333333333333333,0.18181818181818182,0.06060606060606061,0.06060606060606061,0.06060606060606061,AI_0019,P05,AI,"Start with manageable steps. First, reduce distractions during work blocks. Next, ask for feedback from peers. Review what worked at the end of each week and refine your plan without harsh self-judgment."
9.666666666666666,3,29,4.0,0.9655172413793104,0.0,0,0.0,0,0.0,6.551724137931035,0.12121212121212122,0.3793103448275862,0.13793103448275862,0.2413793103448276,0.034482758620689655,0.0,AI_0020,P05,AI,"Effective strategies often include planning and accountability. Try to break large tasks into smaller actions, and whenever possible schedule deliberate rest periods. Sustainable habits outperform short bursts of pressure."
10.666666666666666,3,32,4.666666666666667,0.9375,0.0,0,0.0,0,0.0,5.53125,0.13513513513513514,0.28125,0.15625,0.21875,0.0625,0.03125,AI_0021,P06,AI,"A practical approach is to set specific daily targets. In addition, review progress with a simple checklist. Consistency usually matters more than intensity, so track small progress and adjust your routine weekly."
10.333333333333334,3,31,4.333333333333333,0.967741935483871,0.5,0,0.0,1,0.03225806451612903,5.645161290322581,0.1388888888888889,0.3870967741935484,0.1935483870967742,0.16129032258064516,0.03225806451612903,0.06451612903225806,AI_0022,P06,AI,You can improve results by combining structure and recovery: protect consistent sleep hours. It also helps to use short focused study intervals. Clear priorities and adequate rest support long-term motivation.
8.25,4,33,4.5,0.9696969696969697,0.0,0,0.0,0,0.0,5.0,0.175,0.3333333333333333,0.18181818181818182,0.06060606060606061,0.06060606060606061,0.06060606060606061,AI_0023,P06,AI,"Start with manageable steps. First, reduce distractions during work blocks. Next, ask for feedback from peers. Review what worked at the end of each week and refine your plan without harsh self-judgment."
9.666666666666666,3,29,4.0,0.9655172413793104,0.0,0,0.0,0,0.0,6.551724137931035,0.12121212121212122,0.3793103448275862,0.13793103448275862,0.2413793103448276,0.034482758620689655,0.0,AI_0024,P06,AI,"Effective strategies often include planning and accountability. Try to break large tasks into smaller actions, and whenever possible schedule deliberate rest periods. Sustainable habits outperform short bursts of pressure."
10.666666666666666,3,32,4.666666666666667,0.9375,0.0,0,0.0,0,0.0,5.53125,0.13513513513513514,0.28125,0.15625,0.21875,0.0625,0.03125,AI_0025,P07,AI,"A practical approach is to set specific daily targets. In addition, review progress with a simple checklist. Consistency usually matters more than intensity, so track small progress and adjust your routine weekly."
10.333333333333334,3,31,4.333333333333333,0.967741935483871,0.5,0,0.0,1,0.03225806451612903,5.645161290322581,0.1388888888888889,0.3870967741935484,0.1935483870967742,0.16129032258064516,0.03225806451612903,0.06451612903225806,AI_0026,P07,AI,You can improve results by combining structure and recovery: protect consistent sleep hours. It also helps to use short focused study intervals. Clear priorities and adequate rest support long-term motivation.
8.25,4,33,4.5,0.9696969696969697,0.0,0,0.0,0,0.0,5.0,0.175,0.3333333333333333,0.18181818181818182,0.06060606060606061,0.06060606060606061,0.06060606060606061,AI_0027,P07,AI,"Start with manageable steps. First, reduce distractions during work blocks. Next, ask for feedback from peers. Review what worked at the end of each week and refine your plan without harsh self-judgment."
9.666666666666666,3,29,4.0,0.9655172413793104,0.0,0,0.0,0,0.0,6.551724137931035,0.12121212121212122,0.3793103448275862,0.13793103448275862,0.2413793103448276,0.034482758620689655,0.0,AI_0028,P07,AI,"Effective strategies often include planning and accountability. Try to break large tasks into smaller actions, and whenever possible schedule deliberate rest periods. Sustainable habits outperform short bursts of pressure."
10.666666666666666,3,32,4.666666666666667,0.9375,0.0,0,0.0,0,0.0,5.53125,0.13513513513513514,0.28125,0.15625,0.21875,0.0625,0.03125,AI_0029,P08,AI,"A practical approach is to set specific daily targets. In addition, review progress with a simple checklist. Consistency usually matters more than intensity, so track small progress and adjust your routine weekly."
10.333333333333334,3,31,4.333333333333333,0.967741935483871,0.5,0,0.0,1,0.03225806451612903,5.645161290322581,0.1388888888888889,0.3870967741935484,0.1935483870967742,0.16129032258064516,0.03225806451612903,0.06451612903225806,AI_0030,P08,AI,You can improve results by combining structure and recovery: protect consistent sleep hours. It also helps to use short focused study intervals. Clear priorities and adequate rest support long-term motivation.
8.25,4,33,4.5,0.9696969696969697,0.0,0,0.0,0,0.0,5.0,0.175,0.3333333333333333,0.18181818181818182,0.06060606060606061,0.06060606060606061,0.06060606060606061,AI_0031,P08,AI,"Start with manageable steps. First, reduce distractions during work blocks. Next, ask for feedback from peers. Review what worked at the end of each week and refine your plan without harsh self-judgment."
9.666666666666666,3,29,4.0,0.9655172413793104,0.0,0,0.0,0,0.0,6.551724137931035,0.12121212121212122,0.3793103448275862,0.13793103448275862,0.2413793103448276,0.034482758620689655,0.0,AI_0032,P08,AI,"Effective strategies often include planning and accountability. Try to break large tasks into smaller actions, and whenever possible schedule deliberate rest periods. Sustainable habits outperform short bursts of pressure."
10.666666666666666,3,32,4.666666666666667,0.9375,0.0,0,0.0,0,0.0,5.53125,0.13513513513513514,0.28125,0.15625,0.21875,0.0625,0.03125,AI_0033,P09,AI,"A practical approach is to set specific daily targets. In addition, review progress with a simple checklist. Consistency usually matters more than intensity, so track small progress and adjust your routine weekly."
10.333333333333334,3,31,4.333333333333333,0.967741935483871,0.5,0,0.0,1,0.03225806451612903,5.645161290322581,0.1388888888888889,0.3870967741935484,0.1935483870967742,0.16129032258064516,0.03225806451612903,0.06451612903225806,AI_0034,P09,AI,You can improve results by combining structure and recovery: protect consistent sleep hours. It also helps to use short focused study intervals. Clear priorities and adequate rest support long-term motivation.
8.25,4,33,4.5,0.9696969696969697,0.0,0,0.0,0,0.0,5.0,0.175,0.3333333333333333,0.18181818181818182,0.06060606060606061,0.06060606060606061,0.06060606060606061,AI_0035,P09,AI,"Start with manageable steps. First, reduce distractions during work blocks. Next, ask for feedback from peers. Review what worked at the end of each week and refine your plan without harsh self-judgment."
9.666666666666666,3,29,4.0,0.9655172413793104,0.0,0,0.0,0,0.0,6.551724137931035,0.12121212121212122,0.3793103448275862,0.13793103448275862,0.2413793103448276,0.034482758620689655,0.0,AI_0036,P09,AI,"Effective strategies often include planning and accountability. Try to break large tasks into smaller actions, and whenever possible schedule deliberate rest periods. Sustainable habits outperform short bursts of pressure."
10.666666666666666,3,32,4.666666666666667,0.9375,0.0,0,0.0,0,0.0,5.53125,0.13513513513513514,0.28125,0.15625,0.21875,0.0625,0.03125,AI_0037,P10,AI,"A practical approach is to set specific daily targets. In addition, review progress with a simple checklist. Consistency usually matters more than intensity, so track small progress and adjust your routine weekly."
10.333333333333334,3,31,4.333333333333333,0.967741935483871,0.5,0,0.0,1,0.03225806451612903,5.645161290322581,0.1388888888888889,0.3870967741935484,0.1935483870967742,0.16129032258064516,0.03225806451612903,0.06451612903225806,AI_0038,P10,AI,You can improve results by combining structure and recovery: protect consistent sleep hours. It also helps to use short focused study intervals. Clear priorities and adequate rest support long-term motivation.
8.25,4,33,4.5,0.9696969696969697,0.0,0,0.0,0,0.0,5.0,0.175,0.3333333333333333,0.18181818181818182,0.06060606060606061,0.06060606060606061,0.06060606060606061,AI_0039,P10,AI,"Start with manageable steps. First, reduce distractions during work blocks. Next, ask for feedback from peers. Review what worked at the end of each week and refine your plan without harsh self-judgment."
9.666666666666666,3,29,4.0,0.9655172413793104,0.0,0,0.0,0,0.0,6.551724137931035,0.12121212121212122,0.3793103448275862,0.13793103448275862,0.2413793103448276,0.034482758620689655,0.0,AI_0040,P10,AI,"Effective strategies often include planning and accountability. Try to break large tasks into smaller actions, and whenever possible schedule deliberate rest periods. Sustainable habits outperform short bursts of pressure."
10.0,3,30,4.333333333333333,0.9333333333333333,0.0,0,0.0,0,0.0,6.166666666666667,0.14285714285714285,0.3333333333333333,0.16666666666666666,0.16666666666666666,0.03333333333333333,0.03333333333333333,AI_0041,P11,AI,"In simple terms, the process follows identifiable stages. Equally important, outcomes depend on surrounding conditions. Understanding both the core mechanism and its broader impact makes the topic clearer for beginners."
10.333333333333334,3,31,4.333333333333333,0.967741935483871,0.3333333333333333,0,0.0,0,0.0,5.870967741935484,0.16216216216216217,0.3225806451612903,0.1935483870967742,0.12903225806451613,0.03225806451612903,0.0,AI_0042,P11,AI,"The concept can be summarized as follows: key components interact in a structured way. Furthermore, real-world applications vary by context. These points provide a concise foundation before exploring advanced details."
8.333333333333334,3,25,4.0,1.0,0.0,0,0.0,0,0.0,6.0,0.16666666666666666,0.36,0.08,0.16,0.08,0.0,AI_0043,P11,AI,"At a high level, the underlying mechanism is cause and effect. Relatedly, broader consequences affect communities. This explanation focuses on clarity rather than technical depth."
9.666666666666666,3,29,5.0,0.896551724137931,0.3333333333333333,0,0.0,0,0.0,6.103448275862069,0.14705882352941177,0.3103448275862069,0.1724137931034483,0.06896551724137931,0.10344827586206896,0.0,AI_0044,P11,AI,"A useful definition begins with the idea that definitions emphasize function over jargon. Additionally, examples make abstract ideas concrete. Together, these elements explain why the topic is widely discussed."
10.0,3,30,4.333333333333333,0.9333333333333333,0.0,0,0.0,0,0.0,6.166666666666667,0.14285714285714285,0.3333333333333333,0.16666666666666666,0.16666666666666666,0.03333333333333333,0.03333333333333333,AI_0045,P12,AI,"In simple terms, the process follows identifiable stages. Equally important, outcomes depend on surrounding conditions. Understanding both the core mechanism and its broader impact makes the topic clearer for beginners."
10.333333333333334,3,31,4.333333333333333,0.967741935483871,0.3333333333333333,0,0.0,0,0.0,5.870967741935484,0.16216216216216217,0.3225806451612903,0.1935483870967742,0.12903225806451613,0.03225806451612903,0.0,AI_0046,P12,AI,"The concept can be summarized as follows: key components interact in a structured way. Furthermore, real-world applications vary by context. These points provide a concise foundation before exploring advanced details."
8.333333333333334,3,25,4.0,1.0,0.0,0,0.0,0,0.0,6.0,0.16666666666666666,0.36,0.08,0.16,0.08,0.0,AI_0047,P12,AI,"At a high level, the underlying mechanism is cause and effect. Relatedly, broader consequences affect communities. This explanation focuses on clarity rather than technical depth."
9.666666666666666,3,29,5.0,0.896551724137931,0.3333333333333333,0,0.0,0,0.0,6.103448275862069,0.14705882352941177,0.3103448275862069,0.1724137931034483,0.06896551724137931,0.10344827586206896,0.0,AI_0048,P12,AI,"A useful definition begins with the idea that definitions emphasize function over jargon. Additionally, examples make abstract ideas concrete. Together, these elements explain why the topic is widely discussed."
10.0,3,30,4.333333333333333,0.9333333333333333,0.0,0,0.0,0,0.0,6.166666666666667,0.14285714285714285,0.3333333333333333,0.16666666666666666,0.16666666666666666,0.03333333333333333,0.03333333333333333,AI_0049,P13,AI,"In simple terms, the process follows identifiable stages. Equally important, outcomes depend on surrounding conditions. Understanding both the core mechanism and its broader impact makes the topic clearer for beginners."
10.333333333333334,3,31,4.333333333333333,0.967741935483871,0.3333333333333333,0,0.0,0,0.0,5.870967741935484,0.16216216216216217,0.3225806451612903,0.1935483870967742,0.12903225806451613,0.03225806451612903,0.0,AI_0050,P13,AI,"The concept can be summarized as follows: key components interact in a structured way. Furthermore, real-world applications vary by context. These points provide a concise foundation before exploring advanced details."
8.333333333333334,3,25,4.0,1.0,0.0,0,0.0,0,0.0,6.0,0.16666666666666666,0.36,0.08,0.16,0.08,0.0,AI_0051,P13,AI,"At a high level, the underlying mechanism is cause and effect. Relatedly, broader consequences affect communities. This explanation focuses on clarity rather than technical depth."
9.666666666666666,3,29,5.0,0.896551724137931,0.3333333333333333,0,0.0,0,0.0,6.103448275862069,0.14705882352941177,0.3103448275862069,0.1724137931034483,0.06896551724137931,0.10344827586206896,0.0,AI_0052,P13,AI,"A useful definition begins with the idea that definitions emphasize function over jargon. Additionally, examples make abstract ideas concrete. Together, these elements explain why the topic is widely discussed."
10.0,3,30,4.333333333333333,0.9333333333333333,0.0,0,0.0,0,0.0,6.166666666666667,0.14285714285714285,0.3333333333333333,0.16666666666666666,0.16666666666666666,0.03333333333333333,0.03333333333333333,AI_0053,P14,AI,"In simple terms, the process follows identifiable stages. Equally important, outcomes depend on surrounding conditions. Understanding both the core mechanism and its broader impact makes the topic clearer for beginners."
10.333333333333334,3,31,4.333333333333333,0.967741935483871,0.3333333333333333,0,0.0,0,0.0,5.870967741935484,0.16216216216216217,0.3225806451612903,0.1935483870967742,0.12903225806451613,0.03225806451612903,0.0,AI_0054,P14,AI,"The concept can be summarized as follows: key components interact in a structured way. Furthermore, real-world applications vary by context. These points provide a concise foundation before exploring advanced details."
8.333333333333334,3,25,4.0,1.0,0.0,0,0.0,0,0.0,6.0,0.16666666666666666,0.36,0.08,0.16,0.08,0.0,AI_0055,P14,AI,"At a high level, the underlying mechanism is cause and effect. Relatedly, broader consequences affect communities. This explanation focuses on clarity rather than technical depth."
9.666666666666666,3,29,5.0,0.896551724137931,0.3333333333333333,0,0.0,0,0.0,6.103448275862069,0.14705882352941177,0.3103448275862069,0.1724137931034483,0.06896551724137931,0.10344827586206896,0.0,AI_0056,P14,AI,"A useful definition begins with the idea that definitions emphasize function over jargon. Additionally, examples make abstract ideas concrete. Together, these elements explain why the topic is widely discussed."
10.0,3,30,4.333333333333333,0.9333333333333333,0.0,0,0.0,0,0.0,6.166666666666667,0.14285714285714285,0.3333333333333333,0.16666666666666666,0.16666666666666666,0.03333333333333333,0.03333333333333333,AI_0057,P15,AI,"In simple terms, the process follows identifiable stages. Equally important, outcomes depend on surrounding conditions. Understanding both the core mechanism and its broader impact makes the topic clearer for beginners."
10.333333333333334,3,31,4.333333333333333,0.967741935483871,0.3333333333333333,0,0.0,0,0.0,5.870967741935484,0.16216216216216217,0.3225806451612903,0.1935483870967742,0.12903225806451613,0.03225806451612903,0.0,AI_0058,P15,AI,"The concept can be summarized as follows: key components interact in a structured way. Furthermore, real-world applications vary by context. These points provide a concise foundation before exploring advanced details."
8.333333333333334,3,25,4.0,1.0,0.0,0,0.0,0,0.0,6.0,0.16666666666666666,0.36,0.08,0.16,0.08,0.0,AI_0059,P15,AI,"At a high level, the underlying mechanism is cause and effect. Relatedly, broader consequences affect communities. This explanation focuses on clarity rather than technical depth."
9.666666666666666,3,29,5.0,0.896551724137931,0.3333333333333333,0,0.0,0,0.0,6.103448275862069,0.14705882352941177,0.3103448275862069,0.1724137931034483,0.06896551724137931,0.10344827586206896,0.0,AI_0060,P15,AI,"A useful definition begins with the idea that definitions emphasize function over jargon. Additionally, examples make abstract ideas concrete. Together, these elements explain why the topic is widely discussed."
10.0,3,30,4.333333333333333,0.9333333333333333,0.0,0,0.0,0,0.0,6.166666666666667,0.14285714285714285,0.3333333333333333,0.16666666666666666,0.16666666666666666,0.03333333333333333,0.03333333333333333,AI_0061,P16,AI,"In simple terms, the process follows identifiable stages. Equally important, outcomes depend on surrounding conditions. Understanding both the core mechanism and its broader impact makes the topic clearer for beginners."
10.333333333333334,3,31,4.333333333333333,0.967741935483871,0.3333333333333333,0,0.0,0,0.0,5.870967741935484,0.16216216216216217,0.3225806451612903,0.1935483870967742,0.12903225806451613,0.03225806451612903,0.0,AI_0062,P16,AI,"The concept can be summarized as follows: key components interact in a structured way. Furthermore, real-world applications vary by context. These points provide a concise foundation before exploring advanced details."
8.333333333333334,3,25,4.0,1.0,0.0,0,0.0,0,0.0,6.0,0.16666666666666666,0.36,0.08,0.16,0.08,0.0,AI_0063,P16,AI,"At a high level, the underlying mechanism is cause and effect. Relatedly, broader consequences affect communities. This explanation focuses on clarity rather than technical depth."
9.666666666666666,3,29,5.0,0.896551724137931,0.3333333333333333,0,0.0,0,0.0,6.103448275862069,0.14705882352941177,0.3103448275862069,0.1724137931034483,0.06896551724137931,0.10344827586206896,0.0,AI_0064,P16,AI,"A useful definition begins with the idea that definitions emphasize function over jargon. Additionally, examples make abstract ideas concrete. Together, these elements explain why the topic is widely discussed."
10.0,3,30,4.333333333333333,0.9333333333333333,0.0,0,0.0,0,0.0,6.166666666666667,0.14285714285714285,0.3333333333333333,0.16666666666666666,0.16666666666666666,0.03333333333333333,0.03333333333333333,AI_0065,P17,AI,"In simple terms, the process follows identifiable stages. Equally important, outcomes depend on surrounding conditions. Understanding both the core mechanism and its broader impact makes the topic clearer for beginners."
10.333333333333334,3,31,4.333333333333333,0.967741935483871,0.3333333333333333,0,0.0,0,0.0,5.870967741935484,0.16216216216216217,0.3225806451612903,0.1935483870967742,0.12903225806451613,0.03225806451612903,0.0,AI_0066,P17,AI,"The concept can be summarized as follows: key components interact in a structured way. Furthermore, real-world applications vary by context. These points provide a concise foundation before exploring advanced details."
8.333333333333334,3,25,4.0,1.0,0.0,0,0.0,0,0.0,6.0,0.16666666666666666,0.36,0.08,0.16,0.08,0.0,AI_0067,P17,AI,"At a high level, the underlying mechanism is cause and effect. Relatedly, broader consequences affect communities. This explanation focuses on clarity rather than technical depth."
9.666666666666666,3,29,5.0,0.896551724137931,0.3333333333333333,0,0.0,0,0.0,6.103448275862069,0.14705882352941177,0.3103448275862069,0.1724137931034483,0.06896551724137931,0.10344827586206896,0.0,AI_0068,P17,AI,"A useful definition begins with the idea that definitions emphasize function over jargon. Additionally, examples make abstract ideas concrete. Together, these elements explain why the topic is widely discussed."
10.0,3,30,4.333333333333333,0.9333333333333333,0.0,0,0.0,0,0.0,6.166666666666667,0.14285714285714285,0.3333333333333333,0.16666666666666666,0.16666666666666666,0.03333333333333333,0.03333333333333333,AI_0069,P18,AI,"In simple terms, the process follows identifiable stages. Equally important, outcomes depend on surrounding conditions. Understanding both the core mechanism and its broader impact makes the topic clearer for beginners."
10.333333333333334,3,31,4.333333333333333,0.967741935483871,0.3333333333333333,0,0.0,0,0.0,5.870967741935484,0.16216216216216217,0.3225806451612903,0.1935483870967742,0.12903225806451613,0.03225806451612903,0.0,AI_0070,P18,AI,"The concept can be summarized as follows: key components interact in a structured way. Furthermore, real-world applications vary by context. These points provide a concise foundation before exploring advanced details."
8.333333333333334,3,25,4.0,1.0,0.0,0,0.0,0,0.0,6.0,0.16666666666666666,0.36,0.08,0.16,0.08,0.0,AI_0071,P18,AI,"At a high level, the underlying mechanism is cause and effect. Relatedly, broader consequences affect communities. This explanation focuses on clarity rather than technical depth."
9.666666666666666,3,29,5.0,0.896551724137931,0.3333333333333333,0,0.0,0,0.0,6.103448275862069,0.14705882352941177,0.3103448275862069,0.1724137931034483,0.06896551724137931,0.10344827586206896,0.0,AI_0072,P18,AI,"A useful definition begins with the idea that definitions emphasize function over jargon. Additionally, examples make abstract ideas concrete. Together, these elements explain why the topic is widely discussed."
10.0,3,30,4.333333333333333,0.9333333333333333,0.0,0,0.0,0,0.0,6.166666666666667,0.14285714285714285,0.3333333333333333,0.16666666666666666,0.16666666666666666,0.03333333333333333,0.03333333333333333,AI_0073,P19,AI,"In simple terms, the process follows identifiable stages. Equally important, outcomes depend on surrounding conditions. Understanding both the core mechanism and its broader impact makes the topic clearer for beginners."
10.333333333333334,3,31,4.333333333333333,0.967741935483871,0.3333333333333333,0,0.0,0,0.0,5.870967741935484,0.16216216216216217,0.3225806451612903,0.1935483870967742,0.12903225806451613,0.03225806451612903,0.0,AI_0074,P19,AI,"The concept can be summarized as follows: key components interact in a structured way. Furthermore, real-world applications vary by context. These points provide a concise foundation before exploring advanced details."
8.333333333333334,3,25,4.0,1.0,0.0,0,0.0,0,0.0,6.0,0.16666666666666666,0.36,0.08,0.16,0.08,0.0,AI_0075,P19,AI,"At a high level, the underlying mechanism is cause and effect. Relatedly, broader consequences affect communities. This explanation focuses on clarity rather than technical depth."
9.666666666666666,3,29,5.0,0.896551724137931,0.3333333333333333,0,0.0,0,0.0,6.103448275862069,0.14705882352941177,0.3103448275862069,0.1724137931034483,0.06896551724137931,0.10344827586206896,0.0,AI_0076,P19,AI,"A useful definition begins with the idea that definitions emphasize function over jargon. Additionally, examples make abstract ideas concrete. Together, these elements explain why the topic is widely discussed."
10.0,3,30,4.333333333333333,0.9333333333333333,0.0,0,0.0,0,0.0,6.166666666666667,0.14285714285714285,0.3333333333333333,0.16666666666666666,0.16666666666666666,0.03333333333333333,0.03333333333333333,AI_0077,P20,AI,"In simple terms, the process follows identifiable stages. Equally important, outcomes depend on surrounding conditions. Understanding both the core mechanism and its broader impact makes the topic clearer for beginners."
10.333333333333334,3,31,4.333333333333333,0.967741935483871,0.3333333333333333,0,0.0,0,0.0,5.870967741935484,0.16216216216216217,0.3225806451612903,0.1935483870967742,0.12903225806451613,0.03225806451612903,0.0,AI_0078,P20,AI,"The concept can be summarized as follows: key components interact in a structured way. Furthermore, real-world applications vary by context. These points provide a concise foundation before exploring advanced details."
8.333333333333334,3,25,4.0,1.0,0.0,0,0.0,0,0.0,6.0,0.16666666666666666,0.36,0.08,0.16,0.08,0.0,AI_0079,P20,AI,"At a high level, the underlying mechanism is cause and effect. Relatedly, broader consequences affect communities. This explanation focuses on clarity rather than technical depth."
9.666666666666666,3,29,5.0,0.896551724137931,0.3333333333333333,0,0.0,0,0.0,6.103448275862069,0.14705882352941177,0.3103448275862069,0.1724137931034483,0.06896551724137931,0.10344827586206896,0.0,AI_0080,P20,AI,"A useful definition begins with the idea that definitions emphasize function over jargon. Additionally, examples make abstract ideas concrete. Together, these elements explain why the topic is widely discussed."
10.0,3,30,4.333333333333333,0.9,0.0,0,0.0,0,0.0,4.966666666666667,0.14285714285714285,0.36666666666666664,0.1,0.16666666666666666,0.03333333333333333,0.03333333333333333,AI_0081,P21,AI,"In a short scene, rain gathers on quiet rooftops. Moments later, a familiar object returns to its owner. The ending leaves a quiet sense of resolution without needing dramatic twists."
9.666666666666666,3,29,4.666666666666667,0.9310344827586207,0.0,0,0.0,0,0.0,5.448275862068965,0.14705882352941177,0.3103448275862069,0.20689655172413793,0.1724137931034483,0.0,0.0,AI_0082,P21,AI,"Imagine a setting where two strangers share a delayed journey. As the moment unfolds, conversation turns cautious hope into connection. The tone stays gentle, focusing on small human details."
9.666666666666666,3,29,4.333333333333333,0.9310344827586207,0.0,0,0.0,0,0.0,5.482758620689655,0.12121212121212122,0.3103448275862069,0.13793103448275862,0.1724137931034483,0.06896551724137931,0.0,AI_0083,P21,AI,"A compact narrative begins when an ordinary evening feels unusually vivid. Eventually, a small act of kindness closes the scene. The story emphasizes emotion and atmosphere over complex plot."
8.666666666666666,3,26,3.6666666666666665,1.0,0.0,0,0.0,0,0.0,5.884615384615385,0.1875,0.23076923076923078,0.23076923076923078,0.11538461538461539,0.23076923076923078,0.07692307692307693,AI_0084,P21,AI,"Consider this vignette: city lights reflect on wet pavement. Then, unexpectedly yet softly, someone rediscovers what mattered most. Such scenes work best when imagery remains concrete."
10.0,3,30,4.333333333333333,0.9,0.0,0,0.0,0,0.0,4.966666666666667,0.14285714285714285,0.36666666666666664,0.1,0.16666666666666666,0.03333333333333333,0.03333333333333333,AI_0085,P22,AI,"In a short scene, rain gathers on quiet rooftops. Moments later, a familiar object returns to its owner. The ending leaves a quiet sense of resolution without needing dramatic twists."
9.666666666666666,3,29,4.666666666666667,0.9310344827586207,0.0,0,0.0,0,0.0,5.448275862068965,0.14705882352941177,0.3103448275862069,0.20689655172413793,0.1724137931034483,0.0,0.0,AI_0086,P22,AI,"Imagine a setting where two strangers share a delayed journey. As the moment unfolds, conversation turns cautious hope into connection. The tone stays gentle, focusing on small human details."
9.666666666666666,3,29,4.333333333333333,0.9310344827586207,0.0,0,0.0,0,0.0,5.482758620689655,0.12121212121212122,0.3103448275862069,0.13793103448275862,0.1724137931034483,0.06896551724137931,0.0,AI_0087,P22,AI,"A compact narrative begins when an ordinary evening feels unusually vivid. Eventually, a small act of kindness closes the scene. The story emphasizes emotion and atmosphere over complex plot."
8.666666666666666,3,26,3.6666666666666665,1.0,0.0,0,0.0,0,0.0,5.884615384615385,0.1875,0.23076923076923078,0.23076923076923078,0.11538461538461539,0.23076923076923078,0.07692307692307693,AI_0088,P22,AI,"Consider this vignette: city lights reflect on wet pavement. Then, unexpectedly yet softly, someone rediscovers what mattered most. Such scenes work best when imagery remains concrete."
10.0,3,30,4.333333333333333,0.9,0.0,0,0.0,0,0.0,4.966666666666667,0.14285714285714285,0.36666666666666664,0.1,0.16666666666666666,0.03333333333333333,0.03333333333333333,AI_0089,P23,AI,"In a short scene, rain gathers on quiet rooftops. Moments later, a familiar object returns to its owner. The ending leaves a quiet sense of resolution without needing dramatic twists."
9.666666666666666,3,29,4.666666666666667,0.9310344827586207,0.0,0,0.0,0,0.0,5.448275862068965,0.14705882352941177,0.3103448275862069,0.20689655172413793,0.1724137931034483,0.0,0.0,AI_0090,P23,AI,"Imagine a setting where two strangers share a delayed journey. As the moment unfolds, conversation turns cautious hope into connection. The tone stays gentle, focusing on small human details."
9.666666666666666,3,29,4.333333333333333,0.9310344827586207,0.0,0,0.0,0,0.0,5.482758620689655,0.12121212121212122,0.3103448275862069,0.13793103448275862,0.1724137931034483,0.06896551724137931,0.0,AI_0091,P23,AI,"A compact narrative begins when an ordinary evening feels unusually vivid. Eventually, a small act of kindness closes the scene. The story emphasizes emotion and atmosphere over complex plot."
8.666666666666666,3,26,3.6666666666666665,1.0,0.0,0,0.0,0,0.0,5.884615384615385,0.1875,0.23076923076923078,0.23076923076923078,0.11538461538461539,0.23076923076923078,0.07692307692307693,AI_0092,P23,AI,"Consider this vignette: city lights reflect on wet pavement. Then, unexpectedly yet softly, someone rediscovers what mattered most. Such scenes work best when imagery remains concrete."
10.0,3,30,4.333333333333333,0.9,0.0,0,0.0,0,0.0,4.966666666666667,0.14285714285714285,0.36666666666666664,0.1,0.16666666666666666,0.03333333333333333,0.03333333333333333,AI_0093,P24,AI,"In a short scene, rain gathers on quiet rooftops. Moments later, a familiar object returns to its owner. The ending leaves a quiet sense of resolution without needing dramatic twists."
9.666666666666666,3,29,4.666666666666667,0.9310344827586207,0.0,0,0.0,0,0.0,5.448275862068965,0.14705882352941177,0.3103448275862069,0.20689655172413793,0.1724137931034483,0.0,0.0,AI_0094,P24,AI,"Imagine a setting where two strangers share a delayed journey. As the moment unfolds, conversation turns cautious hope into connection. The tone stays gentle, focusing on small human details."
9.666666666666666,3,29,4.333333333333333,0.9310344827586207,0.0,0,0.0,0,0.0,5.482758620689655,0.12121212121212122,0.3103448275862069,0.13793103448275862,0.1724137931034483,0.06896551724137931,0.0,AI_0095,P24,AI,"A compact narrative begins when an ordinary evening feels unusually vivid. Eventually, a small act of kindness closes the scene. The story emphasizes emotion and atmosphere over complex plot."
8.666666666666666,3,26,3.6666666666666665,1.0,0.0,0,0.0,0,0.0,5.884615384615385,0.1875,0.23076923076923078,0.23076923076923078,0.11538461538461539,0.23076923076923078,0.07692307692307693,AI_0096,P24,AI,"Consider this vignette: city lights reflect on wet pavement. Then, unexpectedly yet softly, someone rediscovers what mattered most. Such scenes work best when imagery remains concrete."
10.0,3,30,4.333333333333333,0.9,0.0,0,0.0,0,0.0,4.966666666666667,0.14285714285714285,0.36666666666666664,0.1,0.16666666666666666,0.03333333333333333,0.03333333333333333,AI_0097,P25,AI,"In a short scene, rain gathers on quiet rooftops. Moments later, a familiar object returns to its owner. The ending leaves a quiet sense of resolution without needing dramatic twists."
9.666666666666666,3,29,4.666666666666667,0.9310344827586207,0.0,0,0.0,0,0.0,5.448275862068965,0.14705882352941177,0.3103448275862069,0.20689655172413793,0.1724137931034483,0.0,0.0,AI_0098,P25,AI,"Imagine a setting where two strangers share a delayed journey. As the moment unfolds, conversation turns cautious hope into connection. The tone stays gentle, focusing on small human details."
9.666666666666666,3,29,4.333333333333333,0.9310344827586207,0.0,0,0.0,0,0.0,5.482758620689655,0.12121212121212122,0.3103448275862069,0.13793103448275862,0.1724137931034483,0.06896551724137931,0.0,AI_0099,P25,AI,"A compact narrative begins when an ordinary evening feels unusually vivid. Eventually, a small act of kindness closes the scene. The story emphasizes emotion and atmosphere over complex plot."
8.666666666666666,3,26,3.6666666666666665,1.0,0.0,0,0.0,0,0.0,5.884615384615385,0.1875,0.23076923076923078,0.23076923076923078,0.11538461538461539,0.23076923076923078,0.07692307692307693,AI_0100,P25,AI,"Consider this vignette: city lights reflect on wet pavement. Then, unexpectedly yet softly, someone rediscovers what mattered most. Such scenes work best when imagery remains concrete."
10.0,3,30,4.333333333333333,0.9,0.0,0,0.0,0,0.0,4.966666666666667,0.14285714285714285,0.36666666666666664,0.1,0.16666666666666666,0.03333333333333333,0.03333333333333333,AI_0101,P26,AI,"In a short scene, rain gathers on quiet rooftops. Moments later, a familiar object returns to its owner. The ending leaves a quiet sense of resolution without needing dramatic twists."
9.666666666666666,3,29,4.666666666666667,0.9310344827586207,0.0,0,0.0,0,0.0,5.448275862068965,0.14705882352941177,0.3103448275862069,0.20689655172413793,0.1724137931034483,0.0,0.0,AI_0102,P26,AI,"Imagine a setting where two strangers share a delayed journey. As the moment unfolds, conversation turns cautious hope into connection. The tone stays gentle, focusing on small human details."
9.666666666666666,3,29,4.333333333333333,0.9310344827586207,0.0,0,0.0,0,0.0,5.482758620689655,0.12121212121212122,0.3103448275862069,0.13793103448275862,0.1724137931034483,0.06896551724137931,0.0,AI_0103,P26,AI,"A compact narrative begins when an ordinary evening feels unusually vivid. Eventually, a small act of kindness closes the scene. The story emphasizes emotion and atmosphere over complex plot."
8.666666666666666,3,26,3.6666666666666665,1.0,0.0,0,0.0,0,0.0,5.884615384615385,0.1875,0.23076923076923078,0.23076923076923078,0.11538461538461539,0.23076923076923078,0.07692307692307693,AI_0104,P26,AI,"Consider this vignette: city lights reflect on wet pavement. Then, unexpectedly yet softly, someone rediscovers what mattered most. Such scenes work best when imagery remains concrete."
10.0,3,30,4.333333333333333,0.9,0.0,0,0.0,0,0.0,4.966666666666667,0.14285714285714285,0.36666666666666664,0.1,0.16666666666666666,0.03333333333333333,0.03333333333333333,AI_0105,P27,AI,"In a short scene, rain gathers on quiet rooftops. Moments later, a familiar object returns to its owner. The ending leaves a quiet sense of resolution without needing dramatic twists."
9.666666666666666,3,29,4.666666666666667,0.9310344827586207,0.0,0,0.0,0,0.0,5.448275862068965,0.14705882352941177,0.3103448275862069,0.20689655172413793,0.1724137931034483,0.0,0.0,AI_0106,P27,AI,"Imagine a setting where two strangers share a delayed journey. As the moment unfolds, conversation turns cautious hope into connection. The tone stays gentle, focusing on small human details."
9.666666666666666,3,29,4.333333333333333,0.9310344827586207,0.0,0,0.0,0,0.0,5.482758620689655,0.12121212121212122,0.3103448275862069,0.13793103448275862,0.1724137931034483,0.06896551724137931,0.0,AI_0107,P27,AI,"A compact narrative begins when an ordinary evening feels unusually vivid. Eventually, a small act of kindness closes the scene. The story emphasizes emotion and atmosphere over complex plot."
8.666666666666666,3,26,3.6666666666666665,1.0,0.0,0,0.0,0,0.0,5.884615384615385,0.1875,0.23076923076923078,0.23076923076923078,0.11538461538461539,0.23076923076923078,0.07692307692307693,AI_0108,P27,AI,"Consider this vignette: city lights reflect on wet pavement. Then, unexpectedly yet softly, someone rediscovers what mattered most. Such scenes work best when imagery remains concrete."
10.0,3,30,4.333333333333333,0.9,0.0,0,0.0,0,0.0,4.966666666666667,0.14285714285714285,0.36666666666666664,0.1,0.16666666666666666,0.03333333333333333,0.03333333333333333,AI_0109,P28,AI,"In a short scene, rain gathers on quiet rooftops. Moments later, a familiar object returns to its owner. The ending leaves a quiet sense of resolution without needing dramatic twists."
9.666666666666666,3,29,4.666666666666667,0.9310344827586207,0.0,0,0.0,0,0.0,5.448275862068965,0.14705882352941177,0.3103448275862069,0.20689655172413793,0.1724137931034483,0.0,0.0,AI_0110,P28,AI,"Imagine a setting where two strangers share a delayed journey. As the moment unfolds, conversation turns cautious hope into connection. The tone stays gentle, focusing on small human details."
9.666666666666666,3,29,4.333333333333333,0.9310344827586207,0.0,0,0.0,0,0.0,5.482758620689655,0.12121212121212122,0.3103448275862069,0.13793103448275862,0.1724137931034483,0.06896551724137931,0.0,AI_0111,P28,AI,"A compact narrative begins when an ordinary evening feels unusually vivid. Eventually, a small act of kindness closes the scene. The story emphasizes emotion and atmosphere over complex plot."
8.666666666666666,3,26,3.6666666666666665,1.0,0.0,0,0.0,0,0.0,5.884615384615385,0.1875,0.23076923076923078,0.23076923076923078,0.11538461538461539,0.23076923076923078,0.07692307692307693,AI_0112,P28,AI,"Consider this vignette: city lights reflect on wet pavement. Then, unexpectedly yet softly, someone rediscovers what mattered most. Such scenes work best when imagery remains concrete."
10.0,3,30,4.333333333333333,0.9,0.0,0,0.0,0,0.0,4.966666666666667,0.14285714285714285,0.36666666666666664,0.1,0.16666666666666666,0.03333333333333333,0.03333333333333333,AI_0113,P29,AI,"In a short scene, rain gathers on quiet rooftops. Moments later, a familiar object returns to its owner. The ending leaves a quiet sense of resolution without needing dramatic twists."
9.666666666666666,3,29,4.666666666666667,0.9310344827586207,0.0,0,0.0,0,0.0,5.448275862068965,0.14705882352941177,0.3103448275862069,0.20689655172413793,0.1724137931034483,0.0,0.0,AI_0114,P29,AI,"Imagine a setting where two strangers share a delayed journey. As the moment unfolds, conversation turns cautious hope into connection. The tone stays gentle, focusing on small human details."
9.666666666666666,3,29,4.333333333333333,0.9310344827586207,0.0,0,0.0,0,0.0,5.482758620689655,0.12121212121212122,0.3103448275862069,0.13793103448275862,0.1724137931034483,0.06896551724137931,0.0,AI_0115,P29,AI,"A compact narrative begins when an ordinary evening feels unusually vivid. Eventually, a small act of kindness closes the scene. The story emphasizes emotion and atmosphere over complex plot."
8.666666666666666,3,26,3.6666666666666665,1.0,0.0,0,0.0,0,0.0,5.884615384615385,0.1875,0.23076923076923078,0.23076923076923078,0.11538461538461539,0.23076923076923078,0.07692307692307693,AI_0116,P29,AI,"Consider this vignette: city lights reflect on wet pavement. Then, unexpectedly yet softly, someone rediscovers what mattered most. Such scenes work best when imagery remains concrete."
10.0,3,30,4.333333333333333,0.9,0.0,0,0.0,0,0.0,4.966666666666667,0.14285714285714285,0.36666666666666664,0.1,0.16666666666666666,0.03333333333333333,0.03333333333333333,AI_0117,P30,AI,"In a short scene, rain gathers on quiet rooftops. Moments later, a familiar object returns to its owner. The ending leaves a quiet sense of resolution without needing dramatic twists."
9.666666666666666,3,29,4.666666666666667,0.9310344827586207,0.0,0,0.0,0,0.0,5.448275862068965,0.14705882352941177,0.3103448275862069,0.20689655172413793,0.1724137931034483,0.0,0.0,AI_0118,P30,AI,"Imagine a setting where two strangers share a delayed journey. As the moment unfolds, conversation turns cautious hope into connection. The tone stays gentle, focusing on small human details."
9.666666666666666,3,29,4.333333333333333,0.9310344827586207,0.0,0,0.0,0,0.0,5.482758620689655,0.12121212121212122,0.3103448275862069,0.13793103448275862,0.1724137931034483,0.06896551724137931,0.0,AI_0119,P30,AI,"A compact narrative begins when an ordinary evening feels unusually vivid. Eventually, a small act of kindness closes the scene. The story emphasizes emotion and atmosphere over complex plot."
8.666666666666666,3,26,3.6666666666666665,1.0,0.0,0,0.0,0,0.0,5.884615384615385,0.1875,0.23076923076923078,0.23076923076923078,0.11538461538461539,0.23076923076923078,0.07692307692307693,AI_0120,P30,AI,"Consider this vignette: city lights reflect on wet pavement. Then, unexpectedly yet softly, someone rediscovers what mattered most. Such scenes work best when imagery remains concrete."
10.0,3,30,4.666666666666667,0.9333333333333333,0.0,0,0.0,0,0.0,5.6,0.16666666666666666,0.3333333333333333,0.1,0.23333333333333334,0.03333333333333333,0.0,AI_0121,P31,AI,"A balanced view is that responsible use creates clear benefits. At the same time, unrestricted use can reduce focus. The stronger position usually depends on context, goals, and individual circumstances."
10.666666666666666,3,32,4.666666666666667,0.9375,0.0,0,0.0,1,0.03125,5.9375,0.13513513513513514,0.28125,0.09375,0.21875,0.09375,0.03125,AI_0122,P31,AI,"One reasonable perspective is that structured learning supports deeper understanding. However, it is also true that flexibility remains valuable for access. Careful evaluation of trade-offs leads to a more nuanced conclusion."
7.666666666666667,3,23,4.0,0.9130434782608695,0.0,0,0.0,0,0.0,6.695652173913044,0.20689655172413793,0.34782608695652173,0.08695652173913043,0.21739130434782608,0.17391304347826086,0.0,AI_0123,P31,AI,"In many cases, skills development matters beyond scores. Still, assessment still provides useful signals. Therefore, absolute claims are less useful than conditional recommendations."
8.333333333333334,3,25,4.0,0.96,0.3333333333333333,0,0.0,0,0.0,6.76,0.1935483870967742,0.36,0.2,0.08,0.08,0.0,AI_0124,P31,AI,"From an evidence-informed standpoint, technology can support learning effectively. Equally, integrity guidelines remain essential. Policy and personal choices should reflect both benefits and risks."
10.0,3,30,4.666666666666667,0.9333333333333333,0.0,0,0.0,0,0.0,5.6,0.16666666666666666,0.3333333333333333,0.1,0.23333333333333334,0.03333333333333333,0.0,AI_0125,P32,AI,"A balanced view is that responsible use creates clear benefits. At the same time, unrestricted use can reduce focus. The stronger position usually depends on context, goals, and individual circumstances."
10.666666666666666,3,32,4.666666666666667,0.9375,0.0,0,0.0,1,0.03125,5.9375,0.13513513513513514,0.28125,0.09375,0.21875,0.09375,0.03125,AI_0126,P32,AI,"One reasonable perspective is that structured learning supports deeper understanding. However, it is also true that flexibility remains valuable for access. Careful evaluation of trade-offs leads to a more nuanced conclusion."
7.666666666666667,3,23,4.0,0.9130434782608695,0.0,0,0.0,0,0.0,6.695652173913044,0.20689655172413793,0.34782608695652173,0.08695652173913043,0.21739130434782608,0.17391304347826086,0.0,AI_0127,P32,AI,"In many cases, skills development matters beyond scores. Still, assessment still provides useful signals. Therefore, absolute claims are less useful than conditional recommendations."
8.333333333333334,3,25,4.0,0.96,0.3333333333333333,0,0.0,0,0.0,6.76,0.1935483870967742,0.36,0.2,0.08,0.08,0.0,AI_0128,P32,AI,"From an evidence-informed standpoint, technology can support learning effectively. Equally, integrity guidelines remain essential. Policy and personal choices should reflect both benefits and risks."
10.0,3,30,4.666666666666667,0.9333333333333333,0.0,0,0.0,0,0.0,5.6,0.16666666666666666,0.3333333333333333,0.1,0.23333333333333334,0.03333333333333333,0.0,AI_0129,P33,AI,"A balanced view is that responsible use creates clear benefits. At the same time, unrestricted use can reduce focus. The stronger position usually depends on context, goals, and individual circumstances."
10.666666666666666,3,32,4.666666666666667,0.9375,0.0,0,0.0,1,0.03125,5.9375,0.13513513513513514,0.28125,0.09375,0.21875,0.09375,0.03125,AI_0130,P33,AI,"One reasonable perspective is that structured learning supports deeper understanding. However, it is also true that flexibility remains valuable for access. Careful evaluation of trade-offs leads to a more nuanced conclusion."
7.666666666666667,3,23,4.0,0.9130434782608695,0.0,0,0.0,0,0.0,6.695652173913044,0.20689655172413793,0.34782608695652173,0.08695652173913043,0.21739130434782608,0.17391304347826086,0.0,AI_0131,P33,AI,"In many cases, skills development matters beyond scores. Still, assessment still provides useful signals. Therefore, absolute claims are less useful than conditional recommendations."
8.333333333333334,3,25,4.0,0.96,0.3333333333333333,0,0.0,0,0.0,6.76,0.1935483870967742,0.36,0.2,0.08,0.08,0.0,AI_0132,P33,AI,"From an evidence-informed standpoint, technology can support learning effectively. Equally, integrity guidelines remain essential. Policy and personal choices should reflect both benefits and risks."
10.0,3,30,4.666666666666667,0.9333333333333333,0.0,0,0.0,0,0.0,5.6,0.16666666666666666,0.3333333333333333,0.1,0.23333333333333334,0.03333333333333333,0.0,AI_0133,P34,AI,"A balanced view is that responsible use creates clear benefits. At the same time, unrestricted use can reduce focus. The stronger position usually depends on context, goals, and individual circumstances."
10.666666666666666,3,32,4.666666666666667,0.9375,0.0,0,0.0,1,0.03125,5.9375,0.13513513513513514,0.28125,0.09375,0.21875,0.09375,0.03125,AI_0134,P34,AI,"One reasonable perspective is that structured learning supports deeper understanding. However, it is also true that flexibility remains valuable for access. Careful evaluation of trade-offs leads to a more nuanced conclusion."
7.666666666666667,3,23,4.0,0.9130434782608695,0.0,0,0.0,0,0.0,6.695652173913044,0.20689655172413793,0.34782608695652173,0.08695652173913043,0.21739130434782608,0.17391304347826086,0.0,AI_0135,P34,AI,"In many cases, skills development matters beyond scores. Still, assessment still provides useful signals. Therefore, absolute claims are less useful than conditional recommendations."
8.333333333333334,3,25,4.0,0.96,0.3333333333333333,0,0.0,0,0.0,6.76,0.1935483870967742,0.36,0.2,0.08,0.08,0.0,AI_0136,P34,AI,"From an evidence-informed standpoint, technology can support learning effectively. Equally, integrity guidelines remain essential. Policy and personal choices should reflect both benefits and risks."
10.0,3,30,4.666666666666667,0.9333333333333333,0.0,0,0.0,0,0.0,5.6,0.16666666666666666,0.3333333333333333,0.1,0.23333333333333334,0.03333333333333333,0.0,AI_0137,P35,AI,"A balanced view is that responsible use creates clear benefits. At the same time, unrestricted use can reduce focus. The stronger position usually depends on context, goals, and individual circumstances."
10.666666666666666,3,32,4.666666666666667,0.9375,0.0,0,0.0,1,0.03125,5.9375,0.13513513513513514,0.28125,0.09375,0.21875,0.09375,0.03125,AI_0138,P35,AI,"One reasonable perspective is that structured learning supports deeper understanding. However, it is also true that flexibility remains valuable for access. Careful evaluation of trade-offs leads to a more nuanced conclusion."
7.666666666666667,3,23,4.0,0.9130434782608695,0.0,0,0.0,0,0.0,6.695652173913044,0.20689655172413793,0.34782608695652173,0.08695652173913043,0.21739130434782608,0.17391304347826086,0.0,AI_0139,P35,AI,"In many cases, skills development matters beyond scores. Still, assessment still provides useful signals. Therefore, absolute claims are less useful than conditional recommendations."
8.333333333333334,3,25,4.0,0.96,0.3333333333333333,0,0.0,0,0.0,6.76,0.1935483870967742,0.36,0.2,0.08,0.08,0.0,AI_0140,P35,AI,"From an evidence-informed standpoint, technology can support learning effectively. Equally, integrity guidelines remain essential. Policy and personal choices should reflect both benefits and risks."
10.0,3,30,4.666666666666667,0.9333333333333333,0.0,0,0.0,0,0.0,5.6,0.16666666666666666,0.3333333333333333,0.1,0.23333333333333334,0.03333333333333333,0.0,AI_0141,P36,AI,"A balanced view is that responsible use creates clear benefits. At the same time, unrestricted use can reduce focus. The stronger position usually depends on context, goals, and individual circumstances."
10.666666666666666,3,32,4.666666666666667,0.9375,0.0,0,0.0,1,0.03125,5.9375,0.13513513513513514,0.28125,0.09375,0.21875,0.09375,0.03125,AI_0142,P36,AI,"One reasonable perspective is that structured learning supports deeper understanding. However, it is also true that flexibility remains valuable for access. Careful evaluation of trade-offs leads to a more nuanced conclusion."
7.666666666666667,3,23,4.0,0.9130434782608695,0.0,0,0.0,0,0.0,6.695652173913044,0.20689655172413793,0.34782608695652173,0.08695652173913043,0.21739130434782608,0.17391304347826086,0.0,AI_0143,P36,AI,"In many cases, skills development matters beyond scores. Still, assessment still provides useful signals. Therefore, absolute claims are less useful than conditional recommendations."
8.333333333333334,3,25,4.0,0.96,0.3333333333333333,0,0.0,0,0.0,6.76,0.1935483870967742,0.36,0.2,0.08,0.08,0.0,AI_0144,P36,AI,"From an evidence-informed standpoint, technology can support learning effectively. Equally, integrity guidelines remain essential. Policy and personal choices should reflect both benefits and risks."
10.0,3,30,4.666666666666667,0.9333333333333333,0.0,0,0.0,0,0.0,5.6,0.16666666666666666,0.3333333333333333,0.1,0.23333333333333334,0.03333333333333333,0.0,AI_0145,P37,AI,"A balanced view is that responsible use creates clear benefits. At the same time, unrestricted use can reduce focus. The stronger position usually depends on context, goals, and individual circumstances."
10.666666666666666,3,32,4.666666666666667,0.9375,0.0,0,0.0,1,0.03125,5.9375,0.13513513513513514,0.28125,0.09375,0.21875,0.09375,0.03125,AI_0146,P37,AI,"One reasonable perspective is that structured learning supports deeper understanding. However, it is also true that flexibility remains valuable for access. Careful evaluation of trade-offs leads to a more nuanced conclusion."
7.666666666666667,3,23,4.0,0.9130434782608695,0.0,0,0.0,0,0.0,6.695652173913044,0.20689655172413793,0.34782608695652173,0.08695652173913043,0.21739130434782608,0.17391304347826086,0.0,AI_0147,P37,AI,"In many cases, skills development matters beyond scores. Still, assessment still provides useful signals. Therefore, absolute claims are less useful than conditional recommendations."
8.333333333333334,3,25,4.0,0.96,0.3333333333333333,0,0.0,0,0.0,6.76,0.1935483870967742,0.36,0.2,0.08,0.08,0.0,AI_0148,P37,AI,"From an evidence-informed standpoint, technology can support learning effectively. Equally, integrity guidelines remain essential. Policy and personal choices should reflect both benefits and risks."
10.0,3,30,4.666666666666667,0.9333333333333333,0.0,0,0.0,0,0.0,5.6,0.16666666666666666,0.3333333333333333,0.1,0.23333333333333334,0.03333333333333333,0.0,AI_0149,P38,AI,"A balanced view is that responsible use creates clear benefits. At the same time, unrestricted use can reduce focus. The stronger position usually depends on context, goals, and individual circumstances."
10.666666666666666,3,32,4.666666666666667,0.9375,0.0,0,0.0,1,0.03125,5.9375,0.13513513513513514,0.28125,0.09375,0.21875,0.09375,0.03125,AI_0150,P38,AI,"One reasonable perspective is that structured learning supports deeper understanding. However, it is also true that flexibility remains valuable for access. Careful evaluation of trade-offs leads to a more nuanced conclusion."
7.666666666666667,3,23,4.0,0.9130434782608695,0.0,0,0.0,0,0.0,6.695652173913044,0.20689655172413793,0.34782608695652173,0.08695652173913043,0.21739130434782608,0.17391304347826086,0.0,AI_0151,P38,AI,"In many cases, skills development matters beyond scores. Still, assessment still provides useful signals. Therefore, absolute claims are less useful than conditional recommendations."
8.333333333333334,3,25,4.0,0.96,0.3333333333333333,0,0.0,0,0.0,6.76,0.1935483870967742,0.36,0.2,0.08,0.08,0.0,AI_0152,P38,AI,"From an evidence-informed standpoint, technology can support learning effectively. Equally, integrity guidelines remain essential. Policy and personal choices should reflect both benefits and risks."
10.0,3,30,4.666666666666667,0.9333333333333333,0.0,0,0.0,0,0.0,5.6,0.16666666666666666,0.3333333333333333,0.1,0.23333333333333334,0.03333333333333333,0.0,AI_0153,P39,AI,"A balanced view is that responsible use creates clear benefits. At the same time, unrestricted use can reduce focus. The stronger position usually depends on context, goals, and individual circumstances."
10.666666666666666,3,32,4.666666666666667,0.9375,0.0,0,0.0,1,0.03125,5.9375,0.13513513513513514,0.28125,0.09375,0.21875,0.09375,0.03125,AI_0154,P39,AI,"One reasonable perspective is that structured learning supports deeper understanding. However, it is also true that flexibility remains valuable for access. Careful evaluation of trade-offs leads to a more nuanced conclusion."
7.666666666666667,3,23,4.0,0.9130434782608695,0.0,0,0.0,0,0.0,6.695652173913044,0.20689655172413793,0.34782608695652173,0.08695652173913043,0.21739130434782608,0.17391304347826086,0.0,AI_0155,P39,AI,"In many cases, skills development matters beyond scores. Still, assessment still provides useful signals. Therefore, absolute claims are less useful than conditional recommendations."
8.333333333333334,3,25,4.0,0.96,0.3333333333333333,0,0.0,0,0.0,6.76,0.1935483870967742,0.36,0.2,0.08,0.08,0.0,AI_0156,P39,AI,"From an evidence-informed standpoint, technology can support learning effectively. Equally, integrity guidelines remain essential. Policy and personal choices should reflect both benefits and risks."
10.0,3,30,4.666666666666667,0.9333333333333333,0.0,0,0.0,0,0.0,5.6,0.16666666666666666,0.3333333333333333,0.1,0.23333333333333334,0.03333333333333333,0.0,AI_0157,P40,AI,"A balanced view is that responsible use creates clear benefits. At the same time, unrestricted use can reduce focus. The stronger position usually depends on context, goals, and individual circumstances."
10.666666666666666,3,32,4.666666666666667,0.9375,0.0,0,0.0,1,0.03125,5.9375,0.13513513513513514,0.28125,0.09375,0.21875,0.09375,0.03125,AI_0158,P40,AI,"One reasonable perspective is that structured learning supports deeper understanding. However, it is also true that flexibility remains valuable for access. Careful evaluation of trade-offs leads to a more nuanced conclusion."
7.666666666666667,3,23,4.0,0.9130434782608695,0.0,0,0.0,0,0.0,6.695652173913044,0.20689655172413793,0.34782608695652173,0.08695652173913043,0.21739130434782608,0.17391304347826086,0.0,AI_0159,P40,AI,"In many cases, skills development matters beyond scores. Still, assessment still provides useful signals. Therefore, absolute claims are less useful than conditional recommendations."
8.333333333333334,3,25,4.0,0.96,0.3333333333333333,0,0.0,0,0.0,6.76,0.1935483870967742,0.36,0.2,0.08,0.08,0.0,AI_0160,P40,AI,"From an evidence-informed standpoint, technology can support learning effectively. Equally, integrity guidelines remain essential. Policy and personal choices should reflect both benefits and risks."
10.666666666666666,3,32,4.666666666666667,0.9375,0.0,0,0.0,0,0.0,5.53125,0.13513513513513514,0.28125,0.15625,0.21875,0.0625,0.03125,AI_0161,P41,AI,"A practical approach is to set specific daily targets. In addition, review progress with a simple checklist. Consistency usually matters more than intensity, so track small progress and adjust your routine weekly."
10.333333333333334,3,31,4.333333333333333,0.967741935483871,0.5,0,0.0,1,0.03225806451612903,5.645161290322581,0.1388888888888889,0.3870967741935484,0.1935483870967742,0.16129032258064516,0.03225806451612903,0.06451612903225806,AI_0162,P41,AI,You can improve results by combining structure and recovery: protect consistent sleep hours. It also helps to use short focused study intervals. Clear priorities and adequate rest support long-term motivation.
8.25,4,33,4.5,0.9696969696969697,0.0,0,0.0,0,0.0,5.0,0.175,0.3333333333333333,0.18181818181818182,0.06060606060606061,0.06060606060606061,0.06060606060606061,AI_0163,P41,AI,"Start with manageable steps. First, reduce distractions during work blocks. Next, ask for feedback from peers. Review what worked at the end of each week and refine your plan without harsh self-judgment."
9.666666666666666,3,29,4.0,0.9655172413793104,0.0,0,0.0,0,0.0,6.551724137931035,0.12121212121212122,0.3793103448275862,0.13793103448275862,0.2413793103448276,0.034482758620689655,0.0,AI_0164,P41,AI,"Effective strategies often include planning and accountability. Try to break large tasks into smaller actions, and whenever possible schedule deliberate rest periods. Sustainable habits outperform short bursts of pressure."
10.0,3,30,4.333333333333333,0.9333333333333333,0.0,0,0.0,0,0.0,6.166666666666667,0.14285714285714285,0.3333333333333333,0.16666666666666666,0.16666666666666666,0.03333333333333333,0.03333333333333333,AI_0165,P42,AI,"In simple terms, the process follows identifiable stages. Equally important, outcomes depend on surrounding conditions. Understanding both the core mechanism and its broader impact makes the topic clearer for beginners."
10.333333333333334,3,31,4.333333333333333,0.967741935483871,0.3333333333333333,0,0.0,0,0.0,5.870967741935484,0.16216216216216217,0.3225806451612903,0.1935483870967742,0.12903225806451613,0.03225806451612903,0.0,AI_0166,P42,AI,"The concept can be summarized as follows: key components interact in a structured way. Furthermore, real-world applications vary by context. These points provide a concise foundation before exploring advanced details."
8.333333333333334,3,25,4.0,1.0,0.0,0,0.0,0,0.0,6.0,0.16666666666666666,0.36,0.08,0.16,0.08,0.0,AI_0167,P42,AI,"At a high level, the underlying mechanism is cause and effect. Relatedly, broader consequences affect communities. This explanation focuses on clarity rather than technical depth."
9.666666666666666,3,29,5.0,0.896551724137931,0.3333333333333333,0,0.0,0,0.0,6.103448275862069,0.14705882352941177,0.3103448275862069,0.1724137931034483,0.06896551724137931,0.10344827586206896,0.0,AI_0168,P42,AI,"A useful definition begins with the idea that definitions emphasize function over jargon. Additionally, examples make abstract ideas concrete. Together, these elements explain why the topic is widely discussed."
10.0,3,30,4.333333333333333,0.9,0.0,0,0.0,0,0.0,4.966666666666667,0.14285714285714285,0.36666666666666664,0.1,0.16666666666666666,0.03333333333333333,0.03333333333333333,AI_0169,P43,AI,"In a short scene, rain gathers on quiet rooftops. Moments later, a familiar object returns to its owner. The ending leaves a quiet sense of resolution without needing dramatic twists."
9.666666666666666,3,29,4.666666666666667,0.9310344827586207,0.0,0,0.0,0,0.0,5.448275862068965,0.14705882352941177,0.3103448275862069,0.20689655172413793,0.1724137931034483,0.0,0.0,AI_0170,P43,AI,"Imagine a setting where two strangers share a delayed journey. As the moment unfolds, conversation turns cautious hope into connection. The tone stays gentle, focusing on small human details."
9.666666666666666,3,29,4.333333333333333,0.9310344827586207,0.0,0,0.0,0,0.0,5.482758620689655,0.12121212121212122,0.3103448275862069,0.13793103448275862,0.1724137931034483,0.06896551724137931,0.0,AI_0171,P43,AI,"A compact narrative begins when an ordinary evening feels unusually vivid. Eventually, a small act of kindness closes the scene. The story emphasizes emotion and atmosphere over complex plot."
8.666666666666666,3,26,3.6666666666666665,1.0,0.0,0,0.0,0,0.0,5.884615384615385,0.1875,0.23076923076923078,0.23076923076923078,0.11538461538461539,0.23076923076923078,0.07692307692307693,AI_0172,P43,AI,"Consider this vignette: city lights reflect on wet pavement. Then, unexpectedly yet softly, someone rediscovers what mattered most. Such scenes work best when imagery remains concrete."
10.0,3,30,4.666666666666667,0.9333333333333333,0.0,0,0.0,0,0.0,5.6,0.16666666666666666,0.3333333333333333,0.1,0.23333333333333334,0.03333333333333333,0.0,AI_0173,P44,AI,"A balanced view is that responsible use creates clear benefits. At the same time, unrestricted use can reduce focus. The stronger position usually depends on context, goals, and individual circumstances."
10.666666666666666,3,32,4.666666666666667,0.9375,0.0,0,0.0,1,0.03125,5.9375,0.13513513513513514,0.28125,0.09375,0.21875,0.09375,0.03125,AI_0174,P44,AI,"One reasonable perspective is that structured learning supports deeper understanding. However, it is also true that flexibility remains valuable for access. Careful evaluation of trade-offs leads to a more nuanced conclusion."
7.666666666666667,3,23,4.0,0.9130434782608695,0.0,0,0.0,0,0.0,6.695652173913044,0.20689655172413793,0.34782608695652173,0.08695652173913043,0.21739130434782608,0.17391304347826086,0.0,AI_0175,P44,AI,"In many cases, skills development matters beyond scores. Still, assessment still provides useful signals. Therefore, absolute claims are less useful than conditional recommendations."
8.333333333333334,3,25,4.0,0.96,0.3333333333333333,0,0.0,0,0.0,6.76,0.1935483870967742,0.36,0.2,0.08,0.08,0.0,AI_0176,P44,AI,"From an evidence-informed standpoint, technology can support learning effectively. Equally, integrity guidelines remain essential. Policy and personal choices should reflect both benefits and risks."
10.666666666666666,3,32,4.666666666666667,0.9375,0.0,0,0.0,0,0.0,5.53125,0.13513513513513514,0.28125,0.15625,0.21875,0.0625,0.03125,AI_0177,P45,AI,"A practical approach is to set specific daily targets. In addition, review progress with a simple checklist. Consistency usually matters more than intensity, so track small progress and adjust your routine weekly."
10.333333333333334,3,31,4.333333333333333,0.967741935483871,0.5,0,0.0,1,0.03225806451612903,5.645161290322581,0.1388888888888889,0.3870967741935484,0.1935483870967742,0.16129032258064516,0.03225806451612903,0.06451612903225806,AI_0178,P45,AI,You can improve results by combining structure and recovery: protect consistent sleep hours. It also helps to use short focused study intervals. Clear priorities and adequate rest support long-term motivation.
8.25,4,33,4.5,0.9696969696969697,0.0,0,0.0,0,0.0,5.0,0.175,0.3333333333333333,0.18181818181818182,0.06060606060606061,0.06060606060606061,0.06060606060606061,AI_0179,P45,AI,"Start with manageable steps. First, reduce distractions during work blocks. Next, ask for feedback from peers. Review what worked at the end of each week and refine your plan without harsh self-judgment."
9.666666666666666,3,29,4.0,0.9655172413793104,0.0,0,0.0,0,0.0,6.551724137931035,0.12121212121212122,0.3793103448275862,0.13793103448275862,0.2413793103448276,0.034482758620689655,0.0,AI_0180,P45,AI,"Effective strategies often include planning and accountability. Try to break large tasks into smaller actions, and whenever possible schedule deliberate rest periods. Sustainable habits outperform short bursts of pressure."
